사물함번호,비밀번호
1,2798
2,2305
3,4714
4,9128
5,8009
6,3580
7,5056
8,2625
9,4049
10,7018
11,1276
12,1948
13,0333
14,2919
15,3751
16,5287
17,2010
18,2639
19,3131
20,8840
21,9726
22,5263
23,7189
24,7676
25,4252
26,8294
27,3224
28,8552
29,4582
30,7727
31,4001
32,0944
33,3355
34,3228
35,7500
36,5798
37,3686
38,6164
39,3043
40,4331
41,7753
42,8834
43,1551
44,7063
45,6288
46,3522
47,8177
48,5087
49,9574
50,9240
51,4870
52,0887
53,8692
54,4536
55,6141
56,7162
57,8014
58,4940
59,4799
60,3397
61,8791
62,0943
63,3303
64,1982
65,8235
66,6218
67,2175
68,8014
69,6317
70,6669
71,2129
72,3457
73,8779
74,1405
75,7314
76,7498
77,8107
78,7571
79,4950
80,3626
81,1745
82,9500
83,4973
84,4607
85,7397
86,4135
87,8204
88,2821
89,9473
90,6502
91,2985
92,4383
93,4022
94,2346
95,6011
96,6401
97,0879
98,7631
99,6651
100,1185
101,3086
102,3127
103,3693
104,5309
105,8337
106,5498
107,6115
108,3785
109,9671
110,4874
111,4703
112,2869
113,2288
114,5787
115,9099
116,2392
117,1424
118,8083
119,8495
120,9454
121,0564
122,2033
123,0254
124,5377
125,3870
126,7053
127,3561
128,1880
129,8755
130,6121
131,2635
132,6778
133,1327
134,8510
135,5631
136,9180
137,8815
138,7841
139,3789
140,2626
141,3534
142,7809
143,6356
144,3117
145,9766
146,6940
147,2049
148,1581
149,3609
150,1972
151,7576
152,2920
153,7768
154,7422
155,3854
156,4174
157,9829
158,4978
159,2078
160,0028
161,5196
162,1423
163,6647
164,4294
165,9717
166,3774
167,7143
168,5326
169,7812
170,6360
171,0796
172,7408
173,6458
174,9365
175,6032
176,2162
177,1658
178,0209
179,7327
180,7432
181,7212
182,7178
183,2973
184,2720
185,2976
186,5238
187,9870
188,9110
189,0613
190,8526
191,0750
192,8903
193,6011
194,7849
195,3398
196,2204
197,8451
198,9766
199,7316
200,3318
201,3845
202,5518
203,4471
204,5788
205,2070
206,0612
207,5981
208,6720
209,8227
210,0009
211,8367
212,1629
213,2217
214,5689
215,2760
216,8929
217,8571
218,6633
219,2354
220,7142
221,3277
222,5699
223,4055
224,8893
225,9530
226,6137
227,3024
228,4016
229,9113
230,0578
231,1840
232,6217
233,1120
234,9610
235,9358
236,5473
237,9347
238,3838
239,9850
240,2507
241,9988
242,9383
243,2726
244,5394
245,8128
246,2784
247,1887
248,9035
249,8280
250,2463
251,2535
252,6859
253,8369
254,3655
255,8527
256,3051
257,1427
258,5921
259,1695
260,4409
261,0770
262,2301
263,1887
264,2130
265,3823
266,5115
267,3971
268,3809
269,6725
270,9601
271,3777
272,1517
273,8791
274,2912
275,2288
276,4569
277,8469
278,4923
279,3308
280,3920
281,5007
282,8022
283,3991
284,6384
285,9955
286,4650
287,8773
288,6020
289,0589
290,2049
291,7321
292,3369
293,3544
294,6472
295,1708
296,0535
297,1800
298,1117
299,7677
300,3244
301,3370
302,0030
303,5281
304,5533
305,4085
306,2471
307,8381
308,0365
309,0057
310,5294
311,6442
312,4520
313,0659
314,6866
315,6270
316,4879
317,7026
318,4106
319,9296
320,8659
321,1401
322,9383
323,1026
324,5258
325,7280
326,3699
327,2227
328,2284
329,1266
330,5626
331,4291
332,8699
333,3566
334,1787
335,3060
336,1198
337,6465
338,5093
339,1807
340,4075
341,5822
342,1006
343,5641
344,0460
345,0678
346,5324
347,1452
348,9820
349,1460
350,5993
351,6260
352,9572
353,8191
354,2485
355,4037
356,7411
357,1024
358,5933
359,9625
360,2213
361,7231
362,5868
363,1182
364,2101
365,5686
366,4214
367,1407
368,7195
369,5771
370,4564
371,2005
372,8632
373,4322
374,8497
375,7441
376,0980
377,0231
378,7985
379,7613
380,6865
381,4653
382,5940
383,9128
384,5497
385,1764
386,4184
387,8887
388,3123
389,4103
390,6632
391,9639
392,7587
393,1322
394,7910
395,2529
396,4124
397,5613
398,8178
399,3443
400,8618
401,9711
402,4103
403,0908
404,7725
405,9472
406,2013
407,1165
408,5601
409,7876
410,3387
411,6165
412,9268
413,4395
414,5287
415,7644
416,8877
417,8815
418,8228
419,9202
420,4934
421,3512
422,0831
423,6378
424,1871
425,5136
426,6627
427,2517
428,9391
429,9229
430,6318
431,8897
432,5538
433,6826
434,2023
435,6968
436,3220
437,7256
438,7426
439,0604
440,1953
441,1469
442,8518
443,3669
444,3019
445,6584
446,4278
447,7854
448,9422
449,1176
450,1631
451,8512
452,4875
453,6464
454,5226
455,9274
456,0505
457,7578
458,8828
459,8641
460,6560
461,9437
462,4723
463,1726
464,8320
465,6397
466,5406
467,6083
468,2869
469,8258
470,4627
471,4929
472,8512
473,7854
474,9951
475,5900
476,5063
477,3114
478,7989
479,4960
480,9729
481,6749
482,7669
483,3693
484,4051
485,1295
486,7832
487,6135
488,1826
489,7209
490,7055
491,0087
492,1380
493,4475
494,9530
495,9476
496,5150
497,2754
498,2453
499,2659
500,9046
501,3922
502,6025
503,3246
504,6559
505,8904
506,7766
507,1297
508,6516
509,4086
510,7485
511,1988
512,3347
513,0117
514,3433
515,9241
516,2741
517,9185
518,0522
519,0337
520,0701
521,1059
522,8341
523,2979
524,0726
525,1135
526,7990
527,3423
528,2193
529,2964
530,5036
531,6389
532,3009
533,4483
534,4538
535,2539
536,4377
537,6695
538,6884
539,5082
540,0717
541,4353
542,6484
543,7515
544,3461
545,1388
546,6259
547,6101
548,2390
549,4484
550,6734
551,0474
552,6067
553,0690
554,8549
555,3448
556,6021
557,1131
558,3237
559,3115
560,5995
561,0592
562,9216
563,3604
564,7854
565,2083
566,7116
567,0511
568,4484
569,8281
570,0891
571,2278
572,4626
573,2428
574,6723
575,4926
576,1247
577,0829
578,7466
579,8955
580,4256
581,2906
582,4235
583,9925
584,6289
585,3651
586,7321
587,6576
588,1169
589,6372
590,0799
591,8390
592,3815
593,0225
594,1276
595,3963
596,9163
597,1951
598,0888
599,6638
600,9267
601,6791
602,5856
603,1667
604,5414
605,0306
606,5784
607,2269
608,9179
609,5749
610,1075
611,2050
612,0533
613,1455
614,2941
615,5917
616,2239
617,3075
618,7451
619,4527
620,1215
621,0898
622,6599
623,3739
624,0157
625,7438
626,5290
627,3385
628,9826
629,2938
630,7251
631,7378
632,9522
633,9198
634,7965
635,6568
636,1289
637,6773
638,3524
639,7133
640,9634
641,0458
642,5268
643,9470
644,9027
645,2265
646,9244
647,8902
648,5557
649,6272
650,0198
651,9392
652,0548
653,7594
654,2277
655,7538
656,6806
657,2437
658,2999
659,3295
660,6266
661,8181
662,6230
663,1526
664,9661
665,5738
666,1782
667,9797
668,4781
669,9344
670,5087
671,7693
672,9544
673,4176
674,2070
675,3364
676,0935
677,2556
678,9021
679,5502
680,8152
681,1491
682,4355
683,1309
684,9654
685,5851
686,9725
687,2420
688,7638
689,0435
690,3413
691,7380
692,7076
693,9835
694,3106
695,4250
696,8683
697,8605
698,7509
699,0320
700,9419
701,1446
702,0895
703,9873
704,9469
705,5213
706,8429
707,9227
708,5366
709,9383
710,7103
711,1226
712,3261
713,5959
714,0727
715,7987
716,8597
717,7625
718,5677
719,6766
720,1854
721,6548
722,8058
723,0869
724,8821
725,5034
726,8610
727,5259
728,2648
729,6585
730,8998
731,5431
732,9851
733,1454
734,5652
735,0991
736,9976
737,1896
738,6340
739,7290
740,0273
741,3828
742,7847
743,5222
744,6150
745,6189
746,8739
747,3858
748,1947
749,8288
750,2323
751,3671
752,8353
753,9444
754,7399
755,7523
756,6935
757,6881
758,2909
759,2495
760,3549
761,7075
762,2184
763,6210
764,1521
765,3132
766,8437
767,2578
768,3243
769,9228
770,3074
771,6952
772,5193
773,1023
774,3850
775,9887
776,6871
777,6197
778,4999
779,4209
780,8007
781,4714
782,0570
783,7272
784,3890
785,0199
786,8927
787,5561
788,7351
789,1829
790,8737
791,0718
792,8544
793,5016
794,5363
795,6367
796,2899
797,1772
798,5540
799,7050
800,5648
801,0153
802,5898
803,8409
804,7255
805,0508
806,3292
807,2106
808,2018
809,8988
810,6436
811,8477
812,2229
813,8931
814,5338
815,8636
816,0743
817,7610
818,3349
819,8121
820,3635
821,8664
822,9761
823,2372
824,5020
825,9436
826,9331
827,8988
828,1259
829,7828
830,1146
831,5457
832,8848
833,6542
834,6879
835,7538
836,0403
837,7200
838,5311
839,6276
840,3967
841,6885
842,6679
843,3297
844,6601
845,5267
846,9276
847,3493
848,9634
849,8715
850,2870
851,2918
852,3892
853,5392
854,9854
855,3937
856,3166
857,5270
858,9378
859,4764
860,3035
861,6644
862,3935
863,3927
864,6198
865,7876
866,2530
867,1119
868,7831
869,8527
870,1076
871,2961
872,2348
873,0808
874,2026
875,8289
876,5909
877,2421
878,0177
879,2521
880,2451
881,1390
882,2657
883,2885
884,6658
885,5707
886,0609
887,9989
888,6537
889,0038
890,4830
891,5292
892,4126
893,4199
894,6576
895,3708
896,8920
897,3010
898,6474
899,9927
900,0372
901,1991
902,1130
903,9851
904,2145
905,4745
906,0589
907,2493
908,8839
909,0525
910,7554
911,4165
912,2422
913,0260
914,9897
915,8918
916,4168
917,1193
918,7482
919,6118
920,7469
921,7559
922,3906
923,6430
924,3499
925,7465
926,2197
927,2554
928,4371
929,9285
930,5407
931,6760
932,8169
933,1984
934,7919
935,4779
936,7186
937,6506
938,8417
939,8647
940,7234
941,1297
942,3272
943,4573
944,1636
945,5815
946,0348
947,7848
948,0400
949,7781
950,6756
951,2518
952,5075
953,8286
954,5491
955,0075
956,0565
957,9999
958,6382
959,1992
960,4913
961,7670
962,9399
963,4108
964,6065
965,0170
966,8865
967,7686
968,5966
969,2138
970,3710
971,0404
972,5013
973,7723
974,8417
975,2597
976,7689
977,7812
978,3397
979,5212
980,5724
981,8175
982,5754
983,6263
984,8679
985,6502
986,0820
987,6581
988,4965
989,6266
990,6148
991,3171
992,9734
993,0474
994,5457
995,3188
996,4698
997,7309
998,1760
999,8316
1000,3158
1001,7837
1002,4351
1003,1049
1004,4765
1005,2182
1006,0384
1007,7310
1008,2774
1009,9757
1010,6315
1011,7166
1012,8984
1013,7420
1014,2988
1015,9944
1016,4919
1017,7748
1018,1895
1019,9634
1020,0327
1021,2022
1022,0425
1023,0475
1024,9123
1025,7034
1026,6644
1027,5979
1028,4400
1029,8065
1030,8243
1031,0443
1032,7530
1033,4134
1034,5987
1035,9370
1036,9003
1037,6599
1038,6688
1039,7701
1040,2044
1041,6505
1042,9271
1043,4878
1044,9632
1045,2652
1046,7995
1047,5317
1048,0977
1049,6095
1050,6850
1051,6537
1052,7412
1053,4870
1054,4081
1055,5366
1056,2387
1057,1559
1058,9585
1059,6583
1060,5962
1061,7087
1062,0441
1063,5280
1064,3017
1065,7598
1066,3977
1067,2739
1068,2688
1069,8684
1070,3266
1071,1929
1072,0128
1073,4732
1074,7342
1075,0459
1076,3483
1077,4547
1078,1560
1079,2591
1080,4217
1081,2974
1082,7720
1083,4708
1084,8475
1085,5406
1086,0012
1087,9582
1088,6065
1089,7465
1090,9084
1091,1635
1092,1941
1093,5262
1094,2913
1095,1606
1096,1352
1097,4961
1098,5309
1099,7528
1100,4929
1101,4293
1102,3478
1103,3544
1104,0910
1105,6983
1106,3696
1107,8817
1108,5789
1109,6301
1110,4313
1111,1266
1112,3376
1113,6574
1114,4825
1115,0677
1116,3575
1117,9215
1118,1093
1119,4628
1120,8095
1121,9773
1122,0591
1123,3161
1124,0521
1125,8546
1126,3346
1127,2823
1128,7830
1129,1568
1130,6261
1131,7335
1132,2405
1133,7392
1134,0989
1135,1782
1136,9353
1137,4303
1138,5304
1139,7662
1140,7838
1141,0735
1142,9838
1143,6854
1144,9651
1145,6021
1146,8080
1147,8948
1148,5135
1149,7873
1150,2639
1151,8081
1152,8439
1153,3601
1154,7514
1155,7801
1156,0324
1157,8416
1158,9918
1159,5093
1160,1346
1161,1322
1162,5780
1163,5790
1164,6218
1165,0624
1166,0301
1167,9853
1168,9420
1169,1141
1170,8836
1171,1001
1172,7125
1173,1255
1174,6474
1175,3011
1176,9302
1177,9177
1178,7828
1179,2960
1180,0095
1181,7318
1182,4976
1183,5145
1184,8958
1185,5711
1186,1162
1187,4919
1188,4804
1189,9845
1190,7176
1191,8319
1192,1618
1193,4538
1194,1687
1195,8124
1196,1207
1197,1103
1198,9830
1199,4461
1200,8909
1201,6012
1202,2180
1203,6251
1204,3894
1205,8365
1206,3731
1207,2457
1208,8549
1209,1893
1210,4017
1211,6400
1212,2884
1213,0183
1214,1496
1215,6179
1216,1109
1217,8683
1218,4513
1219,2459
1220,9385
1221,1845
1222,6809
1223,4746
1224,7882
1225,7491
1226,6424
1227,7617
1228,2916
1229,1058
1230,3167
1231,4198
1232,8069
1233,5688
1234,2961
1235,5545
1236,4114
1237,5974
1238,7403
1239,1552
1240,4902
1241,4822
1242,7779
1243,4210
1244,1338
1245,5041
1246,8771
1247,9515
1248,4869
1249,7482
1250,9095
1251,9215
1252,3128
1253,8394
1254,8324
1255,9517
1256,5724
1257,7908
1258,7067
1259,5735
1260,7681
1261,2508
1262,4199
1263,0921
1264,2124
1265,6536
1266,3946
1267,8376
1268,1932
1269,0097
1270,0130
1271,2961
1272,0785
1273,0361
1274,4202
1275,9537
1276,1416
1277,5489
1278,1721
1279,0802
1280,6120
1281,6095
1282,7795
1283,1226
1284,4899
1285,1121
1286,0742
1287,7443
1288,2656
1289,6192
1290,7433
1291,9625
1292,6356
1293,3037
1294,6957
1295,1427
1296,1456
1297,6937
1298,5451
1299,7376
1300,9082
1301,5727
1302,6447
1303,3973
1304,8915
1305,4612
1306,2657
1307,2411
1308,1958
1309,9935
1310,1485
1311,3374
1312,4930
1313,7955
1314,0029
1315,8783
1316,8174
1317,6432
1318,3924
1319,9016
1320,4060
1321,8330
1322,9177
1323,1153
1324,3188
1325,2956
1326,4202
1327,6271
1328,7343
1329,9409
1330,2216
1331,7754
1332,9434
1333,5680
1334,5404
1335,8552
1336,2688
1337,7026
1338,7520
1339,2792
1340,5989
1341,9773
1342,6320
1343,2248
1344,5075
1345,0528
1346,1309
1347,8000
1348,2338
1349,3553
1350,6876
1351,6117
1352,7681
1353,2804
1354,8334
1355,1068
1356,4821
1357,1819
1358,9106
1359,6547
1360,8195
1361,9641
1362,4029
1363,5682
1364,7538
1365,0244
1366,4281
1367,9360
1368,1864
1369,7521
1370,7975
1371,2069
1372,7004
1373,7223
1374,4940
1375,2522
1376,3668
1377,8941
1378,3160
1379,0280
1380,6389
1381,2757
1382,1765
1383,8265
1384,9312
1385,7758
1386,7697
1387,3914
1388,5091
1389,0144
1390,8564
1391,4894
1392,0371
1393,8735
1394,8810
1395,5523
1396,2604
1397,3678
1398,8989
1399,1245
1400,6988
1401,0808
1402,7667
1403,2102
1404,2943
1405,6350
1406,3112
1407,3179
1408,9046
1409,7500
1410,2761
1411,7139
1412,0151
1413,9309
1414,1635
1415,7849
1416,9277
1417,8816
1418,7028
1419,8387
1420,4699
1421,5011
1422,7209
1423,7604
1424,2469
1425,4175
1426,6375
1427,9141
1428,2786
1429,1503
1430,6159
1431,5450
1432,4112
1433,9176
1434,8085
1435,6548
1436,9992
1437,9984
1438,5895
1439,5609
1440,5592
1441,3307
1442,7509
1443,9548
1444,0419
1445,8345
1446,1739
1447,9176
1448,9318
1449,6961
1450,9864
1451,6037
1452,6378
1453,4240
1454,7697
1455,6650
1456,9011
1457,5636
1458,8516
1459,6752
1460,5645
1461,7611
1462,1139
1463,9893
1464,1181
1465,3746
1466,6530
1467,7727
1468,8621
1469,4834
1470,1127
1471,6711
1472,0371
1473,5569
1474,7759
1475,6689
1476,8373
1477,9397
1478,3854
1479,2649
1480,4466
1481,9466
1482,4571
1483,4082
1484,2084
1485,3713
1486,5045
1487,5930
1488,8758
1489,9554
1490,0469
1491,3526
1492,6747
1493,6104
1494,0704
1495,8052
1496,3808
1497,2501
1498,9144
1499,3576
1500,2539
1501,9500
1502,2539
1503,7789
1504,9122
1505,5812
1506,3976
1507,6005
1508,8577
1509,6627
1510,7428
1511,0841
1512,8600
1513,9587
1514,8619
1515,6457
1516,6775
1517,0211
1518,5507
1519,4228
1520,9424
1521,8385
1522,5792
1523,9696
1524,1179
1525,5698
1526,6971
1527,1643
1528,1044
1529,6434
1530,9527
1531,1469
1532,2768
1533,4470
1534,3899
1535,5235
1536,6795
1537,1632
1538,6020
1539,8128
1540,6732
1541,8466
1542,7221
1543,1527
1544,9654
1545,1139
1546,4285
1547,6379
1548,1255
1549,3456
1550,2030
1551,7200
1552,6015
1553,7137
1554,0560
1555,2885
1556,4244
1557,6141
1558,0493
1559,7033
1560,5693
1561,6070
1562,7152
1563,8077
1564,8695
1565,5033
1566,6575
1567,1917
1568,3053
1569,4385
1570,8125
1571,4574
1572,5592
1573,5033
1574,1783
1575,6778
1576,5652
1577,6275
1578,9083
1579,4074
1580,4496
1581,9522
1582,4038
1583,5749
1584,2408
1585,8338
1586,8778
1587,0620
1588,9995
1589,0627
1590,4018
1591,0124
1592,5760
1593,2703
1594,3458
1595,9810
1596,5821
1597,9281
1598,8565
1599,0140
1600,7885
1601,6458
1602,3241
1603,1877
1604,8910
1605,8424
1606,5769
1607,7356
1608,8319
1609,8029
1610,5561
1611,4011
1612,0891
1613,6263
1614,5280
1615,9437
1616,2071
1617,8829
1618,7141
1619,4986
1620,9433
1621,7596
1622,8165
1623,2572
1624,8482
1625,0178
1626,6078
1627,2341
1628,3567
1629,7291
1630,8321
1631,7965
1632,4375
1633,1073
1634,1333
1635,5583
1636,0189
1637,6380
1638,4629
1639,6297
1640,9599
1641,3159
1642,9053
1643,3043
1644,9743
1645,5599
1646,2374
1647,8547
1648,5761
1649,5907
1650,5772
1651,1595
1652,6326
1653,2360
1654,4163
1655,9236
1656,6092
1657,8642
1658,1993
1659,8396
1660,1938
1661,1493
1662,3811
1663,3872
1664,2705
1665,8756
1666,8550
1667,6114
1668,4388
1669,1657
1670,2256
1671,4792
1672,3601
1673,3914
1674,7994
1675,9063
1676,1629
1677,1961
1678,3676
1679,2316
1680,1556
1681,5677
1682,1969
1683,3454
1684,6780
1685,0305
1686,0032
1687,8556
1688,7137
1689,5903
1690,8393
1691,0883
1692,4589
1693,6437
1694,8636
1695,8523
1696,8521
1697,3640
1698,2706
1699,2905
1700,7829
1701,4615
1702,0666
1703,0482
1704,7285
1705,8477
1706,2593
1707,1799
1708,6800
1709,2371
1710,1661
1711,8914
1712,1485
1713,6901
1714,0711
1715,8200
1716,9712
1717,1965
1718,9204
1719,1052
1720,1181
1721,7501
1722,4348
1723,3760
1724,5037
1725,5104
1726,7343
1727,7280
1728,7830
1729,1284
1730,3703
1731,3997
1732,0813
1733,8656
1734,7215
1735,4686
1736,8474
1737,9662
1738,9374
1739,0555
1740,6465
1741,9613
1742,4326
1743,5191
1744,8021
1745,7546
1746,6583
1747,1436
1748,1858
1749,9317
1750,0374
1751,6616
1752,4481
1753,8376
1754,5970
1755,4116
1756,8216
1757,0315
1758,5182
1759,0630
1760,1171
1761,7757
1762,1033
1763,1734
1764,4965
1765,4157
1766,5173
1767,5410
1768,9697
1769,6912
1770,4645
1771,7387
1772,7204
1773,5393
1774,1109
1775,1550
1776,1237
1777,0459
1778,4104
1779,9670
1780,7183
1781,4839
1782,3029
1783,6256
1784,9456
1785,0786
1786,5755
1787,3536
1788,9240
1789,2237
1790,3640
1791,2992
1792,0078
1793,8239
1794,2163
1795,5817
1796,4064
1797,8788
1798,1770
1799,7449
1800,8030
1801,8012
1802,1352
1803,7071
1804,7366
1805,1179
1806,8337
1807,4665
1808,0960
1809,3085
1810,0886
1811,9033
1812,4043
1813,8934
1814,4190
1815,1673
1816,2344
1817,4840
1818,8650
1819,3103
1820,4503
1821,0567
1822,1584
1823,6644
1824,4231
1825,7625
1826,1090
1827,4113
1828,9186
1829,9652
1830,3282
1831,3973
1832,3390
1833,5827
1834,5404
1835,6561
1836,1339
1837,2676
1838,4073
1839,6374
1840,2045
1841,3427
1842,3315
1843,0653
1844,3725
1845,8393
1846,2642
1847,9346
1848,8728
1849,2687
1850,3707
1851,1221
1852,1483
1853,2632
1854,5166
1855,8601
1856,4734
1857,2845
1858,2360
1859,5280
1860,9603
1861,1205
1862,0305
1863,0469
1864,4600
1865,5909
1866,9313
1867,3541
1868,5411
1869,0815
1870,1848
1871,7056
1872,0616
1873,7443
1874,4924
1875,1179
1876,4963
1877,0897
1878,8106
1879,0546
1880,7469
1881,9965
1882,4609
1883,2613
1884,7779
1885,0357
1886,1360
1887,7422
1888,1835
1889,2988
1890,5970
1891,1432
1892,4283
1893,6358
1894,8049
1895,2157
1896,7419
1897,5195
1898,6573
1899,4319
1900,8810
1901,9103
1902,0117
1903,5763
1904,1465
1905,7935
1906,5379
1907,5254
1908,3918
1909,8723
1910,2301
1911,5220
1912,9921
1913,1035
1914,2015
1915,7811
1916,6845
1917,6171
1918,6771
1919,0713
1920,4754
1921,1210
1922,3500
1923,6074
1924,7132
1925,0330
1926,4273
1927,6119
1928,7555
1929,6028
1930,5940
1931,2810
1932,8391
1933,9530
1934,4943
1935,3075
1936,2616
1937,4549
1938,6129
1939,6101
1940,8769
1941,9889
1942,3311
1943,3521
1944,5896
1945,0858
1946,9888
1947,6465
1948,8860
1949,8866
1950,8146
1951,1618
1952,8520
1953,2350
1954,7261
1955,2026
1956,7444
1957,7398
1958,4216
1959,2715
1960,6198
1961,7005
1962,9582
1963,7526
1964,3009
1965,7440
1966,1670
1967,1456
1968,7304
1969,1861
1970,3317
1971,9437
1972,3591
1973,6388
1974,2716
1975,6116
1976,3019
1977,4424
1978,9640
1979,1277
1980,6237
1981,5092
1982,0833
1983,4794
1984,7304
1985,0439
1986,2045
1987,1321
1988,5393
1989,1543
1990,7511
1991,7347
1992,4503
1993,2219
1994,8817
1995,2277
1996,6620
1997,6848
1998,9041
1999,1618
2000,0982
2001,7141
2002,3756
2003,0378
2004,4113
2005,8164
2006,6288
2007,3758
2008,1584
2009,2158
2010,8030
2011,4194
2012,3112
2013,3622
2014,2403
2015,3888
2016,0256
2017,9400
2018,1992
2019,8176
2020,6373
2021,8383
2022,2630
2023,4082
2024,6122
2025,9092
2026,0749
2027,5500
2028,8253
2029,1576
2030,1184
2031,1997
2032,2975
2033,7412
2034,6156
2035,8381
2036,3914
2037,6763
2038,3803
2039,6349
2040,4281
2041,5547
2042,6782
2043,6183
2044,3736
2045,6836
2046,8305
2047,4337
2048,9187
2049,9005
2050,0685
2051,5965
2052,5754
2053,2767
2054,9555
2055,9484
2056,3986
2057,5780
2058,4098
2059,0187
2060,4929
2061,1705
2062,5414
2063,5963
2064,9251
2065,9031
2066,4802
2067,1304
2068,4737
2069,1831
2070,1909
2071,1710
2072,8541
2073,4280
2074,1867
2075,4001
2076,4927
2077,6838
2078,5585
2079,9614
2080,0993
2081,3537
2082,4186
2083,7914
2084,0221
2085,9022
2086,4046
2087,8655
2088,9213
2089,6156
2090,4765
2091,4954
2092,2434
2093,6724
2094,2751
2095,6700
2096,0684
2097,7068
2098,1617
2099,2156
2100,1510
2101,9759
2102,0217
2103,5160
2104,1271
2105,0800
2106,0532
2107,4777
2108,0664
2109,5012
2110,2661
2111,5719
2112,5295
2113,0361
2114,3113
2115,3734
2116,0849
2117,9660
2118,5230
2119,7442
2120,4307
2121,9658
2122,7264
2123,0309
2124,7869
2125,3368
2126,8902
2127,4229
2128,9342
2129,8324
2130,3301
2131,0727
2132,0365
2133,4612
2134,2045
2135,0388
2136,2790
2137,4095
2138,5619
2139,0074
2140,3136
2141,1247
2142,0275
2143,4464
2144,8936
2145,8317
2146,0347
2147,5520
2148,2009
2149,9259
2150,3683
2151,5662
2152,9701
2153,7001
2154,6536
2155,6561
2156,5519
2157,0468
2158,6154
2159,4380
2160,4411
2161,4726
2162,2294
2163,9253
2164,9073
2165,9892
2166,5925
2167,8920
2168,5729
2169,5095
2170,3117
2171,7986
2172,2167
2173,8699
2174,0132
2175,2771
2176,1673
2177,6144
2178,9973
2179,6225
2180,7645
2181,9844
2182,0131
2183,0833
2184,7538
2185,5896
2186,6959
2187,0749
2188,5955
2189,0565
2190,2763
2191,8174
2192,3289
2193,3701
2194,9589
2195,2940
2196,4681
2197,8127
2198,8845
2199,3716
2200,2954
2201,5918
2202,2143
2203,1147
2204,1208
2205,5422
2206,0548
2207,9927
2208,6021
2209,2541
2210,3752
2211,6505
2212,0683
2213,3087
2214,9627
2215,0360
2216,0124
2217,5404
2218,4543
2219,0050
2220,6984
2221,3127
2222,1949
2223,1952
2224,0990
2225,8832
2226,0153
2227,5010
2228,4765
2229,8466
2230,1416
2231,6271
2232,7018
2233,2553
2234,5929
2235,1498
2236,4590
2237,3993
2238,3104
2239,4938
2240,4989
2241,1122
2242,2130
2243,6235
2244,6504
2245,5332
2246,8683
2247,3678
2248,6988
2249,4474
2250,0208
2251,8270
2252,8029
2253,1513
2254,2140
2255,9666
2256,5148
2257,6517
2258,1130
2259,9106
2260,3435
2261,3017
2262,8892
2263,5999
2264,7221
2265,1282
2266,4815
2267,9673
2268,3611
2269,3972
2270,5739
2271,4574
2272,9765
2273,2077
2274,8638
2275,7502
2276,0961
2277,0524
2278,8023
2279,8633
2280,2552
2281,2716
2282,5126
2283,9392
2284,5043
2285,3436
2286,9484
2287,0328
2288,1688
2289,3512
2290,6909
2291,2539
2292,4920
2293,3342
2294,6247
2295,6561
2296,0944
2297,9413
2298,5315
2299,0712
2300,6589
2301,8641
2302,6006
2303,0869
2304,5390
2305,1393
2306,7359
2307,1612
2308,6596
2309,7773
2310,3018
2311,1651
2312,1239
2313,8425
2314,8029
2315,4536
2316,3183
2317,3147
2318,0614
2319,5240
2320,2341
2321,7980
2322,7051
2323,6364
2324,8989
2325,5926
2326,1319
2327,4935
2328,0373
2329,9000
2330,6853
2331,5053
2332,6012
2333,6552
2334,4908
2335,3170
2336,0209
2337,6930
2338,3238
2339,6351
2340,2731
2341,1004
2342,2216
2343,9498
2344,4669
2345,5263
2346,2553
2347,7132
2348,9307
2349,0510
2350,2040
2351,0219
2352,5727
2353,1284
2354,0252
2355,4799
2356,9524
2357,2321
2358,2444
2359,7107
2360,7299
2361,8095
2362,2927
2363,9927
2364,5104
2365,6700
2366,1688
2367,3478
2368,2618
2369,9014
2370,9905
2371,3391
2372,2540
2373,3523
2374,3636
2375,5787
2376,1922
2377,4737
2378,8874
2379,8593
2380,7540
2381,3225
2382,2936
2383,4621
2384,5354
2385,0961
2386,7685
2387,8187
2388,6840
2389,8353
2390,3387
2391,6849
2392,9423
2393,0310
2394,8517
2395,3474
2396,2983
2397,0518
2398,7596
2399,2525
2400,9342
2401,2022
2402,3452
2403,3848
2404,6272
2405,7031
2406,6878
2407,1902
2408,3974
2409,6190
2410,9589
2411,8481
2412,9174
2413,9805
2414,3482
2415,0986
2416,1755
2417,3840
2418,7940
2419,7482
2420,2419
2421,6975
2422,2706
2423,5385
2424,7512
2425,9370
2426,7824
2427,2460
2428,3010
2429,8074
2430,3599
2431,3210
2432,9415
2433,8079
2434,3559
2435,9900
2436,4135
2437,0161
2438,3544
2439,6340
2440,1089
2441,0521
2442,1758
2443,1586
2444,9854
2445,8703
2446,9207
2447,2956
2448,3103
2449,2829
2450,6624
2451,8800
2452,4084
2453,5321
2454,2834
2455,7472
2456,4807
2457,4974
2458,9997
2459,9489
2460,2786
2461,2919
2462,6992
2463,4294
2464,0684
2465,9323
2466,2652
2467,6807
2468,0347
2469,8319
2470,8024
2471,9996
2472,7719
2473,6458
2474,2648
2475,8712
2476,9745
2477,8318
2478,5905
2479,6976
2480,3259
2481,8793
2482,3527
2483,3357
2484,4783
2485,8008
2486,1661
2487,6958
2488,5402
2489,8322
2490,2138
2491,1969
2492,7338
2493,3038
2494,6205
2495,9606
2496,2026
2497,9815
2498,4987
2499,1260
2500,9522
2501,2128
2502,6414
2503,8325
2504,7764
2505,6450
2506,9765
2507,8111
2508,2595
2509,1206
2510,6349
2511,1853
2512,6940
2513,4066
2514,7973
2515,1556
2516,6828
2517,7845
2518,4627
2519,0876
2520,9978
2521,9415
2522,5348
2523,1242
2524,6148
2525,9350
2526,4295
2527,1482
2528,5223
2529,7149
2530,4520
2531,6173
2532,9222
2533,2014
2534,5313
2535,6233
2536,5302
2537,8515
2538,9762
2539,4876
2540,5801
2541,6027
2542,8370
2543,0383
2544,9208
2545,3142
2546,3954
2547,6758
2548,4589
2549,0587
2550,1467
2551,6668
2552,7579
2553,6542
2554,6938
2555,3078
2556,6115
2557,6246
2558,0502
2559,2406
2560,1842
2561,4599
2562,1122
2563,1228
2564,4459
2565,2483
2566,2127
2567,7617
2568,5244
2569,6786
2570,2274
2571,7530
2572,8474
2573,3670
2574,6840
2575,5219
2576,9629
2577,6667
2578,4499
2579,9774
2580,7974
2581,6803
2582,0688
2583,9924
2584,3872
2585,9066
2586,2773
2587,0646
2588,8302
2589,0863
2590,6109
2591,0639
2592,1072
2593,2414
2594,4881
2595,9275
2596,7578
2597,8067
2598,5371
2599,3112
2600,5888
2601,8327
2602,1536
2603,2123
2604,5795
2605,3469
2606,4577
2607,1589
2608,1521
2609,1244
2610,2047
2611,5706
2612,9099
2613,1604
2614,2267
2615,8755
2616,9717
2617,8892
2618,4425
2619,2104
2620,9651
2621,3347
2622,6961
2623,7100
2624,6063
2625,5515
2626,7533
2627,8707
2628,9220
2629,0520
2630,0165
2631,0937
2632,8043
2633,3932
2634,0001
2635,8231
2636,7846
2637,7869
2638,2540
2639,3142
2640,9660
2641,8836
2642,6691
2643,1695
2644,8044
2645,2526
2646,2024
2647,3690
2648,0268
2649,7342
2650,4921
2651,1077
2652,9306
2653,1284
2654,4112
2655,1174
2656,4610
2657,1933
2658,1769
2659,3549
2660,7883
2661,9574
2662,6174
2663,0759
2664,0097
2665,1396
2666,2804
2667,7905
2668,0838
2669,3471
2670,4745
2671,9836
2672,3143
2673,3067
2674,2030
2675,7005
2676,4893
2677,9607
2678,8463
2679,8796
2680,5664
2681,6224
2682,9313
2683,7051
2684,8448
2685,3626
2686,7204
2687,6351
2688,8658
2689,8119
2690,3830
2691,7171
2692,4464
2693,3423
2694,8848
2695,4386
2696,7269
2697,4950
2698,6379
2699,1317
2700,4321
2701,4316
2702,5423
2703,0618
2704,3754
2705,7964
2706,6730
2707,3244
2708,3588
2709,0787
2710,5851
2711,6671
2712,1976
2713,7561
2714,7112
2715,8809
2716,2463
2717,0345
2718,2201
2719,1245
2720,3052
2721,3275
2722,1845
2723,0015
2724,7457
2725,0092
2726,4462
2727,9723
2728,1493
2729,7720
2730,3173
2731,6113
2732,2253
2733,0208
2734,1811
2735,0659
2736,2908
2737,5734
2738,2718
2739,6769
2740,4479
2741,9734
2742,0979
2743,4651
2744,5514
2745,2282
2746,9399
2747,0805
2748,1651
2749,8672
2750,5692
2751,7211
2752,1382
2753,5521
2754,0722
2755,3431
2756,1020
2757,2666
2758,2680
2759,7862
2760,8360
2761,3747
2762,0289
2763,4084
2764,7488
2765,0130
2766,5984
2767,6629
2768,0632
2769,1215
2770,1199
2771,3972
2772,4696
2773,6530
2774,3278
2775,6538
2776,6721
2777,0693
2778,5539
2779,8672
2780,1568
2781,9799
2782,2305
2783,2158
2784,6956
2785,7817
2786,1296
2787,3958
2788,7917
2789,3518
2790,8509
2791,1048
2792,3636
2793,6150
2794,4146
2795,6966
2796,7545
2797,0776
2798,1024
2799,9667
2800,1988
2801,8534
2802,9077
2803,1791
2804,1934
2805,4968
2806,4594
2807,5897
2808,1125
2809,6183
2810,2804
2811,1947
2812,1076
2813,6427
2814,2321
2815,0498
2816,8115
2817,3626
2818,9652
2819,2234
2820,7248
2821,6283
2822,6041
2823,1008
2824,4618
2825,4603
2826,7255
2827,1836
2828,3947
2829,7242
2830,7945
2831,3025
2832,9122
2833,6425
2834,6486
2835,5108
2836,7822
2837,4584
2838,3334
2839,9674
2840,7212
2841,7585
2842,7391
2843,9970
2844,0697
2845,8602
2846,2765
2847,6989
2848,5100
2849,8463
2850,8988
2851,8942
2852,6286
2853,2775
2854,7690
2855,6688
2856,3108
2857,6535
2858,5594
2859,8474
2860,2005
2861,1911
2862,6164
2863,5523
2864,5040
2865,0201
2866,6727
2867,6061
2868,4093
2869,1076
2870,9808
2871,2035
2872,6689
2873,9972
2874,9444
2875,7674
2876,9025
2877,7853
2878,2698
2879,2125
2880,6997
2881,5209
2882,7507
2883,1105
2884,1376
2885,9579
2886,6123
2887,9114
2888,8654
2889,2236
2890,7459
2891,1915
2892,7527
2893,4677
2894,4958
2895,2753
2896,4173
2897,7475
2898,0621
2899,3194
2900,3076
2901,6742
2902,9266
2903,1391
2904,5671
2905,3104
2906,9993
2907,8854
2908,1141
2909,4247
2910,1725
2911,7600
2912,4326
2913,8341
2914,4786
2915,8857
2916,4706
2917,1942
2918,9174
2919,2579
2920,1528
2921,7388
2922,2425
2923,4230
2924,2040
2925,3779
2926,6669
2927,8411
2928,6475
2929,1010
2930,0749
2931,9238
2932,4446
2933,2591
2934,0795
2935,7336
2936,4213
2937,4837
2938,8500
2939,1884
2940,3358
2941,3186
2942,4353
2943,0853
2944,4785
2945,7376
2946,2052
2947,7286
2948,6920
2949,1502
2950,7635
2951,6583
2952,8794
2953,6737
2954,6078
2955,8424
2956,5143
2957,0091
2958,6545
2959,0770
2960,5319
2961,8796
2962,4076
2963,8752
2964,9091
2965,2536
2966,8698
2967,6431
2968,5936
2969,4779
2970,0165
2971,6559
2972,2167
2973,1844
2974,5496
2975,6256
2976,4384
2977,2798
2978,1499
2979,5688
2980,4755
2981,2161
2982,0795
2983,6735
2984,0172
2985,3799
2986,7295
2987,7743
2988,5115
2989,3279
2990,1188
2991,1363
2992,8330
2993,9202
2994,7142
2995,1664
2996,7350
2997,5368
2998,1479
2999,2407
3000,0552
3001,3044
3002,2332
3003,0533
3004,7375
3005,3581
3006,5316
3007,4994
3008,5564
3009,5188
3010,2220
3011,8445
3012,3712
3013,6969
3014,0918
3015,1773
3016,2704
3017,3197
3018,7616
3019,9657
3020,4050
3021,0135
3022,5052
3023,1618
3024,2076
3025,5036
3026,1405
3027,9295
3028,4453
3029,9797
3030,1461
3031,3034
3032,1736
3033,4207
3034,9589
3035,0344
3036,7142
3037,9648
3038,9245
3039,7189
3040,0725
3041,9669
3042,7133
3043,8663
3044,2602
3045,9294
3046,7303
3047,1179
3048,2746
3049,7907
3050,3208
3051,4388
3052,3933
3053,1799
3054,4540
3055,7442
3056,6284
3057,9376
3058,2705
3059,5476
3060,4184
3061,4125
3062,7224
3063,4088
3064,8484
3065,4526
3066,1186
3067,0459
3068,2782
3069,1389
3070,1499
3071,9792
3072,0964
3073,4676
3074,3190
3075,3777
3076,6693
3077,5484
3078,7257
3079,7480
3080,3793
3081,3839
3082,8301
3083,7911
3084,9859
3085,5956
3086,4046
3087,8327
3088,5419
3089,5245
3090,1043
3091,4682
3092,9518
3093,9369
3094,4294
3095,2508
3096,6354
3097,6625
3098,9291
3099,9203
3100,0710
3101,5923
3102,2748
3103,3030
3104,8127
3105,7586
3106,5490
3107,7075
3108,8694
3109,0085
3110,8751
3111,0421
3112,4918
3113,6106
3114,1178
3115,4275
3116,9598
3117,9880
3118,5074
3119,1692
3120,6246
3121,6355
3122,6298
3123,9392
3124,6700
3125,8856
3126,2734
3127,2361
3128,1356
3129,4125
3130,7346
3131,0636
3132,8580
3133,2183
3134,5786
3135,1876
3136,7076
3137,4726
3138,5498
3139,7822
3140,1135
3141,9311
3142,0374
3143,2798
3144,9765
3145,8725
3146,8914
3147,2496
3148,5263
3149,8908
3150,8738
3151,5801
3152,3382
3153,8614
3154,6687
3155,4993
3156,8223
3157,0194
3158,5459
3159,5427
3160,1700
3161,6080
3162,6226
3163,7176
3164,3037
3165,3018
3166,4731
3167,3803
3168,0258
3169,0635
3170,7761
3171,7039
3172,7228
3173,0398
3174,9136
3175,7207
3176,1388
3177,4368
3178,6385
3179,6318
3180,1223
3181,6145
3182,8939
3183,1918
3184,6456
3185,0121
3186,2783
3187,9486
3188,7134
3189,3139
3190,9917
3191,9540
3192,3515
3193,0998
3194,8083
3195,4147
3196,2238
3197,7779
3198,8993
3199,6026
3200,6529
3201,1979
3202,8062
3203,0737
3204,8584
3205,5763
3206,4936
3207,2929
3208,0189
3209,4367
3210,9670
3211,5820
3212,3326
3213,0593
3214,7816
3215,7103
3216,7463
3217,5907
3218,7776
3219,1497
3220,3664
3221,9737
3222,8230
3223,9999
3224,7017
3225,9791
3226,8092
3227,5490
3228,8768
3229,9560
3230,6507
3231,1305
3232,8249
3233,7876
3234,7615
3235,6385
3236,8892
3237,2435
3238,4364
3239,2322
3240,1679
3241,8583
3242,3743
3243,4624
3244,9679
3245,3727
3246,9679
3247,9652
3248,6469
3249,8644
3250,6851
3251,5425
3252,0010
3253,0152
3254,0000
3255,3046
3256,2795
3257,0400
3258,0391
3259,3536
3260,7809
3261,9325
3262,1279
3263,7175
3264,3072
3265,4651
3266,2667
3267,0311
3268,2495
3269,2638
3270,6624
3271,4327
3272,0962
3273,1931
3274,2980
3275,1007
3276,7620
3277,6677
3278,9184
3279,4727
3280,6172
3281,3813
3282,2159
3283,0520
3284,4229
3285,1386
3286,9821
3287,9344
3288,7950
3289,9396
3290,6055
3291,7332
3292,8141
3293,6942
3294,6077
3295,8398
3296,3736
3297,1571
3298,5786
3299,3246
3300,2342
3301,8162
3302,1251
3303,4989
3304,2790
3305,3030
3306,5538
3307,8760
3308,9466
3309,0200
3310,6616
3311,1482
3312,5680
3313,5696
3314,4642
3315,3746
3316,5221
3317,6529
3318,5645
3319,7290
3320,4812
3321,8803
3322,6617
3323,2894
3324,3180
3325,3644
3326,9940
3327,5645
3328,9383
3329,0595
3330,9579
3331,0996
3332,7534
3333,9486
3334,5619
3335,7771
3336,6508
3337,8170
3338,6877
3339,3558
3340,9763
3341,0570
3342,8926
3343,9067
3344,5286
3345,8545
3346,8421
3347,2809
3348,0443
3349,3899
3350,3607
3351,2901
3352,0889
3353,4372
3354,1878
3355,9321
3356,8516
3357,8490
3358,3212
3359,2124
3360,0969
3361,1450
3362,4698
3363,3723
3364,3408
3365,3365
3366,3698
3367,1741
3368,1595
3369,8205
3370,2231
3371,1437
3372,1467
3373,3256
3374,1503
3375,1368
3376,5589
3377,6745
3378,2511
3379,0266
3380,4128
3381,2907
3382,1963
3383,0221
3384,5946
3385,7578
3386,8015
3387,0234
3388,7797
3389,4485
3390,7343
3391,9152
3392,2010
3393,3402
3394,6329
3395,0500
3396,1702
3397,3880
3398,0563
3399,4801
3400,8428
3401,6127
3402,1240
3403,9228
3404,8340
3405,1534
3406,2252
3407,1738
3408,7353
3409,2891
3410,3147
3411,1693
3412,9009
3413,9018
3414,6341
3415,9798
3416,3229
3417,5102
3418,2373
3419,1164
3420,2984
3421,6306
3422,8312
3423,5081
3424,4035
3425,6499
3426,0326
3427,6075
3428,5857
3429,8212
3430,5710
3431,7330
3432,5760
3433,7857
3434,2617
3435,6827
3436,2987
3437,0080
3438,8462
3439,9339
3440,7632
3441,1510
3442,1271
3443,5507
3444,3629
3445,7135
3446,4564
3447,5617
3448,3370
3449,1039
3450,8098
3451,3755
3452,5864
3453,9711
3454,7330
3455,7228
3456,5628
3457,5930
3458,9100
3459,0198
3460,9181
3461,7334
3462,2440
3463,7824
3464,9950
3465,5821
3466,8144
3467,7584
3468,9269
3469,8095
3470,1058
3471,3646
3472,4280
3473,9081
3474,6258
3475,0594
3476,4738
3477,7255
3478,2419
3479,6627
3480,2768
3481,6979
3482,0109
3483,3083
3484,1776
3485,5749
3486,9041
3487,7383
3488,8542
3489,7722
3490,1364
3491,2581
3492,8199
3493,6091
3494,9219
3495,3823
3496,1671
3497,6692
3498,0811
3499,7588
3500,4194
3501,8348
3502,9920
3503,5565
3504,9026
3505,2487
3506,7366
3507,4066
3508,1069
3509,0644
3510,8087
3511,2852
3512,1782
3513,3832
3514,5990
3515,1461
3516,3538
3517,3604
3518,7735
3519,7609
3520,7003
3521,8632
3522,1212
3523,1361
3524,6924
3525,6498
3526,3817
3527,5155
3528,2956
3529,0975
3530,8132
3531,7562
3532,2249
3533,5079
3534,3031
3535,9235
3536,9719
3537,8264
3538,6202
3539,4990
3540,8249
3541,8967
3542,9197
3543,0214
3544,3851
3545,7859
3546,3341
3547,4593
3548,8633
3549,3599
3550,4257
3551,4800
3552,2376
3553,5508
3554,7813
3555,3172
3556,2108
3557,8276
3558,9252
3559,1307
3560,3852
3561,7859
3562,7099
3563,2181
3564,6568
3565,7587
3566,9655
3567,9437
3568,6168
3569,5738
3570,5714
3571,8229
3572,3089
3573,2771
3574,4723
3575,0614
3576,9485
3577,0705
3578,7972
3579,6071
3580,3199
3581,0909
3582,6154
3583,7391
3584,8540
3585,0702
3586,6063
3587,9891
3588,0518
3589,4215
3590,0427
3591,0447
3592,2280
3593,1320
3594,9858
3595,3758
3596,5328
3597,4439
3598,9759
3599,3399
3600,8409
3601,4135
3602,6858
3603,1363
3604,3794
3605,3311
3606,8226
3607,2933
3608,1527
3609,4359
3610,1400
3611,2354
3612,3850
3613,0956
3614,5761
3615,6631
3616,2127
3617,2626
3618,0601
3619,6373
3620,6080
3621,3808
3622,2315
3623,6482
3624,3098
3625,1145
3626,6538
3627,1574
3628,5409
3629,2019
3630,8474
3631,8902
3632,9548
3633,5921
3634,7373
3635,1787
3636,2827
3637,6523
3638,5492
3639,4057
3640,5624
3641,9586
3642,8895
3643,9318
3644,5031
3645,0930
3646,0931
3647,3304
3648,7508
3649,4671
3650,7225
3651,3863
3652,2508
3653,9536
3654,7774
3655,5420
3656,3413
3657,7517
3658,1440
3659,8694
3660,3748
3661,0540
3662,5951
3663,8510
3664,1507
3665,2649
3666,4886
3667,4053
3668,0634
3669,6195
3670,9759
3671,7622
3672,6303
3673,1009
3674,4808
3675,4388
3676,9485
3677,2763
3678,4053
3679,8160
3680,8334
3681,3411
3682,7391
3683,1082
3684,7814
3685,8782
3686,9960
3687,3251
3688,2085
3689,5422
3690,1125
3691,0919
3692,0877
3693,7679
3694,9524
3695,9053
3696,4180
3697,0031
3698,0797
3699,4227
3700,1056
3701,0263
3702,2355
3703,5654
3704,5949
3705,9450
3706,5480
3707,4335
3708,8567
3709,8259
3710,6526
3711,9783
3712,0121
3713,0709
3714,7840
3715,5644
3716,8514
3717,9650
3718,8889
3719,7682
3720,9547
3721,0858
3722,5612
3723,4674
3724,9872
3725,9953
3726,8944
3727,2400
3728,7809
3729,9346
3730,6256
3731,4574
3732,0437
3733,1721
3734,3903
3735,7403
3736,9034
3737,7614
3738,7372
3739,0116
3740,9160
3741,1392
3742,9024
3743,8435
3744,9618
3745,3286
3746,8421
3747,0955
3748,9206
3749,7454
3750,9882
3751,3177
3752,0093
3753,4869
3754,3236
3755,4593
3756,3140
3757,7795
3758,9616
3759,7196
3760,9715
3761,5393
3762,6905
3763,0708
3764,3363
3765,4747
3766,4684
3767,1055
3768,3359
3769,0880
3770,0323
3771,9815
3772,4995
3773,1038
3774,7144
3775,4113
3776,0362
3777,2628
3778,7001
3779,5585
3780,2806
3781,7508
3782,1618
3783,4546
3784,8984
3785,1482
3786,7920
3787,7968
3788,7751
3789,4115
3790,6024
3791,6057
3792,9701
3793,1916
3794,6736
3795,1227
3796,4499
3797,2439
3798,3420
3799,8212
3800,3253
3801,4440
3802,3836
3803,8203
3804,6778
3805,5281
3806,7745
3807,8160
3808,7739
3809,5502
3810,9091
3811,1327
3812,9482
3813,4244
3814,8161
3815,1952
3816,1262
3817,2249
3818,4783
3819,2789
3820,1885
3821,1925
3822,5126
3823,7458
3824,9785
3825,7380
3826,6646
3827,5011
3828,0424
3829,3407
3830,3051
3831,3544
3832,6928
3833,0751
3834,3621
3835,6979
3836,9096
3837,4053
3838,0390
3839,5851
3840,0920
3841,3021
3842,0569
3843,7295
3844,3129
3845,7143
3846,3682
3847,8085
3848,8388
3849,1226
3850,4699
3851,2884
3852,4928
3853,7232
3854,7563
3855,9564
3856,8121
3857,7014
3858,4408
3859,2340
3860,5980
3861,5121
3862,5556
3863,3144
3864,6482
3865,1312
3866,9223
3867,5511
3868,9042
3869,7110
3870,2587
3871,6202
3872,2649
3873,6125
3874,3383
3875,2974
3876,2302
3877,8273
3878,5264
3879,6992
3880,5722
3881,4631
3882,6848
3883,6198
3884,7310
3885,9531
3886,2387
3887,3373
3888,3655
3889,1190
3890,4396
3891,5789
3892,5289
3893,0387
3894,9232
3895,0471
3896,0519
3897,2787
3898,6821
3899,1273
3900,8699
3901,9010
3902,3845
3903,2810
3904,6133
3905,7266
3906,9083
3907,5506
3908,2881
3909,0307
3910,6777
3911,2084
3912,9925
3913,8892
3914,2391
3915,5616
3916,8610
3917,3147
3918,7847
3919,5565
3920,9045
3921,3976
3922,3576
3923,7372
3924,4765
3925,3618
3926,8839
3927,7672
3928,2787
3929,1655
3930,0322
3931,3810
3932,3448
3933,7086
3934,2627
3935,5833
3936,9546
3937,4662
3938,8308
3939,7907
3940,2569
3941,5789
3942,0372
3943,0298
3944,9511
3945,1271
3946,8949
3947,1688
3948,2205
3949,3193
3950,6681
3951,4882
3952,2901
3953,9737
3954,0818
3955,0119
3956,4478
3957,3379
3958,7869
3959,8881
3960,9962
3961,4296
3962,6668
3963,2501
3964,0523
3965,6383
3966,0205
3967,4873
3968,0209
3969,6118
3970,7018
3971,0753
3972,3780
3973,4169
3974,8263
3975,5443
3976,9523
3977,3156
3978,6149
3979,6829
3980,5267
3981,5192
3982,8016
3983,1263
3984,2440
3985,8421
3986,5152
3987,9371
3988,0100
3989,5235
3990,5291
3991,0042
3992,6287
3993,0491
3994,9136
3995,7208
3996,2342
3997,7739
3998,9361
3999,2406
4000,4472
4001,5118
4002,4606
4003,7868
4004,3765
4005,7303
4006,4716
4007,8420
4008,4860
4009,9287
4010,2749
4011,4371
4012,3956
4013,0130
4014,0220
4015,8455
4016,8370
4017,0878
4018,8845
4019,4058
4020,0505
4021,7184
4022,0127
4023,8634
4024,9079
4025,6133
4026,4193
4027,2313
4028,0490
4029,5424
4030,8934
4031,4380
4032,2402
4033,7483
4034,3630
4035,9672
4036,1350
4037,0265
4038,2322
4039,3916
4040,9029
4041,8864
4042,3584
4043,5260
4044,0619
4045,2899
4046,7288
4047,8380
4048,1619
4049,6509
4050,3939
4051,2908
4052,1448
4053,2279
4054,5519
4055,7936
4056,5392
4057,2633
4058,9078
4059,4163
4060,2688
4061,7422
4062,2737
4063,8920
4064,1977
4065,2171
4066,0289
4067,3069
4068,7503
4069,8630
4070,1659
4071,1831
4072,7893
4073,0686
4074,6021
4075,3646
4076,1842
4077,8774
4078,8847
4079,0276
4080,4727
4081,2749
4082,1287
4083,9374
4084,8092
4085,3292
4086,7946
4087,3109
4088,5337
4089,5499
4090,4749
4091,7441
4092,5983
4093,0339
4094,8760
4095,6350
4096,6519
4097,7371
4098,7976
4099,3897
4100,6440
4101,6198
4102,5319
4103,1010
4104,9439
4105,1633
4106,3968
4107,2714
4108,3593
4109,8075
4110,2923
4111,2960
4112,3919
4113,0160
4114,8280
4115,0125
4116,4402
4117,4075
4118,2276
4119,6757
4120,1212
4121,1882
4122,8442
4123,6359
4124,4437
4125,3090
4126,5772
4127,3117
4128,2314
4129,6901
4130,7495
4131,2554
4132,9805
4133,9823
4134,8803
4135,2522
4136,3550
4137,3065
4138,5207
4139,0783
4140,2620
4141,4477
4142,0807
4143,8779
4144,6690
4145,7401
4146,8500
4147,4918
4148,9884
4149,1310
4150,7475
4151,8963
4152,1756
4153,1306
4154,9872
4155,0931
4156,3696
4157,9793
4158,2919
4159,9667
4160,0720
4161,0788
4162,6954
4163,4921
4164,9559
4165,7783
4166,7271
4167,1407
4168,4432
4169,7964
4170,2999
4171,0498
4172,5522
4173,2577
4174,5554
4175,7344
4176,1029
4177,4983
4178,0560
4179,6133
4180,9713
4181,6840
4182,2455
4183,5770
4184,7446
4185,2197
4186,8396
4187,5620
4188,2114
4189,7793
4190,4677
4191,4666
4192,6995
4193,3854
4194,3304
4195,8511
4196,5912
4197,2537
4198,4291
4199,6941
4200,9041
4201,8046
4202,0986
4203,4105
4204,0632
4205,6695
4206,1613
4207,9807
4208,6893
4209,5003
4210,4028
4211,5148
4212,7576
4213,7512
4214,4353
4215,7768
4216,7167
4217,3516
4218,6272
4219,3456
4220,1084
4221,6453
4222,1793
4223,3197
4224,2632
4225,6584
4226,5027
4227,0463
4228,8154
4229,6347
4230,8057
4231,2711
4232,7466
4233,0374
4234,9779
4235,3624
4236,8756
4237,6449
4238,4466
4239,6331
4240,3506
4241,4576
4242,2886
4243,3627
4244,8848
4245,1360
4246,1023
4247,8817
4248,5177
4249,3858
4250,3607
4251,6620
4252,0094
4253,9545
4254,2304
4255,0356
4256,9209
4257,9997
4258,2709
4259,1965
4260,3552
4261,0618
4262,2079
4263,0179
4264,4255
4265,0323
4266,3755
4267,4396
4268,9094
4269,8220
4270,4157
4271,3136
4272,3691
4273,9621
4274,7594
4275,6495
4276,6857
4277,3422
4278,4842
4279,6915
4280,2452
4281,0360
4282,7059
4283,8549
4284,0729
4285,2397
4286,0726
4287,4749
4288,5857
4289,8073
4290,6816
4291,2486
4292,8220
4293,9684
4294,3339
4295,4445
4296,2593
4297,3249
4298,6518
4299,7384
4300,4492
4301,2384
4302,5760
4303,5341
4304,7382
4305,5040
4306,1289
4307,7788
4308,3993
4309,6351
4310,1963
4311,1414
4312,1655
4313,4129
4314,9756
4315,0129
4316,9971
4317,8660
4318,6416
4319,7956
4320,7109
4321,5735
4322,1709
4323,0852
4324,4563
4325,8366
4326,3561
4327,1871
4328,8998
4329,4564
4330,3760
4331,4565
4332,9163
4333,2794
4334,4002
4335,8107
4336,2882
4337,6171
4338,7688
4339,0180
4340,8673
4341,3895
4342,6818
4343,1645
4344,3727
4345,0023
4346,6846
4347,7020
4348,5028
4349,3221
4350,5145
4351,6677
4352,6937
4353,5801
4354,6176
4355,3668
4356,9403
4357,7219
4358,2384
4359,2620
4360,1257
4361,9432
4362,9583
4363,8684
4364,1749
4365,8326
4366,4354
4367,0023
4368,1841
4369,5939
4370,3262
4371,3119
4372,6912
4373,3753
4374,6277
4375,7011
4376,2598
4377,7973
4378,7652
4379,2301
4380,0281
4381,0482
4382,3201
4383,4608
4384,9215
4385,8071
4386,5029
4387,5926
4388,9458
4389,7680
4390,5780
4391,2700
4392,4290
4393,3681
4394,3054
4395,5812
4396,7365
4397,8349
4398,0787
4399,3743
4400,5672
4401,6372
4402,8524
4403,5313
4404,0309
4405,6538
4406,8001
4407,2737
4408,4210
4409,0952
4410,9538
4411,8338
4412,0752
4413,0416
4414,6826
4415,1493
4416,0740
4417,6333
4418,7648
4419,6948
4420,9007
4421,1245
4422,6957
4423,3468
4424,9543
4425,3352
4426,9390
4427,8850
4428,9596
4429,7066
4430,7713
4431,1651
4432,1422
4433,8727
4434,3305
4435,0086
4436,6655
4437,6932
4438,1777
4439,2074
4440,3901
4441,1062
4442,1243
4443,1989
4444,1755
4445,9872
4446,9525
4447,1669
4448,9701
4449,2802
4450,2592
4451,7909
4452,1645
4453,8023
4454,9953
4455,3727
4456,2697
4457,3839
4458,1858
4459,5296
4460,4239
4461,9380
4462,7045
4463,6189
4464,5215
4465,9976
4466,2289
4467,2607
4468,2792
4469,2933
4470,4758
4471,9088
4472,7214
4473,3802
4474,8803
4475,2879
4476,2864
4477,3145
4478,2240
4479,0717
4480,6677
4481,5593
4482,0621
4483,4678
4484,4258
4485,9781
4486,6821
4487,7708
4488,2227
4489,0106
4490,7172
4491,0594
4492,3062
4493,0034
4494,2241
4495,5609
4496,4200
4497,9250
4498,9547
4499,4026
4500,6303
4501,3535
4502,9834
4503,3883
4504,2401
4505,8709
4506,7869
4507,6592
4508,4062
4509,1170
4510,6832
4511,1770
4512,4553
4513,7509
4514,8221
4515,0752
4516,2807
4517,3023
4518,4942
4519,9882
4520,6689
4521,6486
4522,8003
4523,2322
4524,2088
4525,2567
4526,4056
4527,1644
4528,1428
4529,7493
4530,0351
4531,1437
4532,9955
4533,5506
4534,8316
4535,0543
4536,8009
4537,5520
4538,3967
4539,2779
4540,5749
4541,1195
4542,3730
4543,0877
4544,7325
4545,2873
4546,6418
4547,8048
4548,1211
4549,8614
4550,6565
4551,1435
4552,6492
4553,5051
4554,9804
4555,6020
4556,1716
4557,5347
4558,9712
4559,3431
4560,2742
4561,7087
4562,8126
4563,5335
4564,5855
4565,6623
4566,1115
4567,3228
4568,2889
4569,4410
4570,6802
4571,2898
4572,7699
4573,1480
4574,0896
4575,7342
4576,5662
4577,8467
4578,2981
4579,8052
4580,7075
4581,3325
4582,7010
4583,4857
4584,6145
4585,1997
4586,7358
4587,7212
4588,0559
4589,0154
4590,1121
4591,8234
4592,5296
4593,0223
4594,2002
4595,7648
4596,7051
4597,2783
4598,5443
4599,0317
4600,8350
4601,9231
4602,8909
4603,5423
4604,8544
4605,7771
4606,8465
4607,9238
4608,7596
4609,1984
4610,3352
4611,2560
4612,0893
4613,1605
4614,8156
4615,2241
4616,4442
4617,8101
4618,6210
4619,2100
4620,7740
4621,0038
4622,8100
4623,6913
4624,5269
4625,8254
4626,9036
4627,4797
4628,9263
4629,6676
4630,6906
4631,3850
4632,8272
4633,9398
4634,2645
4635,9821
4636,5126
4637,6557
4638,9243
4639,8459
4640,8420
4641,0379
4642,9228
4643,8176
4644,2105
4645,0410
4646,0481
4647,3548
4648,1321
4649,2078
4650,3399
4651,1287
4652,6159
4653,4425
4654,5952
4655,0773
4656,5620
4657,0135
4658,8859
4659,7850
4660,0458
4661,5617
4662,5509
4663,4358
4664,3317
4665,2378
4666,3943
4667,7689
4668,3384
4669,1285
4670,7350
4671,6015
4672,4221
4673,4961
4674,3047
4675,0924
4676,2098
4677,6229
4678,0649
4679,4592
4680,0528
4681,8740
4682,9733
4683,7619
4684,2057
4685,7474
4686,8181
4687,5677
4688,2577
4689,3583
4690,8049
4691,3582
4692,4327
4693,6180
4694,1495
4695,8056
4696,4956
4697,6459
4698,5224
4699,3722
4700,6276
4701,3532
4702,4829
4703,1666
4704,9617
4705,3836
4706,1892
4707,0726
4708,6222
4709,2173
4710,3852
4711,7938
4712,7026
4713,4589
4714,9089
4715,6086
4716,0396
4717,9259
4718,3621
4719,3076
4720,2699
4721,8699
4722,8692
4723,0721
4724,7551
4725,3965
4726,0963
4727,4657
4728,2776
4729,8732
4730,0907
4731,0667
4732,7540
4733,3704
4734,2696
4735,1394
4736,0341
4737,2769
4738,8408
4739,3047
4740,0630
4741,4276
4742,1356
4743,7365
4744,9861
4745,8697
4746,3386
4747,8114
4748,5381
4749,4844
4750,5479
4751,0769
4752,7744
4753,1508
4754,5968
4755,8780
4756,2172
4757,5107
4758,9297
4759,8013
4760,6775
4761,8688
4762,6940
4763,1835
4764,0909
4765,4571
4766,1186
4767,4615
4768,1093
4769,0698
4770,6068
4771,6134
4772,3389
4773,8787
4774,8092
4775,3937
4776,9635
4777,8858
4778,8092
4779,1406
4780,7900
4781,4669
4782,9897
4783,1530
4784,5835
4785,7302
4786,0354
4787,3353
4788,4785
4789,1578
4790,9634
4791,1551
4792,2316
4793,0837
4794,1703
4795,0581
4796,0517
4797,2231
4798,0611
4799,8215
4800,3349
4801,2676
4802,8656
4803,1972
4804,1463
4805,4518
4806,3449
4807,3871
4808,5677
4809,4578
4810,5801
4811,4485
4812,4345
4813,8125
4814,4060
4815,1274
4816,5308
4817,3261
4818,7600
4819,3589
4820,8318
4821,9979
4822,9758
4823,1133
4824,1602
4825,5419
4826,3301
4827,3222
4828,8720
4829,7259
4830,5112
4831,1339
4832,7445
4833,4915
4834,3450
4835,2146
4836,8179
4837,7426
4838,0763
4839,6475
4840,7745
4841,3844
4842,9329
4843,9588
4844,1629
4845,4624
4846,4995
4847,3900
4848,3724
4849,3558
4850,6690
4851,8556
4852,8589
4853,8000
4854,3163
4855,0619
4856,2707
4857,9919
4858,2290
4859,3694
4860,1197
4861,4838
4862,9839
4863,9964
4864,8590
4865,1559
4866,9999
4867,8297
4868,0349
4869,0286
4870,4758
4871,7367
4872,7639
4873,6465
4874,0717
4875,4185
4876,4574
4877,2856
4878,1952
4879,1858
4880,2527
4881,5778
4882,9786
4883,8709
4884,4423
4885,5590
4886,3024
4887,3405
4888,5541
4889,9963
4890,2418
4891,0834
4892,0780
4893,8569
4894,1510
4895,4905
4896,4782
4897,7392
4898,0181
4899,1659
4900,1767
4901,3207
4902,3705
4903,3274
4904,0457
4905,2002
4906,5557
4907,1156
4908,8638
4909,8482
4910,7214
4911,4437
4912,4675
4913,8460
4914,5130
4915,1696
4916,9795
4917,7372
4918,5404
4919,9597
4920,5550
4921,0797
4922,3816
4923,9367
4924,6236
4925,1040
4926,9781
4927,1770
4928,1428
4929,0984
4930,2315
4931,4700
4932,4462
4933,5628
4934,9981
4935,9735
4936,6499
4937,3696
4938,2370
4939,2326
4940,4085
4941,4678
4942,0097
4943,0824
4944,1294
4945,1639
4946,6528
4947,5690
4948,5057
4949,2836
4950,3688
4951,5656
4952,2012
4953,8216
4954,0320
4955,6182
4956,8778
4957,3421
4958,6045
4959,9107
4960,5944
4961,6609
4962,8533
4963,6514
4964,9671
4965,1828
4966,4282
4967,1711
4968,2900
4969,4194
4970,2003
4971,6207
4972,6741
4973,2258
4974,5442
4975,2447
4976,7028
4977,0426
4978,6590
4979,5731
4980,8462
4981,0474
4982,2784
4983,9701
4984,2476
4985,8259
4986,0183
4987,7009
4988,4144
4989,8508
4990,0041
4991,9255
4992,2575
4993,1334
4994,3808
4995,9017
4996,1918
4997,0046
4998,5345
4999,0382
5000,2906
5001,4294
5002,5328
5003,4588
5004,0486
5005,8146
5006,6888
5007,1731
5008,5873
5009,3484
5010,0794
5011,3977
5012,9746
5013,3086
5014,6826
5015,1304
5016,5192
5017,0962
5018,8208
5019,7253
5020,7972
5021,9915
5022,4464
5023,7457
5024,6258
5025,0255
5026,9290
5027,2747
5028,5171
5029,2223
5030,2846
5031,5620
5032,8889
5033,7070
5034,8058
5035,0361
5036,6015
5037,4064
5038,1864
5039,9944
5040,0953
5041,6441
5042,8769
5043,3302
5044,5101
5045,0145
5046,6531
5047,1395
5048,5310
5049,9883
5050,6667
5051,4772
5052,4204
5053,2836
5054,2982
5055,5525
5056,5288
5057,4456
5058,0622
5059,9119
5060,8504
5061,7105
5062,1265
5063,4253
5064,9033
5065,3893
5066,6616
5067,3954
5068,8426
5069,5431
5070,8669
5071,8612
5072,3692
5073,5003
5074,7158
5075,7295
5076,7056
5077,6527
5078,7789
5079,0775
5080,7925
5081,2004
5082,6164
5083,6617
5084,3789
5085,2690
5086,1908
5087,8927
5088,8360
5089,3585
5090,1388
5091,7857
5092,4668
5093,5603
5094,6797
5095,4465
5096,1346
5097,2012
5098,1701
5099,9284
5100,7736
5101,2004
5102,3549
5103,5452
5104,9686
5105,5644
5106,4534
5107,2383
5108,6029
5109,2286
5110,3851
5111,2593
5112,8128
5113,7365
5114,2550
5115,9573
5116,8522
5117,9205
5118,4672
5119,9731
5120,8919
5121,8471
5122,9622
5123,6660
5124,0223
5125,0983
5126,3883
5127,2009
5128,2361
5129,9205
5130,0112
5131,9055
5132,9503
5133,0549
5134,8229
5135,8580
5136,4821
5137,4575
5138,0081
5139,3369
5140,5690
5141,8899
5142,6659
5143,3406
5144,3457
5145,2659
5146,6742
5147,6339
5148,9522
5149,8961
5150,9642
5151,5811
5152,7864
5153,3008
5154,1922
5155,0129
5156,3691
5157,9417
5158,5749
5159,9957
5160,3027
5161,0515
5162,1174
5163,0882
5164,7112
5165,4057
5166,2489
5167,8604
5168,2611
5169,3887
5170,1220
5171,1531
5172,0025
5173,4887
5174,6558
5175,8750
5176,5553
5177,5012
5178,4340
5179,3979
5180,6094
5181,9626
5182,0804
5183,8062
5184,2161
5185,4892
5186,4374
5187,6254
5188,9916
5189,2481
5190,6037
5191,7246
5192,2683
5193,9398
5194,7749
5195,9645
5196,1256
5197,6483
5198,0199
5199,3164
5200,2839
5201,1663
5202,8209
5203,9675
5204,1210
5205,6487
5206,2421
5207,7965
5208,3871
5209,0106
5210,5828
5211,5036
5212,1780
5213,8206
5214,9377
5215,9442
5216,6707
5217,8817
5218,5914
5219,5331
5220,7049
5221,3495
5222,4136
5223,2800
5224,0264
5225,7473
5226,9994
5227,1482
5228,1241
5229,9363
5230,6562
5231,7882
5232,3959
5233,9597
5234,1662
5235,7522
5236,7933
5237,5821
5238,5529
5239,4565
5240,8383
5241,6584
5242,5454
5243,6582
5244,0381
5245,6112
5246,9695
5247,6340
5248,7415
5249,4214
5250,7340
5251,7733
5252,4731
5253,7636
5254,1644
5255,0257
5256,3315
5257,8120
5258,1633
5259,9335
5260,7079
5261,8356
5262,8259
5263,0827
5264,2626
5265,2485
5266,4015
5267,1858
5268,8990
5269,7250
5270,2916
5271,0370
5272,4578
5273,9311
5274,4529
5275,0964
5276,4418
5277,7191
5278,1094
5279,8688
5280,4618
5281,4823
5282,5581
5283,2347
5284,0993
5285,9468
5286,3553
5287,6173
5288,2028
5289,3348
5290,5516
5291,1120
5292,3563
5293,5964
5294,8314
5295,6094
5296,8372
5297,7656
5298,7417
5299,0912
5300,4942
5301,2519
5302,4488
5303,6198
5304,5533
5305,1905
5306,2284
5307,5600
5308,9771
5309,3193
5310,3936
5311,3759
5312,4347
5313,2334
5314,3347
5315,0526
5316,5772
5317,4165
5318,7424
5319,1100
5320,0386
5321,9781
5322,2010
5323,9197
5324,9605
5325,5479
5326,8464
5327,4036
5328,2824
5329,2650
5330,9149
5331,2809
5332,9796
5333,0669
5334,0883
5335,3294
5336,0544
5337,2901
5338,7058
5339,6916
5340,9299
5341,2915
5342,4300
5343,8981
5344,8606
5345,4616
5346,1695
5347,6870
5348,9683
5349,8878
5350,1895
5351,5105
5352,5154
5353,3074
5354,0794
5355,7258
5356,0128
5357,2260
5358,8009
5359,8845
5360,8972
5361,4578
5362,7518
5363,8210
5364,4998
5365,1234
5366,3620
5367,7728
5368,3646
5369,2805
5370,9282
5371,3130
5372,2083
5373,6505
5374,5825
5375,0857
5376,3454
5377,9956
5378,6192
5379,8159
5380,6554
5381,0160
5382,3447
5383,0617
5384,0193
5385,0544
5386,3769
5387,5622
5388,9065
5389,3920
5390,6961
5391,6310
5392,9798
5393,9325
5394,8398
5395,0625
5396,8099
5397,1488
5398,4898
5399,6498
5400,5600
5401,0571
5402,7012
5403,3918
5404,2775
5405,6293
5406,4084
5407,5515
5408,4130
5409,9546
5410,5985
5411,6625
5412,6451
5413,2657
5414,5424
5415,8311
5416,5133
5417,5044
5418,2883
5419,2830
5420,6298
5421,7595
5422,3736
5423,1137
5424,0969
5425,8527
5426,6520
5427,4249
5428,3826
5429,7871
5430,5695
5431,0618
5432,6486
5433,8375
5434,1785
5435,0727
5436,1983
5437,9565
5438,4450
5439,3171
5440,1949
5441,4312
5442,1981
5443,2805
5444,5055
5445,4896
5446,3154
5447,5244
5448,1635
5449,8308
5450,6016
5451,0574
5452,7169
5453,8428
5454,8038
5455,5764
5456,3379
5457,4222
5458,3844
5459,5995
5460,8589
5461,8812
5462,2073
5463,6369
5464,9219
5465,3878
5466,4594
5467,6370
5468,0697
5469,1230
5470,6222
5471,3313
5472,0120
5473,6844
5474,6871
5475,5061
5476,5684
5477,3573
5478,1650
5479,8485
5480,0691
5481,5354
5482,6569
5483,7695
5484,3302
5485,0883
5486,4274
5487,6975
5488,2154
5489,1317
5490,4810
5491,2940
5492,9757
5493,8936
5494,9641
5495,3204
5496,3131
5497,4609
5498,9286
5499,9651
5500,0249
5501,4061
5502,3360
5503,0370
5504,5740
5505,7686
5506,8803
5507,6079
5508,6335
5509,5569
5510,9744
5511,2456
5512,5674
5513,1663
5514,4870
5515,7987
5516,3882
5517,1243
5518,6979
5519,7191
5520,9135
5521,7439
5522,7694
5523,3542
5524,4647
5525,6864
5526,7410
5527,1474
5528,0495
5529,0394
5530,7355
5531,7548
5532,5625
5533,6577
5534,8139
5535,1559
5536,4191
5537,5701
5538,7202
5539,5208
5540,5695
5541,3118
5542,2370
5543,8475
5544,2037
5545,2579
5546,0736
5547,2909
5548,2238
5549,4606
5550,4313
5551,4034
5552,6949
5553,9381
5554,7642
5555,9659
5556,0742
5557,6626
5558,0574
5559,0312
5560,3672
5561,3268
5562,7267
5563,8921
5564,8305
5565,7990
5566,1833
5567,4580
5568,3466
5569,7528
5570,9015
5571,0001
5572,6229
5573,4616
5574,9915
5575,4527
5576,7554
5577,9313
5578,4712
5579,6818
5580,2105
5581,8585
5582,0107
5583,6988
5584,9223
5585,3499
5586,0959
5587,3255
5588,5511
5589,5655
5590,5130
5591,5257
5592,6951
5593,9566
5594,4673
5595,8435
5596,2428
5597,2542
5598,1704
5599,4235
5600,9822
5601,5478
5602,5942
5603,9262
5604,6347
5605,0979
5606,4332
5607,3096
5608,2340
5609,1318
5610,5588
5611,1706
5612,1371
5613,9873
5614,4524
5615,0574
5616,8514
5617,6395
5618,5469
5619,9746
5620,7399
5621,1330
5622,2623
5623,0931
5624,9818
5625,0173
5626,1255
5627,6425
5628,8855
5629,3781
5630,7296
5631,8585
5632,4944
5633,1769
5634,4285
5635,2441
5636,9422
5637,6577
5638,2728
5639,8349
5640,8894
5641,3783
5642,0708
5643,6246
5644,8767
5645,6227
5646,8721
5647,5111
5648,2949
5649,4422
5650,7926
5651,9284
5652,7249
5653,5809
5654,9572
5655,4806
5656,5944
5657,1663
5658,8150
5659,9419
5660,3677
5661,4493
5662,5429
5663,4716
5664,5224
5665,5303
5666,1196
5667,8070
5668,8315
5669,5126
5670,2897
5671,1153
5672,1901
5673,2117
5674,7051
5675,4254
5676,0096
5677,3803
5678,1528
5679,9012
5680,9787
5681,0009
5682,0592
5683,3768
5684,4502
5685,0328
5686,9833
5687,0162
5688,7455
5689,2921
5690,4188
5691,5470
5692,9950
5693,4127
5694,5894
5695,8785
5696,6636
5697,0423
5698,5740
5699,5436
5700,7104
5701,1574
5702,0581
5703,5756
5704,0780
5705,5333
5706,3222
5707,9337
5708,1106
5709,7641
5710,3530
5711,6906
5712,8099
5713,2452
5714,7406
5715,1316
5716,0347
5717,0083
5718,6580
5719,7631
5720,6846
5721,9313
5722,3664
5723,0252
5724,1534
5725,8470
5726,8983
5727,7346
5728,5786
5729,2034
5730,1498
5731,3781
5732,6761
5733,9369
5734,6680
5735,6162
5736,8971
5737,3938
5738,6878
5739,8951
5740,6954
5741,8332
5742,8567
5743,3288
5744,4086
5745,2758
5746,9118
5747,8594
5748,7791
5749,9192
5750,8240
5751,1055
5752,8005
5753,0698
5754,6595
5755,2661
5756,9129
5757,7205
5758,6781
5759,7405
5760,7600
5761,9726
5762,0704
5763,7709
5764,8732
5765,2293
5766,3517
5767,1529
5768,7531
5769,0519
5770,1426
5771,9130
5772,6580
5773,6083
5774,3714
5775,0647
5776,4778
5777,5545
5778,8057
5779,8425
5780,5425
5781,4618
5782,4321
5783,8442
5784,0817
5785,5275
5786,4866
5787,9664
5788,7433
5789,5402
5790,1438
5791,5544
5792,1074
5793,2984
5794,0241
5795,1296
5796,1085
5797,5852
5798,5185
5799,1449
5800,0849
5801,5609
5802,2311
5803,2861
5804,1567
5805,5361
5806,6229
5807,8125
5808,9322
5809,1030
5810,3793
5811,9563
5812,3540
5813,3261
5814,3262
5815,5567
5816,9252
5817,7781
5818,1829
5819,6289
5820,6614
5821,4150
5822,4842
5823,5730
5824,5571
5825,1307
5826,7955
5827,1592
5828,9474
5829,8353
5830,0157
5831,1178
5832,4457
5833,9744
5834,1449
5835,7884
5836,4608
5837,9845
5838,2930
5839,5463
5840,7035
5841,5802
5842,8770
5843,6509
5844,5396
5845,0934
5846,2853
5847,9674
5848,9190
5849,5180
5850,6594
5851,1855
5852,6933
5853,7195
5854,2974
5855,0111
5856,7988
5857,8688
5858,2999
5859,4307
5860,8069
5861,0807
5862,6476
5863,0199
5864,1741
5865,6463
5866,2368
5867,0005
5868,5161
5869,7463
5870,4433
5871,4471
5872,4422
5873,2890
5874,6431
5875,3050
5876,8065
5877,4825
5878,4611
5879,6080
5880,9823
5881,5023
5882,5441
5883,8062
5884,3781
5885,5893
5886,1221
5887,7059
5888,4369
5889,0893
5890,0122
5891,5134
5892,5603
5893,2485
5894,4400
5895,7678
5896,7950
5897,9430
5898,7960
5899,9420
5900,4895
5901,2721
5902,5779
5903,1118
5904,3715
5905,9332
5906,6980
5907,0354
5908,6757
5909,6904
5910,0217
5911,1604
5912,6225
5913,2731
5914,9479
5915,7095
5916,4444
5917,2511
5918,5234
5919,5226
5920,2238
5921,9083
5922,5531
5923,8219
5924,3694
5925,8999
5926,0638
5927,9878
5928,9207
5929,8739
5930,5755
5931,2191
5932,6127
5933,6753
5934,4282
5935,5457
5936,6712
5937,3272
5938,3370
5939,7791
5940,5743
5941,4254
5942,1583
5943,2461
5944,2693
5945,4655
5946,0941
5947,0225
5948,8868
5949,7991
5950,0514
5951,8387
5952,9948
5953,6291
5954,7082
5955,6657
5956,7652
5957,9459
5958,8368
5959,4839
5960,1591
5961,6513
5962,2963
5963,5099
5964,7416
5965,2279
5966,9719
5967,8985
5968,6437
5969,4688
5970,1131
5971,6679
5972,5482
5973,7021
5974,9300
5975,4080
5976,3901
5977,0808
5978,3914
5979,9073
5980,2305
5981,8020
5982,5093
5983,7854
5984,7453
5985,1365
5986,0590
5987,6728
5988,0694
5989,0367
5990,4363
5991,7755
5992,9712
5993,0979
5994,6745
5995,0769
5996,5024
5997,8456
5998,1477
5999,4005
6000,5601
6001,5301
6002,9618
6003,0556
6004,9089
6005,8983
6006,2382
6007,1611
6008,4478
6009,7102
6010,8385
6011,6419
6012,4376
6013,4384
6014,8422
6015,5758
6016,1384
6017,4767
6018,1956
6019,3162
6020,1242
6021,2162
6022,9160
6023,3127
6024,2586
6025,2331
6026,3240
6027,1997
6028,0950
6029,8756
6030,9441
6031,2544
6032,7684
6033,6827
6034,7117
6035,4935
6036,5400
6037,9622
6038,3417
6039,4716
6040,6815
6041,8900
6042,8635
6043,3986
6044,5606
6045,0501
6046,2228
6047,5002
6048,3088
6049,2305
6050,3735
6051,4146
6052,1120
6053,2172
6054,2444
6055,6066
6056,2665
6057,0738
6058,8932
6059,7103
6060,4911
6061,5311
6062,0467
6063,0512
6064,7208
6065,8595
6066,4180
6067,9960
6068,1203
6069,2114
6070,0814
6071,9892
6072,1309
6073,7264
6074,8761
6075,7336
6076,5813
6077,9233
6078,2685
6079,0268
6080,0478
6081,8916
6082,5861
6083,4166
6084,4973
6085,1929
6086,7608
6087,2937
6088,8865
6089,6958
6090,2915
6091,1750
6092,8930
6093,3726
6094,9338
6095,0471
6096,6785
6097,6912
6098,2787
6099,2722
6100,0708
6101,5647
6102,5041
6103,7681
6104,2258
6105,4613
6106,9282
6107,6687
6108,8280
6109,6493
6110,1434
6111,0462
6112,6066
6113,8350
6114,0618
6115,7679
6116,0214
6117,4538
6118,3046
6119,4508
6120,0478
6121,1118
6122,7439
6123,0008
6124,9699
6125,7297
6126,0329
6127,8256
6128,7828
6129,9022
6130,3219
6131,8360
6132,6108
6133,7690
6134,1907
6135,2912
6136,0427
6137,0864
6138,5877
6139,6838
6140,4724
6141,9460
6142,8950
6143,7132
6144,4190
6145,0712
6146,2732
6147,3689
6148,1940
6149,6343
6150,7946
6151,1015
6152,6948
6153,9922
6154,5409
6155,1076
6156,8504
6157,0306
6158,4267
6159,7264
6160,9802
6161,4832
6162,9274
6163,4504
6164,5325
6165,0023
6166,1655
6167,3632
6168,0009
6169,8047
6170,0822
6171,3412
6172,6274
6173,2428
6174,1668
6175,5486
6176,7575
6177,3409
6178,9602
6179,2185
6180,4028
6181,8745
6182,2271
6183,4521
6184,6866
6185,3357
6186,0222
6187,5646
6188,7434
6189,2896
6190,0951
6191,2503
6192,1446
6193,5369
6194,8072
6195,0648
6196,9874
6197,7269
6198,2158
6199,5896
6200,7182
6201,6016
6202,3270
6203,1149
6204,1740
6205,0428
6206,4130
6207,7195
6208,1416
6209,8996
6210,9210
6211,7778
6212,8519
6213,7044
6214,5842
6215,4212
6216,3764
6217,2962
6218,9759
6219,9011
6220,0034
6221,0050
6222,4421
6223,4225
6224,4012
6225,2149
6226,8220
6227,0801
6228,7758
6229,2763
6230,5635
6231,6449
6232,9172
6233,1341
6234,6810
6235,2396
6236,6772
6237,2391
6238,8134
6239,8556
6240,7286
6241,6813
6242,5849
6243,7034
6244,7448
6245,3818
6246,4886
6247,3725
6248,3826
6249,3188
6250,4305
6251,8440
6252,5392
6253,6617
6254,9638
6255,3772
6256,4010
6257,8510
6258,7213
6259,0344
6260,5836
6261,2484
6262,6904
6263,5680
6264,1864
6265,9907
6266,4748
6267,0342
6268,1890
6269,6368
6270,9093
6271,7139
6272,6275
6273,2268
6274,0406
6275,0689
6276,7042
6277,9048
6278,8842
6279,3798
6280,1451
6281,3017
6282,1856
6283,5852
6284,6099
6285,4510
6286,7873
6287,0338
6288,2434
6289,4366
6290,3634
6291,0575
6292,2729
6293,2384
6294,3874
6295,0828
6296,1782
6297,8247
6298,9007
6299,1381
6300,9563
6301,5564
6302,7445
6303,4304
6304,1696
6305,6130
6306,4787
6307,5987
6308,6450
6309,8818
6310,9216
6311,3584
6312,1384
6313,3418
6314,3388
6315,1742
6316,8428
6317,3993
6318,1095
6319,9324
6320,2607
6321,2101
6322,8721
6323,8062
6324,5325
6325,3284
6326,0432
6327,6467
6328,4602
6329,4144
6330,2086
6331,2018
6332,0171
6333,8512
6334,2695
6335,0538
6336,6864
6337,4055
6338,6924
6339,4403
6340,1246
6341,2080
6342,2805
6343,3859
6344,5824
6345,9470
6346,8853
6347,8846
6348,1245
6349,8016
6350,3770
6351,7383
6352,7979
6353,0369
6354,1983
6355,9166
6356,6897
6357,2952
6358,0529
6359,9650
6360,0593
6361,9326
6362,6517
6363,2654
6364,3306
6365,1917
6366,7725
6367,2970
6368,0263
6369,7520
6370,5846
6371,6436
6372,4287
6373,5116
6374,0526
6375,1092
6376,6552
6377,7271
6378,4953
6379,4085
6380,7565
6381,9378
6382,0049
6383,5934
6384,4639
6385,2856
6386,6552
6387,3508
6388,4521
6389,4176
6390,2355
6391,5199
6392,5998
6393,2410
6394,9730
6395,4458
6396,8541
6397,6571
6398,2094
6399,6400
6400,2976
6401,2114
6402,2829
6403,3738
6404,1225
6405,2713
6406,6188
6407,2990
6408,5826
6409,4234
6410,2110
6411,2151
6412,7859
6413,3655
6414,8225
6415,1976
6416,2390
6417,1004
6418,5194
6419,2183
6420,4386
6421,5086
6422,7354
6423,0306
6424,3161
6425,1979
6426,5607
6427,9809
6428,4111
6429,7117
6430,4714
6431,1036
6432,1758
6433,0710
6434,5820
6435,5374
6436,0521
6437,2639
6438,6313
6439,3457
6440,5857
6441,7231
6442,6559
6443,0241
6444,1450
6445,2015
6446,8546
6447,7771
6448,9610
6449,5740
6450,7616
6451,6554
6452,5660
6453,1946
6454,5587
6455,2382
6456,3136
6457,6183
6458,9628
6459,6025
6460,1684
6461,1732
6462,3238
6463,4345
6464,1316
6465,6386
6466,4298
6467,0201
6468,1680
6469,4982
6470,8419
6471,3291
6472,3165
6473,2435
6474,2003
6475,6040
6476,1050
6477,7116
6478,3523
6479,3596
6480,8750
6481,5556
6482,4281
6483,2380
6484,0949
6485,1173
6486,5582
6487,1807
6488,3855
6489,2079
6490,9643
6491,6804
6492,5029
6493,9384
6494,1509
6495,7637
6496,7832
6497,9830
6498,4346
6499,2897
6500,7470
6501,3011
6502,4619
6503,7121
6504,0057
6505,6183
6506,8442
6507,8050
6508,2449
6509,3342
6510,5445
6511,7084
6512,7325
6513,8540
6514,3096
6515,0614
6516,4218
6517,1505
6518,7410
6519,6974
6520,7580
6521,6252
6522,1290
6523,3402
6524,0806
6525,2396
6526,9938
6527,8290
6528,2698
6529,2702
6530,5856
6531,7913
6532,6634
6533,4498
6534,3149
6535,8958
6536,1342
6537,2247
6538,6645
6539,3239
6540,0001
6541,2470
6542,4562
6543,4364
6544,2192
6545,0797
6546,2547
6547,3750
6548,9489
6549,2556
6550,6511
6551,0701
6552,2301
6553,2586
6554,1989
6555,1486
6556,7473
6557,8123
6558,5332
6559,6848
6560,7646
6561,2542
6562,7591
6563,9071
6564,8118
6565,4980
6566,1264
6567,0790
6568,5815
6569,6801
6570,8093
6571,5340
6572,3804
6573,3578
6574,9725
6575,5300
6576,5154
6577,3932
6578,1385
6579,5678
6580,6681
6581,1766
6582,2868
6583,2577
6584,5137
6585,4361
6586,3244
6587,9872
6588,4887
6589,4520
6590,1035
6591,7247
6592,6168
6593,1142
6594,1770
6595,4451
6596,7716
6597,4771
6598,1556
6599,8620
6600,5465
6601,4207
6602,2626
6603,4455
6604,1512
6605,8764
6606,1608
6607,0522
6608,3336
6609,3064
6610,0327
6611,4415
6612,3508
6613,9230
6614,1895
6615,5395
6616,5523
6617,0197
6618,0361
6619,6512
6620,9628
6621,6328
6622,0086
6623,3512
6624,2033
6625,9523
6626,4006
6627,7012
6628,1517
6629,7738
6630,8840
6631,8463
6632,6073
6633,7510
6634,7922
6635,5418
6636,2520
6637,3296
6638,0315
6639,8028
6640,2758
6641,9568
6642,2094
6643,5328
6644,2919
6645,9517
6646,3343
6647,3316
6648,5307
6649,4983
6650,7602
6651,0116
6652,2063
6653,3903
6654,2916
6655,8417
6656,6702
6657,2910
6658,8067
6659,1662
6660,4401
6661,1374
6662,7850
6663,5943
6664,5626
6665,7827
6666,8651
6667,2235
6668,4211
6669,0023
6670,3300
6671,5644
6672,2522
6673,5113
6674,2829
6675,7823
6676,5839
6677,9292
6678,1798
6679,2204
6680,7405
6681,6659
6682,1852
6683,7322
6684,8968
6685,1211
6686,5872
6687,7403
6688,3094
6689,9801
6690,7968
6691,2791
6692,9157
6693,5958
6694,3365
6695,7737
6696,0628
6697,5967
6698,8381
6699,3779
6700,4340
6701,3914
6702,7849
6703,2093
6704,8279
6705,7216
6706,5874
6707,7253
6708,0743
6709,7692
6710,7171
6711,5780
6712,8510
6713,8250
6714,3693
6715,1688
6716,3735
6717,1254
6718,1989
6719,2377
6720,8413
6721,6084
6722,9365
6723,4446
6724,4534
6725,5950
6726,6597
6727,6423
6728,6545
6729,8846
6730,5249
6731,1500
6732,2207
6733,9471
6734,9214
6735,3683
6736,1749
6737,9558
6738,0283
6739,6865
6740,9811
6741,2319
6742,0653
6743,2801
6744,8841
6745,8641
6746,7350
6747,5667
6748,2950
6749,0814
6750,4845
6751,0284
6752,2680
6753,1574
6754,5954
6755,1172
6756,4360
6757,2266
6758,2048
6759,8103
6760,1943
6761,6040
6762,9744
6763,3341
6764,1316
6765,4705
6766,0301
6767,4003
6768,0055
6769,0065
6770,0254
6771,2592
6772,8980
6773,8944
6774,7311
6775,2271
6776,6090
6777,1472
6778,3531
6779,8094
6780,7018
6781,5980
6782,7906
6783,1241
6784,8178
6785,5401
6786,2290
6787,6218
6788,7586
6789,8527
6790,5378
6791,2733
6792,5252
6793,0272
6794,1905
6795,1551
6796,4596
6797,7895
6798,1138
6799,7917
6800,6155
6801,2576
6802,4624
6803,5700
6804,1562
6805,0154
6806,6216
6807,2045
6808,7230
6809,3278
6810,2439
6811,9337
6812,3793
6813,6127
6814,0726
6815,0385
6816,5211
6817,4493
6818,3860
6819,0874
6820,8493
6821,5796
6822,0173
6823,7616
6824,5656
6825,4258
6826,2527
6827,6771
6828,0508
6829,9279
6830,7308
6831,3104
6832,7618
6833,1265
6834,8854
6835,9953
6836,9747
6837,1078
6838,5031
6839,7043
6840,0719
6841,5951
6842,0209
6843,1519
6844,4957
6845,5370
6846,5049
6847,7995
6848,3177
6849,3160
6850,5830
6851,0446
6852,8615
6853,6874
6854,4277
6855,0259
6856,2606
6857,0702
6858,7524
6859,9364
6860,7775
6861,4855
6862,2905
6863,6463
6864,2799
6865,5026
6866,9735
6867,4947
6868,5041
6869,1176
6870,5978
6871,4667
6872,6578
6873,8796
6874,0705
6875,0267
6876,4834
6877,4000
6878,2831
6879,9420
6880,8609
6881,0188
6882,6573
6883,8862
6884,4900
6885,6176
6886,1688
6887,1034
6888,6572
6889,6457
6890,5490
6891,8902
6892,9836
6893,3767
6894,5877
6895,3633
6896,2804
6897,2697
6898,8015
6899,6078
6900,6351
6901,0819
6902,5235
6903,9176
6904,0202
6905,6412
6906,2700
6907,7915
6908,6255
6909,5848
6910,0225
6911,2447
6912,6647
6913,2988
6914,6457
6915,8888
6916,9894
6917,6112
6918,9783
6919,2765
6920,7966
6921,9277
6922,8618
6923,6912
6924,2428
6925,4973
6926,0986
6927,2855
6928,9628
6929,9710
6930,7272
6931,4753
6932,4131
6933,4715
6934,9768
6935,9329
6936,6436
6937,7459
6938,6844
6939,5356
6940,6549
6941,2606
6942,2127
6943,0662
6944,1178
6945,5494
6946,0264
6947,2849
6948,0899
6949,0111
6950,4122
6951,1315
6952,9521
6953,5594
6954,6673
6955,7563
6956,9616
6957,0574
6958,7616
6959,8388
6960,4910
6961,8872
6962,3351
6963,8892
6964,2236
6965,4327
6966,6703
6967,6441
6968,8995
6969,0009
6970,1036
6971,8838
6972,8050
6973,4185
6974,6006
6975,0053
6976,3785
6977,3197
6978,2242
6979,9197
6980,5621
6981,9114
6982,3327
6983,5467
6984,6567
6985,5911
6986,2609
6987,2098
6988,4262
6989,3506
6990,7815
6991,1551
6992,9181
6993,0841
6994,3326
6995,9457
6996,6425
6997,0079
6998,2887
6999,6388
7000,8929
7001,3280
7002,1323
7003,4624
7004,2574
7005,7605
7006,3756
7007,0059
7008,3148
7009,5201
7010,8776
7011,4754
7012,4173
7013,4899
7014,8502
7015,4439
7016,1758
7017,6668
7018,5623
7019,9698
7020,1041
7021,3465
7022,7852
7023,2402
7024,1067
7025,9949
7026,4844
7027,6021
7028,3272
7029,3398
7030,9582
7031,5480
7032,4928
7033,1726
7034,6634
7035,7496
7036,8820
7037,8415
7038,6605
7039,5119
7040,3466
7041,1818
7042,2853
7043,6945
7044,8802
7045,8257
7046,7601
7047,7834
7048,1504
7049,7300
7050,9810
7051,0472
7052,6311
7053,8527
7054,7611
7055,2971
7056,9327
7057,3177
7058,0608
7059,3452
7060,9686
7061,2253
7062,9428
7063,1379
7064,6004
7065,8735
7066,6907
7067,8309
7068,0885
7069,5597
7070,6909
7071,7939
7072,9740
7073,7416
7074,8039
7075,7435
7076,0341
7077,1388
7078,6230
7079,8769
7080,2834
7081,9938
7082,4698
7083,7725
7084,4540
7085,2303
7086,6809
7087,0745
7088,2569
7089,7196
7090,3546
7091,9375
7092,4462
7093,6692
7094,7314
7095,8367
7096,8151
7097,2073
7098,7035
7099,5502
7100,9039
7101,7390
7102,5267
7103,1687
7104,0703
7105,2590
7106,6825
7107,8715
7108,9887
7109,6672
7110,6439
7111,9209
7112,2622
7113,7483
7114,8264
7115,8896
7116,2280
7117,1444
7118,8472
7119,4336
7120,3940
7121,6839
7122,2312
7123,7546
7124,4640
7125,9151
7126,6386
7127,1236
7128,1320
7129,2260
7130,4447
7131,3295
7132,4582
7133,5859
7134,4005
7135,0886
7136,1719
7137,7212
7138,9677
7139,3778
7140,0440
7141,7319
7142,8154
7143,6338
7144,2108
7145,1766
7146,7420
7147,9038
7148,5712
7149,1778
7150,9393
7151,0991
7152,4098
7153,1063
7154,8300
7155,6583
7156,4161
7157,3817
7158,8122
7159,6871
7160,2087
7161,5303
7162,7195
7163,0637
7164,6054
7165,2631
7166,6620
7167,6349
7168,2596
7169,2735
7170,7938
7171,9843
7172,6838
7173,1902
7174,5356
7175,2726
7176,7958
7177,0205
7178,9937
7179,9332
7180,2147
7181,5170
7182,2052
7183,1986
7184,9662
7185,7070
7186,3396
7187,6785
7188,9096
7189,9937
7190,7290
7191,2791
7192,0852
7193,9295
7194,1185
7195,7415
7196,1899
7197,1066
7198,8168
7199,6763
7200,8978
7201,3334
7202,3117
7203,2872
7204,1914
7205,4773
7206,9616
7207,0175
7208,0863
7209,2191
7210,6477
7211,8540
7212,2743
7213,4981
7214,6340
7215,0647
7216,4620
7217,4727
7218,1672
7219,0540
7220,7432
7221,0853
7222,8137
7223,4230
7224,2078
7225,2628
7226,6415
7227,2828
7228,6070
7229,9053
7230,3354
7231,7545
7232,8665
7233,2332
7234,4371
7235,5509
7236,7896
7237,6537
7238,6278
7239,7152
7240,8229
7241,0649
7242,2936
7243,7206
7244,3327
7245,6681
7246,1687
7247,6056
7248,8342
7249,0670
7250,8319
7251,8319
7252,0812
7253,2277
7254,3600
7255,9355
7256,9562
7257,2661
7258,9458
7259,7480
7260,7122
7261,8082
7262,5677
7263,6763
7264,0712
7265,9581
7266,4835
7267,0520
7268,9683
7269,9291
7270,2805
7271,9604
7272,4077
7273,2734
7274,6731
7275,4796
7276,9817
7277,2726
7278,2422
7279,1326
7280,4744
7281,0847
7282,5342
7283,8342
7284,2129
7285,0136
7286,9133
7287,8266
7288,8132
7289,3480
7290,9488
7291,5560
7292,2874
7293,9588
7294,1442
7295,0442
7296,8187
7297,6663
7298,3366
7299,9080
7300,6801
7301,4352
7302,6514
7303,5921
7304,6738
7305,0918
7306,4022
7307,6746
7308,1054
7309,1795
7310,0957
7311,7653
7312,8510
7313,7368
7314,1768
7315,9324
7316,9887
7317,6613
7318,5854
7319,2801
7320,9286
7321,7468
7322,6086
7323,9012
7324,2549
7325,8868
7326,9233
7327,4556
7328,1712
7329,5262
7330,2041
7331,6400
7332,4927
7333,4577
7334,5136
7335,0549
7336,2210
7337,2038
7338,0493
7339,5724
7340,2785
7341,2095
7342,0942
7343,3223
7344,3588
7345,6035
7346,8862
7347,3636
7348,3825
7349,3882
7350,6409
7351,3402
7352,4416
7353,3441
7354,0494
7355,8590
7356,8186
7357,4654
7358,6993
7359,8089
7360,7889
7361,0539
7362,6788
7363,3006
7364,0118
7365,0139
7366,1534
7367,1935
7368,5074
7369,5425
7370,9420
7371,6405
7372,0747
7373,8994
7374,2946
7375,1453
7376,0553
7377,5653
7378,6809
7379,8023
7380,7800
7381,4989
7382,1523
7383,7126
7384,8212
7385,4627
7386,7688
7387,4358
7388,9704
7389,7925
7390,0799
7391,0758
7392,6203
7393,4002
7394,8697
7395,4002
7396,3892
7397,2665
7398,2380
7399,0114
7400,2083
7401,8554
7402,8539
7403,2693
7404,6426
7405,7800
7406,7200
7407,1513
7408,3117
7409,7681
7410,2832
7411,8121
7412,5806
7413,3936
7414,9752
7415,0707
7416,9224
7417,7179
7418,2293
7419,5471
7420,7963
7421,6230
7422,8868
7423,1954
7424,0790
7425,5279
7426,0815
7427,0030
7428,9621
7429,1078
7430,8230
7431,0363
7432,7513
7433,6966
7434,2612
7435,2569
7436,9171
7437,4634
7438,4360
7439,8705
7440,5877
7441,9129
7442,1110
7443,9982
7444,8646
7445,6094
7446,2515
7447,0320
7448,9325
7449,5545
7450,2756
7451,9594
7452,8519
7453,7998
7454,3219
7455,4022
7456,0635
7457,6744
7458,8138
7459,5373
7460,9095
7461,6806
7462,6739
7463,3463
7464,2133
7465,7907
7466,2654
7467,3975
7468,2460
7469,0140
7470,6990
7471,4251
7472,3500
7473,4821
7474,9187
7475,8986
7476,0243
7477,3727
7478,0579
7479,4394
7480,6981
7481,6048
7482,4039
7483,2677
7484,7968
7485,6210
7486,5876
7487,8345
7488,2055
7489,5593
7490,4261
7491,8134
7492,1582
7493,3837
7494,9107
7495,3796
7496,4826
7497,2333
7498,1129
7499,5346
7500,1620
7501,8197
7502,7771
7503,5483
7504,6561
7505,9298
7506,7609
7507,7779
7508,1007
7509,5107
7510,0003
7511,2360
7512,2233
7513,1991
7514,3052
7515,2125
7516,2944
7517,3782
7518,0457
7519,8614
7520,5869
7521,6751
7522,4789
7523,6246
7524,4578
7525,5692
7526,0863
7527,5423
7528,8351
7529,6945
7530,7469
7531,6522
7532,8380
7533,4777
7534,6291
7535,2469
7536,3402
7537,7504
7538,9631
7539,7892
7540,0909
7541,9483
7542,6080
7543,7691
7544,8132
7545,5450
7546,4360
7547,0281
7548,8273
7549,3048
7550,9367
7551,6220
7552,7521
7553,8590
7554,1173
7555,2974
7556,5722
7557,0236
7558,9262
7559,6031
7560,5657
7561,8414
7562,7391
7563,0561
7564,4948
7565,1372
7566,1688
7567,5699
7568,7421
7569,7496
7570,4391
7571,9748
7572,4811
7573,0577
7574,8802
7575,0862
7576,0001
7577,3940
7578,1850
7579,7060
7580,4551
7581,0686
7582,5717
7583,4581
7584,4841
7585,2439
7586,6721
7587,3251
7588,6724
7589,2686
7590,1338
7591,0222
7592,4342
7593,0922
7594,1057
7595,9027
7596,3125
7597,9918
7598,0016
7599,6312
7600,2056
7601,4886
7602,2052
7603,4500
7604,3524
7605,8028
7606,4930
7607,2180
7608,7721
7609,3194
7610,8436
7611,4117
7612,3908
7613,4667
7614,8940
7615,9587
7616,9669
7617,6575
7618,5291
7619,1711
7620,4985
7621,3616
7622,8571
7623,8747
7624,3924
7625,7515
7626,1868
7627,9545
7628,9925
7629,7106
7630,7868
7631,9958
7632,5574
7633,3492
7634,4879
7635,9224
7636,3031
7637,4346
7638,9029
7639,8489
7640,4937
7641,5671
7642,7030
7643,9810
7644,1792
7645,9718
7646,1971
7647,3855
7648,0116
7649,9756
7650,4071
7651,9386
7652,1475
7653,7095
7654,5911
7655,6437
7656,3220
7657,8559
7658,3899
7659,7564
7660,2973
7661,5043
7662,9317
7663,4439
7664,7278
7665,3090
7666,7018
7667,6116
7668,1411
7669,1508
7670,8843
7671,7729
7672,1380
7673,7449
7674,6900
7675,5665
7676,1117
7677,8888
7678,0263
7679,0675
7680,4468
7681,9118
7682,9693
7683,8833
7684,3792
7685,6587
7686,3853
7687,2998
7688,4664
7689,3914
7690,2149
7691,6091
7692,1242
7693,6150
7694,2065
7695,5458
7696,3224
7697,6103
7698,5629
7699,5977
7700,8169
7701,0310
7702,0016
7703,0803
7704,4825
7705,6042
7706,2794
7707,1620
7708,4813
7709,5515
7710,5431
7711,4691
7712,7876
7713,3455
7714,4479
7715,3241
7716,9648
7717,5057
7718,9928
7719,9047
7720,1844
7721,3722
7722,9433
7723,2401
7724,7030
7725,4714
7726,6786
7727,5790
7728,0631
7729,4470
7730,7064
7731,7884
7732,9341
7733,4723
7734,3473
7735,8659
7736,7331
7737,3800
7738,4020
7739,9724
7740,1739
7741,9405
7742,7532
7743,2276
7744,4177
7745,2895
7746,7957
7747,4541
7748,4655
7749,5861
7750,0542
7751,6048
7752,6235
7753,0208
7754,5553
7755,2403
7756,1518
7757,3084
7758,5531
7759,5329
7760,4105
7761,1126
7762,3458
7763,7448
7764,1708
7765,9236
7766,9840
7767,6074
7768,2329
7769,1988
7770,4942
7771,3424
7772,3036
7773,6411
7774,7533
7775,7374
7776,9766
7777,4935
7778,4714
7779,5930
7780,8396
7781,5059
7782,3585
7783,3815
7784,8932
7785,8896
7786,0159
7787,8461
7788,0704
7789,3641
7790,3568
7791,7118
7792,6179
7793,8564
7794,5738
7795,6789
7796,3204
7797,8982
7798,8693
7799,3064
7800,9007
7801,9968
7802,1365
7803,7162
7804,1779
7805,8324
7806,0900
7807,4780
7808,7223
7809,8705
7810,3214
7811,8087
7812,0156
7813,3920
7814,0951
7815,1054
7816,4978
7817,3737
7818,2874
7819,1176
7820,0454
7821,1513
7822,2905
7823,8956
7824,3542
7825,6504
7826,2902
7827,8391
7828,8323
7829,6007
7830,0046
7831,6993
7832,2245
7833,2438
7834,3117
7835,0992
7836,4269
7837,6978
7838,4825
7839,8099
7840,9272
7841,9657
7842,5828
7843,4849
7844,3438
7845,9003
7846,0479
7847,6058
7848,3273
7849,8317
7850,4777
7851,4763
7852,5574
7853,0940
7854,5839
7855,5067
7856,2245
7857,7697
7858,2089
7859,7236
7860,9122
7861,7888
7862,5462
7863,4891
7864,6953
7865,5756
7866,0069
7867,8998
7868,7653
7869,0333
7870,8844
7871,6280
7872,3400
7873,4407
7874,4485
7875,7363
7876,0261
7877,9131
7878,8581
7879,6519
7880,6627
7881,1945
7882,0054
7883,3992
7884,0206
7885,3456
7886,6133
7887,8443
7888,0489
7889,3510
7890,8164
7891,3293
7892,4088
7893,6059
7894,7076
7895,7477
7896,9821
7897,0884
7898,9602
7899,9045
7900,0752
7901,7452
7902,9554
7903,0273
7904,3277
7905,7096
7906,8091
7907,3551
7908,9953
7909,4413
7910,4658
7911,4426
7912,5134
7913,5575
7914,3706
7915,0048
7916,0041
7917,9690
7918,0670
7919,6589
7920,8431
7921,8962
7922,3510
7923,8322
7924,5920
7925,5475
7926,7372
7927,9458
7928,1148
7929,1780
7930,1302
7931,7281
7932,9614
7933,3818
7934,8834
7935,9291
7936,2349
7937,5905
7938,4792
7939,2725
7940,7691
7941,3503
7942,1821
7943,4938
7944,8053
7945,1314
7946,5153
7947,9353
7948,6528
7949,9573
7950,9195
7951,0174
7952,7813
7953,7723
7954,3795
7955,9958
7956,9643
7957,5494
7958,2821
7959,3857
7960,4970
7961,5025
7962,3343
7963,4660
7964,9767
7965,6959
7966,6799
7967,1432
7968,2330
7969,6058
7970,7423
7971,6649
7972,6119
7973,6968
7974,8452
7975,2107
7976,4993
7977,1618
7978,1223
7979,7275
7980,6790
7981,8512
7982,2286
7983,8680
7984,7313
7985,8036
7986,8552
7987,8066
7988,6632
7989,1093
7990,3179
7991,3988
7992,5715
7993,6546
7994,5097
7995,5879
7996,1303
7997,1318
7998,5094
7999,2455
8000,8017
8001,2615
8002,0235
8003,4809
8004,7189
8005,3486
8006,5583
8007,6473
8008,5699
8009,1824
8010,2434
8011,0992
8012,2718
8013,1930
8014,2451
8015,4595
8016,3139
8017,9745
8018,7535
8019,9065
8020,0490
8021,2292
8022,0157
8023,8530
8024,8891
8025,5807
8026,0400
8027,9260
8028,6729
8029,3975
8030,3359
8031,5751
8032,5569
8033,8142
8034,0378
8035,1875
8036,7625
8037,9272
8038,6551
8039,6766
8040,6672
8041,8993
8042,3710
8043,7195
8044,7863
8045,1974
8046,1999
8047,1902
8048,3172
8049,7512
8050,9712
8051,0132
8052,1220
8053,3204
8054,7294
8055,9478
8056,4713
8057,2730
8058,5995
8059,3631
8060,2720
8061,7191
8062,5351
8063,6817
8064,9104
8065,6859
8066,5493
8067,4826
8068,0783
8069,6451
8070,0625
8071,4145
8072,4072
8073,0630
8074,0074
8075,9345
8076,5796
8077,7292
8078,0104
8079,1121
8080,2669
8081,4079
8082,9915
8083,6061
8084,6535
8085,9448
8086,8159
8087,2364
8088,5296
8089,7675
8090,3841
8091,4108
8092,9823
8093,0105
8094,3728
8095,3751
8096,7472
8097,8192
8098,5857
8099,6119
8100,3342
8101,6768
8102,7837
8103,4514
8104,8500
8105,8568
8106,7693
8107,8221
8108,5655
8109,2947
8110,1894
8111,0355
8112,3543
8113,8772
8114,7348
8115,2864
8116,4316
8117,3512
8118,9620
8119,2516
8120,7321
8121,1131
8122,3204
8123,0522
8124,5125
8125,0754
8126,9115
8127,4149
8128,7447
8129,7625
8130,4502
8131,6299
8132,9513
8133,9452
8134,5635
8135,6843
8136,6586
8137,0977
8138,6477
8139,5120
8140,0012
8141,8229
8142,8741
8143,6195
8144,5563
8145,1282
8146,2506
8147,1492
8148,2489
8149,3339
8150,8096
8151,6192
8152,7126
8153,4139
8154,6969
8155,3300
8156,7622
8157,9559
8158,9406
8159,9101
8160,8963
8161,3053
8162,3155
8163,0829
8164,1515
8165,5862
8166,8561
8167,9818
8168,8685
8169,1298
8170,7832
8171,1741
8172,2148
8173,9935
8174,9742
8175,9054
8176,2322
8177,6964
8178,9961
8179,9434
8180,2088
8181,1541
8182,3364
8183,2261
8184,9368
8185,7072
8186,7370
8187,6301
8188,4621
8189,6549
8190,7462
8191,0919
8192,9577
8193,7042
8194,2175
8195,5553
8196,0367
8197,5765
8198,8759
8199,8747
8200,6912
8201,2968
8202,0275
8203,6406
8204,8331
8205,6031
8206,5789
8207,9609
8208,9776
8209,0421
8210,9511
8211,3517
8212,6870
8213,8758
8214,5539
8215,2285
8216,2225
8217,2698
8218,9884
8219,9849
8220,6758
8221,3383
8222,4905
8223,1151
8224,1788
8225,6309
8226,9715
8227,6020
8228,2144
8229,1877
8230,3083
8231,6533
8232,7098
8233,4152
8234,5274
8235,5304
8236,6430
8237,8505
8238,4555
8239,5243
8240,0132
8241,0843
8242,7907
8243,1098
8244,1235
8245,8342
8246,7672
8247,6276
8248,2692
8249,9622
8250,5163
8251,1796
8252,1243
8253,9912
8254,7844
8255,9970
8256,1422
8257,1290
8258,0576
8259,4338
8260,3865
8261,8469
8262,3050
8263,1747
8264,9257
8265,0903
8266,4177
8267,6115
8268,4228
8269,0015
8270,4445
8271,4292
8272,6842
8273,7377
8274,7005
8275,3293
8276,9641
8277,6176
8278,1219
8279,4270
8280,9679
8281,5869
8282,2572
8283,0254
8284,6389
8285,5569
8286,6055
8287,8133
8288,6390
8289,6084
8290,2737
8291,2324
8292,3723
8293,4427
8294,1106
8295,1172
8296,5594
8297,0325
8298,6768
8299,8916
8300,5853
8301,0640
8302,5688
8303,5078
8304,7463
8305,9807
8306,7500
8307,2018
8308,1787
8309,6981
8310,6934
8311,1758
8312,0575
8313,4360
8314,4077
8315,6160
8316,5972
8317,1900
8318,9956
8319,4298
8320,4153
8321,4491
8322,0692
8323,2862
8324,9666
8325,3019
8326,5567
8327,8863
8328,5603
8329,8470
8330,1020
8331,7398
8332,1830
8333,2291
8334,9912
8335,5374
8336,9917
8337,2315
8338,7567
8339,0287
8340,7170
8341,6630
8342,3307
8343,8403
8344,4251
8345,5333
8346,6370
8347,3752
8348,8779
8349,1099
8350,9744
8351,8015
8352,9545
8353,2215
8354,1013
8355,2222
8356,3849
8357,8813
8358,8575
8359,2413
8360,6560
8361,1182
8362,7189
8363,7378
8364,9566
8365,3987
8366,8686
8367,7658
8368,5848
8369,1046
8370,3582
8371,7214
8372,8262
8373,9057
8374,8141
8375,5497
8376,8381
8377,2674
8378,3952
8379,2003
8380,6814
8381,7551
8382,2867
8383,4742
8384,7694
8385,3824
8386,0896
8387,5550
8388,4006
8389,1275
8390,5465
8391,0487
8392,5941
8393,8351
8394,0409
8395,1536
8396,3132
8397,9983
8398,0728
8399,9724
8400,6749
8401,5404
8402,5328
8403,8074
8404,2270
8405,7872
8406,2327
8407,8046
8408,7195
8409,1791
8410,5979
8411,2417
8412,1934
8413,4621
8414,9684
8415,3406
8416,5140
8417,2512
8418,3912
8419,9085
8420,7134
8421,1999
8422,0748
8423,8439
8424,1966
8425,4379
8426,1620
8427,1259
8428,4505
8429,3566
8430,6450
8431,0767
8432,5049
8433,4150
8434,5121
8435,6771
8436,0905
8437,4060
8438,0053
8439,1188
8440,6817
8441,5628
8442,4656
8443,1302
8444,9778
8445,2364
8446,7145
8447,8633
8448,8281
8449,6166
8450,4508
8451,7588
8452,0366
8453,5168
8454,2289
8455,6199
8456,4507
8457,4830
8458,6403
8459,6950
8460,3885
8461,9270
8462,2518
8463,1617
8464,4320
8465,6038
8466,5835
8467,7954
8468,0891
8469,6774
8470,9165
8471,9425
8472,4027
8473,2575
8474,0000
8475,4989
8476,5474
8477,1662
8478,5528
8479,1767
8480,7255
8481,8112
8482,5144
8483,6186
8484,1502
8485,5283
8486,0450
8487,2112
8488,3633
8489,2047
8490,6810
8491,1497
8492,9699
8493,5132
8494,2338
8495,8374
8496,3880
8497,1394
8498,8099
8499,2080
8500,8342
8501,1829
8502,1214
8503,6232
8504,0447
8505,8031
8506,4805
8507,9894
8508,7598
8509,4870
8510,4190
8511,0515
8512,1530
8513,3926
8514,7553
8515,2958
8516,1219
8517,5780
8518,6708
8519,8378
8520,1231
8521,1603
8522,2360
8523,0871
8524,1136
8525,4665
8526,8924
8527,2270
8528,3546
8529,7064
8530,2106
8531,5905
8532,7550
8533,6086
8534,8764
8535,7221
8536,3983
8537,2962
8538,5492
8539,9829
8540,7618
8541,5442
8542,7216
8543,8816
8544,8129
8545,3384
8546,1457
8547,4528
8548,1912
8549,2828
8550,3101
8551,7271
8552,9616
8553,0349
8554,3012
8555,0822
8556,8715
8557,5920
8558,2744
8559,3462
8560,0297
8561,0431
8562,3581
8563,0237
8564,7410
8565,4149
8566,0357
8567,9450
8568,0144
8569,1664
8570,3725
8571,5621
8572,9730
8573,4335
8574,0498
8575,5210
8576,7008
8577,0534
8578,6663
8579,2756
8580,5734
8581,7020
8582,4175
8583,8253
8584,7339
8585,5807
8586,9964
8587,7087
8588,7719
8589,7753
8590,0289
8591,5601
8592,3364
8593,8911
8594,5362
8595,4308
8596,5090
8597,9300
8598,3536
8599,4311
8600,6887
8601,7610
8602,8959
8603,1965
8604,2024
8605,3528
8606,7857
8607,0992
8608,5008
8609,2703
8610,4188
8611,4558
8612,1102
8613,6551
8614,8203
8615,7054
8616,1869
8617,7655
8618,6749
8619,1457
8620,6571
8621,3040
8622,7554
8623,1155
8624,8606
8625,4022
8626,3015
8627,4760
8628,0094
8629,0066
8630,5112
8631,0421
8632,7062
8633,6175
8634,1871
8635,5033
8636,8386
8637,2832
8638,9319
8639,6650
8640,5964
8641,2907
8642,9980
8643,9337
8644,7755
8645,5652
8646,3015
8647,1149
8648,7838
8649,5873
8650,5702
8651,9681
8652,8328
8653,8792
8654,4448
8655,5401
8656,0076
8657,6533
8658,4802
8659,2928
8660,3226
8661,3895
8662,7763
8663,9403
8664,1760
8665,8527
8666,5063
8667,4163
8668,9157
8669,9333
8670,7846
8671,0239
8672,6832
8673,5550
8674,9954
8675,9662
8676,6485
8677,0832
8678,5400
8679,6951
8680,9115
8681,9203
8682,7155
8683,4472
8684,4316
8685,8087
8686,5504
8687,4105
8688,7690
8689,0392
8690,5468
8691,0360
8692,8185
8693,7491
8694,9982
8695,2927
8696,0019
8697,4572
8698,5442
8699,5242
8700,1108
8701,9284
8702,9414
8703,4526
8704,8998
8705,5493
8706,8816
8707,0472
8708,4602
8709,1384
8710,4565
8711,8543
8712,4764
8713,6585
8714,8688
8715,7078
8716,0982
8717,0734
8718,4018
8719,9099
8720,7651
8721,1873
8722,6534
8723,6633
8724,7931
8725,5446
8726,3503
8727,9833
8728,2666
8729,6394
8730,9808
8731,1833
8732,7282
8733,9604
8734,8311
8735,3308
8736,0947
8737,6782
8738,8051
8739,7997
8740,6989
8741,9316
8742,3988
8743,9567
8744,2742
8745,3010
8746,6597
8747,6945
8748,9614
8749,7671
8750,8674
8751,9336
8752,2589
8753,8417
8754,1551
8755,6677
8756,2060
8757,7534
8758,3899
8759,0694
8760,0660
8761,9728
8762,0367
8763,2879
8764,1430
8765,1388
8766,6780
8767,4940
8768,1103
8769,1349
8770,2491
8771,8153
8772,0738
8773,0372
8774,9482
8775,7361
8776,0262
8777,4769
8778,2035
8779,0891
8780,6816
8781,3994
8782,7734
8783,9328
8784,9972
8785,6557
8786,9324
8787,1117
8788,6911
8789,3713
8790,2952
8791,0550
8792,6947
8793,5703
8794,7986
8795,7208
8796,5226
8797,3503
8798,4806
8799,5862
8800,5519
8801,4235
8802,3634
8803,4081
8804,8996
8805,5145
8806,7632
8807,5154
8808,2687
8809,8198
8810,6461
8811,8630
8812,0514
8813,7373
8814,6833
8815,0152
8816,0974
8817,5104
8818,7432
8819,5669
8820,7157
8821,0107
8822,2311
8823,7188
8824,6306
8825,2378
8826,0510
8827,7305
8828,2167
8829,5865
8830,0476
8831,3619
8832,2930
8833,1763
8834,5733
8835,2804
8836,5853
8837,7414
8838,3926
8839,0066
8840,8538
8841,4357
8842,9074
8843,4693
8844,7579
8845,5032
8846,2366
8847,7493
8848,1826
8849,5586
8850,4207
8851,0524
8852,3967
8853,0143
8854,2029
8855,1634
8856,3291
8857,6878
8858,2364
8859,9839
8860,8604
8861,1144
8862,1462
8863,3042
8864,2731
8865,4241
8866,1955
8867,4417
8868,6659
8869,3013
8870,1179
8871,4486
8872,3253
8873,9246
8874,4452
8875,9625
8876,6784
8877,9656
8878,0745
8879,5299
8880,6110
8881,8963
8882,1159
8883,2400
8884,4939
8885,2532
8886,4633
8887,9457
8888,4803
8889,8369
8890,7340
8891,6472
8892,2203
8893,0268
8894,5833
8895,2810
8896,2414
8897,2989
8898,6936
8899,4394
8900,1074
8901,8090
8902,8684
8903,4331
8904,7690
8905,5175
8906,9076
8907,5013
8908,7487
8909,7251
8910,1243
8911,3277
8912,1609
8913,7677
8914,8208
8915,7709
8916,4984
8917,2256
8918,3160
8919,4098
8920,7696
8921,4947
8922,6920
8923,9620
8924,1502
8925,8753
8926,7904
8927,0773
8928,6610
8929,6268
8930,8546
8931,4828
8932,5568
8933,1224
8934,9855
8935,5656
8936,9901
8937,8372
8938,1767
8939,1774
8940,1847
8941,8953
8942,3937
8943,9949
8944,0377
8945,4726
8946,0466
8947,7246
8948,6615
8949,7907
8950,2249
8951,3662
8952,0105
8953,1369
8954,3406
8955,9840
8956,4349
8957,1501
8958,4892
8959,1589
8960,5417
8961,6236
8962,9952
8963,3757
8964,2008
8965,8373
8966,2489
8967,5554
8968,9229
8969,4226
8970,1436
8971,8502
8972,7973
8973,0182
8974,5818
8975,7529
8976,9829
8977,2626
8978,5557
8979,5476
8980,7700
8981,6940
8982,8490
8983,2222
8984,7045
8985,4671
8986,3006
8987,1968
8988,9425
8989,2224
8990,4891
8991,5730
8992,0669
8993,6583
8994,3381
8995,8174
8996,9282
8997,7332
8998,8621
8999,8667
9000,1652
9001,9324
9002,6113
9003,7221
9004,4544
9005,7034
9006,5567
9007,1932
9008,7387
9009,0610
9010,1739
9011,8562
9012,7738
9013,9020
9014,1292
9015,6076
9016,6459
9017,0519
9018,5488
9019,6928
9020,9859
9021,3633
9022,2296
9023,5849
9024,3083
9025,4269
9026,6952
9027,2023
9028,5184
9029,8319
9030,7560
9031,7985
9032,0589
9033,7746
9034,6161
9035,8541
9036,3433
9037,8244
9038,5497
9039,1837
9040,0041
9041,8620
9042,9043
9043,6328
9044,5261
9045,2842
9046,4863
9047,6621
9048,0462
9049,5249
9050,8517
9051,0453
9052,6829
9053,8761
9054,7339
9055,4444
9056,9904
9057,4058
9058,8856
9059,7774
9060,8329
9061,6818
9062,2830
9063,8177
9064,1002
9065,7989
9066,1215
9067,2590
9068,8798
9069,8862
9070,6426
9071,8995
9072,0754
9073,5684
9074,4522
9075,2986
9076,4994
9077,0776
9078,7979
9079,0560
9080,8234
9081,5717
9082,8171
9083,7579
9084,6093
9085,8012
9086,8719
9087,2765
9088,9552
9089,4815
9090,2097
9091,6904
9092,5411
9093,2078
9094,3951
9095,4794
9096,7947
9097,5300
9098,4489
9099,1005
9100,6083
9101,5663
9102,6287
9103,9026
9104,8443
9105,2431
9106,3866
9107,2304
9108,8211
9109,9752
9110,5500
9111,9368
9112,3170
9113,9016
9114,2831
9115,0388
9116,6351
9117,5122
9118,5015
9119,9610
9120,9478
9121,0467
9122,5525
9123,8698
9124,8712
9125,3332
9126,6984
9127,5608
9128,3323
9129,8544
9130,0162
9131,2787
9132,4772
9133,2701
9134,0614
9135,6898
9136,0814
9137,3426
9138,7794
9139,8988
9140,6554
9141,0365
9142,8989
9143,6137
9144,3625
9145,4496
9146,1790
9147,7199
9148,1001
9149,2167
9150,2226
9151,2460
9152,9722
9153,5599
9154,8092
9155,4950
9156,1894
9157,1481
9158,3504
9159,7777
9160,5630
9161,1302
9162,8192
9163,0537
9164,0780
9165,3665
9166,9692
9167,4878
9168,2228
9169,9692
9170,3179
9171,1849
9172,0425
9173,4009
9174,1573
9175,0843
9176,8030
9177,5583
9178,5319
9179,5246
9180,8128
9181,6071
9182,0373
9183,5463
9184,1317
9185,9541
9186,7228
9187,9731
9188,6813
9189,6742
9190,0773
9191,2475
9192,6653
9193,9306
9194,5666
9195,2305
9196,4182
9197,4570
9198,9727
9199,4262
9200,4775
9201,7178
9202,9608
9203,6728
9204,9074
9205,3241
9206,4257
9207,2242
9208,4172
9209,8352
9210,3023
9211,9717
9212,8786
9213,2881
9214,1383
9215,2589
9216,7980
9217,6971
9218,1620
9219,8332
9220,1262
9221,8595
9222,0215
9223,0491
9224,5855
9225,0846
9226,3844
9227,5407
9228,4946
9229,2589
9230,9952
9231,2642
9232,3481
9233,1298
9234,9483
9235,2681
9236,7496
9237,2986
9238,5385
9239,3774
9240,8457
9241,1913
9242,4335
9243,3898
9244,1533
9245,5564
9246,7249
9247,1556
9248,3648
9249,5141
9250,9172
9251,2629
9252,0208
9253,9618
9254,9175
9255,2634
9256,1926
9257,1297
9258,1757
9259,9377
9260,1743
9261,5568
9262,4490
9263,4984
9264,2112
9265,7344
9266,0891
9267,0592
9268,7124
9269,8525
9270,5025
9271,0573
9272,8195
9273,0033
9274,6348
9275,0949
9276,3647
9277,9461
9278,4898
9279,8457
9280,9787
9281,7215
9282,8954
9283,3391
9284,1913
9285,2326
9286,6654
9287,5680
9288,3414
9289,2655
9290,2334
9291,3083
9292,8365
9293,3975
9294,1541
9295,8529
9296,9183
9297,0292
9298,5269
9299,7127
9300,6689
9301,6773
9302,4715
9303,7302
9304,8721
9305,6718
9306,6515
9307,8827
9308,2235
9309,6902
9310,8492
9311,2784
9312,2710
9313,8278
9314,8200
9315,0749
9316,6818
9317,2518
9318,3605
9319,6972
9320,3621
9321,6255
9322,9643
9323,7939
9324,6703
9325,5920
9326,3110
9327,4122
9328,7734
9329,9070
9330,1932
9331,6769
9332,6154
9333,7651
9334,2224
9335,5105
9336,0621
9337,0593
9338,5532
9339,9096
9340,9002
9341,9740
9342,6771
9343,1543
9344,5017
9345,8759
9346,0781
9347,2626
9348,0406
9349,1282
9350,1423
9351,7732
9352,4973
9353,0898
9354,5225
9355,2252
9356,1214
9357,6207
9358,4104
9359,0744
9360,2072
9361,7826
9362,4567
9363,0827
9364,2011
9365,1446
9366,9726
9367,1817
9368,0433
9369,8461
9370,2929
9371,4591
9372,5303
9373,6506
9374,0098
9375,3397
9376,3952
9377,5247
9378,0657
9379,2111
9380,0843
9381,8360
9382,1379
9383,7605
9384,6603
9385,8027
9386,8211
9387,7530
9388,4108
9389,1971
9390,8303
9391,1770
9392,1476
9393,8932
9394,8478
9395,9083
9396,3371
9397,9608
9398,0566
9399,7530
9400,4512
9401,5344
9402,1768
9403,7063
9404,8224
9405,0936
9406,1684
9407,9708
9408,5262
9409,1842
9410,8725
9411,4478
9412,9399
9413,5164
9414,8435
9415,4448
9416,7165
9417,7463
9418,9948
9419,5190
9420,9701
9421,5337
9422,2532
9423,3422
9424,8830
9425,5451
9426,1025
9427,0448
9428,2899
9429,0614
9430,1209
9431,5556
9432,8475
9433,1513
9434,3978
9435,4780
9436,1310
9437,0713
9438,2098
9439,1633
9440,1515
9441,2065
9442,9968
9443,3076
9444,2112
9445,0084
9446,4711
9447,2743
9448,4773
9449,6693
9450,1102
9451,4802
9452,7105
9453,4981
9454,4795
9455,4016
9456,5076
9457,7420
9458,3054
9459,1680
9460,0144
9461,8848
9462,1295
9463,6779
9464,5790
9465,4590
9466,4611
9467,3391
9468,9890
9469,5215
9470,4635
9471,2254
9472,7504
9473,0184
9474,3616
9475,3336
9476,5016
9477,3906
9478,1658
9479,4067
9480,8703
9481,0134
9482,3667
9483,4270
9484,6836
9485,6130
9486,6824
9487,7344
9488,3963
9489,2971
9490,6906
9491,9284
9492,9059
9493,4761
9494,8878
9495,2090
9496,7350
9497,3031
9498,6849
9499,2209
9500,1739
9501,6526
9502,4797
9503,2473
9504,3769
9505,3452
9506,2567
9507,5345
9508,0330
9509,0596
9510,5653
9511,7146
9512,2207
9513,1248
9514,4226
9515,4216
9516,8198
9517,7289
9518,1957
9519,4259
9520,1416
9521,0321
9522,4085
9523,3098
9524,4972
9525,4527
9526,7084
9527,6689
9528,5659
9529,7590
9530,0316
9531,1100
9532,7776
9533,2403
9534,6937
9535,0071
9536,1160
9537,4467
9538,5504
9539,3889
9540,6525
9541,0633
9542,1994
9543,5650
9544,6319
9545,6417
9546,5026
9547,8094
9548,1514
9549,1326
9550,1762
9551,6372
9552,0478
9553,0025
9554,5980
9555,4169
9556,8328
9557,0200
9558,4093
9559,9620
9560,0425
9561,4698
9562,8690
9563,1038
9564,6570
9565,8930
9566,6032
9567,1657
9568,0027
9569,2521
9570,0298
9571,7968
9572,9545
9573,6464
9574,1056
9575,0643
9576,1037
9577,1813
9578,6019
9579,7740
9580,8318
9581,8560
9582,3958
9583,8206
9584,5579
9585,7087
9586,1095
9587,5990
9588,4891
9589,3203
9590,3335
9591,2560
9592,0944
9593,7563
9594,2407
9595,9732
9596,8770
9597,6846
9598,6216
9599,1177
9600,5791
9601,5357
9602,5036
9603,2737
9604,4446
9605,7102
9606,3721
9607,2958
9608,7036
9609,2588
9610,8489
9611,0427
9612,8991
9613,7105
9614,4088
9615,4387
9616,3522
9617,3333
9618,8531
9619,8658
9620,4632
9621,0055
9622,7902
9623,0537
9624,6318
9625,2190
9626,8336
9627,9689
9628,3802
9629,6737
9630,7552
9631,2108
9632,9181
9633,8726
9634,5481
9635,8457
9636,8287
9637,3485
9638,2578
9639,5912
9640,8909
9641,0433
9642,4170
9643,7707
9644,3809
9645,1739
9646,2927
9647,6502
9648,3558
9649,3505
9650,2658
9651,9756
9652,5309
9653,4330
9654,3833
9655,8575
9656,1226
9657,9175
9658,8359
9659,6101
9660,0590
9661,1187
9662,6888
9663,4197
9664,8073
9665,3782
9666,7929
9667,1141
9668,5216
9669,3059
9670,8662
9671,8913
9672,9127
9673,4983
9674,6854
9675,0698
9676,2134
9677,0972
9678,3714
9679,2696
9680,5689
9681,3652
9682,5652
9683,0937
9684,6261
9685,9725
9686,0563
9687,5889
9688,1450
9689,2388
9690,9540
9691,5394
9692,0101
9693,1678
9694,9351
9695,9979
9696,9014
9697,0551
9698,2526
9699,1647
9700,5740
9701,5982
9702,3882
9703,9903
9704,7334
9705,3158
9706,3703
9707,9883
9708,6058
9709,6014
9710,7209
9711,0206
9712,1661
9713,7691
9714,1296
9715,6772
9716,0103
9717,3302
9718,2327
9719,7890
9720,8490
9721,2228
9722,6632
9723,8452
9724,0275
9725,5615
9726,7857
9727,2985
9728,0047
9729,2825
9730,0769
9731,4217
9732,3102
9733,8138
9734,5342
9735,2891
9736,0653
9737,7315
9738,7074
9739,9587
9740,2948
9741,0573
9742,0579
9743,9571
9744,1036
9745,6113
9746,8651
9747,5867
9748,1208
9749,0248
9750,6021
9751,4128
9752,6225
9753,1938
9754,4384
9755,6682
9756,9050
9757,5267
9758,6359
9759,0379
9760,5355
9761,7922
9762,9217
9763,7687
9764,7603
9765,4175
9766,5226
9767,9238
9768,1021
9769,2069
9770,7000
9771,5503
9772,1479
9773,5222
9774,3222
9775,8048
9776,6384
9777,8147
9778,9998
9779,3822
9780,2037
9781,5511
9782,6919
9783,4591
9784,2471
9785,9226
9786,6587
9787,1969
9788,1872
9789,4020
9790,6173
9791,4514
9792,9957
9793,9699
9794,2507
9795,3229
9796,0719
9797,7680
9798,4056
9799,0709
9800,0763
9801,1469
9802,4176
9803,4285
9804,5768
9805,2387
9806,2910
9807,7492
9808,7439
9809,9726
9810,8561
9811,3340
9812,1723
9813,1475
9814,9985
9815,5722
9816,6725
9817,9681
9818,2724
9819,5521
9820,8707
9821,2755
9822,9948
9823,8480
9824,3238
9825,3247
9826,9832
9827,0271
9828,4756
9829,6204
9830,8109
9831,3433
9832,2913
9833,1099
9834,4187
9835,8102
9836,0822
9837,7318
9838,1327
9839,0189
9840,6564
9841,3730
9842,8473
9843,8050
9844,0893
9845,6771
9846,3805
9847,5995
9848,0566
9849,3494
9850,3357
9851,8337
9852,5459
9853,8445
9854,0521
9855,8867
9856,2544
9857,3638
9858,9982
9859,6572
9860,4799
9861,2635
9862,5491
9863,3156
9864,0349
9865,0161
9866,7931
9867,9194
9868,2113
9869,7783
9870,8445
9871,4211
9872,1554
9873,7791
9874,3543
9875,6006
9876,3125
9877,5884
9878,3699
9879,9949
9880,9806
9881,5056
9882,7087
9883,4059
9884,7680
9885,7927
9886,6068
9887,3395
9888,4834
9889,8739
9890,7758
9891,8167
9892,1944
9893,0161
9894,1628
9895,5914
9896,0740
9897,1940
9898,5349
9899,7779
9900,9360
9901,9977
9902,5559
9903,2315
9904,5590
9905,2320
9906,4004
9907,6002
9908,8436
9909,8482
9910,9130
9911,6891
9912,2945
9913,5453
9914,1532
9915,8930
9916,9717
9917,6741
9918,9987
9919,9849
9920,0984
9921,6872
9922,1927
9923,4956
9924,0257
9925,4252
9926,6614
9927,6236
9928,9110
9929,9889
9930,3063
9931,0434
9932,6312
9933,3422
9934,6132
9935,2923
9936,3357
9937,2328
9938,9864
9939,0246
9940,3867
9941,4836
9942,1736
9943,4468
9944,0978
9945,4983
9946,6979
9947,1175
9948,5545
9949,2171
9950,9006
9951,3645
9952,3787
9953,0834
9954,9996
9955,1054
9956,9326
9957,6449
9958,2528
9959,1511
9960,1424
9961,8437
9962,1720
9963,7618
9964,9160
9965,7798
9966,0715
9967,9127
9968,1874
9969,4068
9970,0566
9971,0808
9972,5849
9973,5058
9974,7884
9975,2198
9976,2567
9977,2846
9978,9719
9979,4716
9980,2367
9981,9481
9982,3337
9983,5258
9984,6347
9985,8990
9986,9308
9987,5142
9988,9624
9989,7771
9990,8491
9991,1339
9992,8556
9993,2636
9994,4243
9995,9972
9996,2874
9997,8014
9998,3719
9999,6797
10000,1552
10001,4310
10002,7506
10003,2575
10004,4393
10005,5425
10006,2750
10007,2682
10008,8725
10009,7605
10010,3759
10011,2041
10012,0252
10013,6417
10014,1025
10015,2723
10016,1393
10017,1770
10018,9172
10019,6155
10020,4210
10021,4132
10022,3118
10023,9852
10024,0381
10025,5350
10026,1338
10027,8301
10028,3606
10029,5366
10030,5723
10031,8344
10032,0463
10033,5710
10034,8069
10035,4613
10036,3491
10037,2098
10038,4839
10039,5758
10040,8482
10041,7484
10042,0041
10043,4948
10044,8010
10045,4154
10046,6631
10047,1176
10048,2359
10049,1237
10050,0789
10051,6188
10052,1554
10053,5383
10054,9672
10055,3560
10056,4328
10057,2670
10058,7461
10059,8950
10060,8201
10061,8508
10062,8261
10063,5510
10064,6684
10065,5776
10066,6048
10067,4277
10068,8955
10069,9288
10070,7329
10071,2641
10072,1758
10073,6615
10074,2654
10075,1320
10076,3412
10077,7044
10078,3218
10079,3706
10080,7353
10081,4737
10082,0698
10083,1986
10084,9762
10085,6322
10086,4427
10087,3390
10088,3979
10089,3172
10090,3365
10091,2608
10092,5139
10093,4464
10094,1907
10095,9188
10096,3545
10097,1593
10098,8693
10099,2781
10100,2458
10101,5267
10102,3560
10103,3374
10104,1688
10105,9815
10106,6446
10107,1406
10108,5660
10109,4756
10110,8060
10111,0432
10112,5140
10113,1398
10114,8703
10115,5283
10116,3532
10117,7211
10118,5244
10119,6962
10120,9553
10121,1875
10122,9745
10123,1311
10124,0041
10125,7327
10126,7838
10127,5302
10128,1579
10129,5055
10130,7722
10131,7295
10132,2224
10133,7523
10134,1993
10135,0915
10136,4896
10137,4492
10138,3089
10139,1856
10140,8879
10141,9608
10142,2606
10143,0256
10144,1668
10145,3926
10146,2807
10147,6479
10148,6055
10149,5644
10150,6468
10151,9413
10152,2177
10153,5311
10154,0440
10155,2061
10156,0658
10157,0784
10158,1694
10159,2642
10160,7756
10161,6477
10162,2851
10163,9741
10164,9059
10165,7408
10166,1145
10167,9730
10168,2201
10169,5812
10170,2623
10171,6481
10172,5050
10173,2499
10174,5055
10175,7507
10176,6034
10177,2781
10178,1541
10179,8589
10180,2207
10181,6216
10182,8543
10183,7840
10184,7911
10185,3663
10186,2402
10187,1313
10188,8465
10189,9287
10190,2005
10191,0312
10192,5320
10193,0295
10194,5373
10195,5090
10196,1656
10197,7391
10198,9995
10199,5281
10200,2246
10201,0431
10202,5997
10203,2933
10204,1810
10205,0981
10206,3221
10207,1889
10208,7765
10209,4363
10210,4071
10211,4123
10212,9979
10213,4872
10214,1906
10215,2662
10216,3168
10217,2980
10218,9297
10219,2812
10220,8913
10221,0245
10222,6201
10223,4139
10224,3319
10225,9921
10226,4287
10227,3484
10228,1165
10229,3672
10230,3798
10231,3619
10232,8129
10233,4722
10234,5948
10235,6212
10236,9081
10237,0100
10238,1932
10239,6406
10240,5710
10241,6641
10242,0929
10243,4073
10244,2516
10245,2589
10246,5043
10247,7095
10248,1567
10249,3006
10250,9712
10251,8688
10252,0206
10253,1805
10254,3989
10255,4830
10256,0287
10257,5059
10258,0607
10259,5438
10260,8256
10261,7320
10262,0741
10263,8724
10264,5684
10265,4880
10266,1040
10267,0515
10268,7599
10269,1244
10270,9736
10271,3274
10272,9322
10273,3742
10274,1734
10275,0880
10276,5939
10277,5898
10278,0774
10279,0577
10280,2349
10281,9981
10282,1329
10283,5731
10284,7498
10285,9693
10286,0867
10287,6622
10288,8165
10289,7841
10290,2989
10291,7554
10292,7454
10293,8079
10294,5292
10295,2030
10296,5024
10297,8731
10298,8751
10299,1550
10300,1567
10301,7133
10302,5458
10303,3268
10304,1529
10305,8353
10306,8127
10307,9977
10308,5594
10309,9579
10310,7798
10311,3249
10312,5253
10313,5022
10314,5002
10315,4182
10316,9609
10317,6632
10318,2481
10319,8023
10320,8977
10321,8076
10322,4612
10323,7324
10324,5647
10325,8718
10326,1648
10327,1031
10328,4423
10329,5843
10330,3523
10331,3482
10332,1016
10333,1716
10334,8814
10335,9738
10336,3585
10337,1871
10338,0593
10339,0170
10340,3058
10341,8474
10342,8863
10343,6118
10344,1778
10345,2284
10346,6597
10347,2611
10348,3038
10349,4361
10350,0479
10351,2280
10352,8908
10353,8600
10354,1599
10355,6716
10356,4655
10357,4360
10358,9628
10359,1003
10360,8669
10361,3832
10362,7523
10363,5142
10364,2919
10365,8125
10366,5386
10367,4289
10368,1419
10369,8362
10370,1159
10371,6592
10372,7475
10373,1041
10374,1825
10375,7293
10376,9553
10377,8667
10378,7499
10379,2095
10380,3901
10381,7202
10382,0627
10383,5316
10384,1235
10385,8409
10386,7305
10387,0737
10388,5920
10389,6772
10390,0509
10391,2750
10392,9323
10393,7081
10394,5232
10395,9176
10396,4551
10397,2909
10398,2875
10399,7188
10400,6702
10401,6834
10402,5787
10403,7765
10404,6932
10405,6812
10406,1155
10407,3940
10408,3873
10409,0251
10410,4027
10411,2923
10412,1097
10413,3101
10414,3573
10415,5154
10416,3290
10417,0634
10418,1729
10419,9112
10420,5455
10421,5700
10422,4932
10423,4902
10424,4334
10425,4995
10426,6416
10427,9509
10428,2292
10429,4284
10430,6677
10431,7668
10432,3657
10433,8369
10434,6765
10435,6717
10436,9060
10437,2853
10438,1112
10439,1695
10440,2536
10441,4957
10442,6245
10443,7881
10444,2643
10445,1333
10446,8249
10447,3935
10448,7807
10449,5734
10450,8913
10451,7279
10452,0149
10453,7869
10454,7766
10455,6722
10456,2328
10457,8305
10458,8311
10459,2756
10460,3071
10461,4258
10462,8049
10463,9420
10464,8193
10465,2873
10466,7597
10467,9323
10468,1049
10469,2911
10470,8888
10471,6468
10472,6894
10473,6257
10474,1367
10475,4750
10476,8670
10477,6549
10478,3055
10479,9220
10480,3185
10481,8540
10482,8713
10483,4983
10484,9372
10485,0784
10486,1014
10487,2753
10488,6213
10489,4347
10490,7735
10491,4100
10492,8627
10493,9985
10494,2018
10495,9603
10496,7287
10497,2936
10498,2547
10499,3792
10500,7186
10501,3221
10502,0950
10503,8992
10504,8418
10505,6987
10506,2062
10507,9260
10508,8660
10509,5971
10510,9537
10511,0754
10512,2778
10513,4620
10514,0302
10515,8153
10516,2412
10517,1941
10518,8488
10519,7488
10520,0663
10521,0455
10522,2717
10523,8970
10524,9003
10525,3479
10526,2871
10527,8529
10528,4388
10529,0703
10530,8048
10531,4750
10532,3633
10533,7432
10534,8940
10535,1846
10536,4376
10537,5795
10538,9797
10539,6824
10540,9590
10541,0680
10542,1584
10543,8443
10544,7538
10545,6125
10546,7581
10547,3856
10548,1421
10549,9553
10550,6811
10551,7366
10552,8345
10553,7602
10554,6705
10555,5833
10556,5882
10557,7680
10558,0469
10559,6613
10560,6136
10561,6540
10562,3516
10563,0289
10564,0019
10565,7728
10566,9822
10567,9803
10568,9086
10569,1841
10570,7145
10571,5766
10572,2710
10573,5060
10574,4878
10575,1938
10576,7466
10577,4552
10578,9694
10579,1521
10580,3626
10581,5213
10582,4440
10583,6823
10584,6182
10585,4268
10586,1858
10587,1117
10588,6811
10589,1029
10590,9418
10591,5619
10592,8737
10593,6283
10594,2577
10595,4003
10596,2931
10597,8108
10598,9126
10599,5027
10600,1533
10601,0237
10602,8220
10603,2919
10604,6828
10605,6525
10606,0605
10607,9924
10608,1316
10609,6197
10610,5807
10611,2577
10612,8905
10613,4720
10614,9456
10615,8684
10616,6568
10617,9938
10618,1379
10619,2544
10620,1847
10621,7162
10622,0675
10623,2356
10624,1561
10625,3773
10626,2053
10627,6933
10628,5042
10629,4154
10630,9601
10631,1997
10632,5054
10633,5359
10634,9740
10635,8486
10636,9777
10637,1348
10638,0094
10639,1683
10640,3489
10641,1813
10642,2632
10643,2420
10644,1229
10645,7060
10646,2280
10647,9088
10648,9959
10649,4877
10650,4519
10651,5496
10652,3357
10653,2075
10654,4917
10655,6580
10656,2240
10657,1066
10658,1961
10659,0288
10660,2486
10661,2315
10662,5721
10663,3318
10664,7473
10665,2685
10666,7356
10667,2600
10668,8506
10669,9615
10670,8676
10671,7912
10672,2122
10673,9579
10674,3670
10675,9923
10676,7924
10677,4992
10678,1407
10679,6233
10680,5006
10681,3413
10682,2847
10683,4649
10684,1567
10685,8781
10686,4943
10687,6072
10688,8736
10689,6407
10690,2512
10691,0614
10692,7917
10693,0207
10694,4542
10695,8350
10696,8594
10697,7697
10698,1898
10699,7113
10700,8380
10701,6970
10702,6075
10703,3492
10704,4071
10705,1230
10706,2930
10707,6323
10708,0448
10709,5928
10710,1897
10711,7691
10712,1035
10713,8626
10714,5070
10715,5397
10716,6588
10717,9655
10718,4645
10719,5437
10720,0243
10721,8820
10722,7663
10723,2020
10724,4006
10725,6702
10726,3482
10727,8866
10728,8066
10729,2812
10730,7837
10731,8397
10732,3626
10733,1104
10734,0333
10735,0751
10736,8946
10737,0796
10738,0658
10739,0219
10740,8556
10741,3840
10742,2330
10743,3530
10744,7813
10745,5952
10746,1452
10747,2800
10748,3413
10749,4533
10750,3582
10751,5903
10752,0999
10753,3494
10754,6369
10755,7247
10756,9989
10757,8386
10758,8139
10759,1575
10760,3987
10761,1031
10762,6239
10763,9584
10764,3334
10765,9480
10766,6223
10767,3754
10768,4910
10769,1735
10770,1277
10771,0921
10772,0565
10773,9919
10774,0549
10775,1125
10776,9957
10777,7222
10778,5826
10779,4718
10780,9181
10781,9457
10782,7213
10783,8007
10784,7581
10785,1221
10786,3410
10787,9580
10788,7981
10789,0504
10790,0897
10791,1568
10792,8363
10793,8229
10794,1058
10795,9601
10796,9608
10797,2670
10798,1036
10799,8798
10800,3786
10801,5144
10802,9937
10803,8034
10804,4712
10805,6632
10806,8795
10807,8482
10808,4763
10809,5940
10810,0671
10811,2773
10812,6545
10813,2744
10814,7737
10815,0561
10816,5721
10817,0134
10818,2616
10819,8236
10820,0407
10821,7842
10822,6959
10823,9583
10824,4040
10825,2870
10826,5620
10827,4729
10828,4957
10829,2440
10830,4628
10831,7496
10832,7793
10833,8938
10834,1503
10835,8949
10836,5795
10837,7156
10838,9777
10839,0559
10840,4325
10841,7867
10842,1111
10843,9730
10844,6247
10845,9017
10846,0923
10847,2988
10848,7179
10849,6511
10850,7470
10851,8740
10852,9478
10853,7733
10854,8263
10855,3283
10856,8484
10857,2609
10858,2665
10859,0126
10860,7641
10861,1541
10862,7154
10863,5264
10864,8670
10865,7713
10866,7666
10867,6638
10868,3205
10869,4051
10870,0782
10871,6852
10872,8215
10873,6494
10874,3538
10875,2449
10876,7875
10877,5086
10878,6863
10879,5593
10880,7146
10881,1783
10882,2150
10883,3201
10884,5451
10885,6343
10886,5110
10887,2984
10888,7310
10889,8243
10890,2646
10891,7442
10892,4073
10893,3925
10894,4915
10895,3058
10896,8681
10897,1123
10898,4491
10899,8265
10900,1712
10901,3618
10902,4279
10903,8944
10904,4368
10905,5944
10906,0361
10907,6395
10908,9111
10909,4493
10910,6370
10911,9248
10912,2251
10913,7340
10914,2466
10915,9660
10916,9834
10917,1668
10918,4589
10919,5631
10920,9972
10921,7668
10922,2596
10923,7259
10924,9180
10925,5850
10926,6416
10927,6070
10928,9127
10929,0303
10930,8134
10931,2001
10932,3539
10933,6621
10934,7785
10935,6765
10936,6626
10937,8295
10938,3187
10939,7509
10940,8065
10941,7103
10942,8616
10943,2357
10944,6310
10945,2809
10946,7364
10947,8770
10948,7359
10949,2606
10950,8373
10951,6399
10952,5436
10953,2357
10954,7147
10955,9073
10956,1775
10957,0802
10958,8547
10959,7498
10960,2037
10961,5055
10962,8073
10963,0940
10964,1404
10965,3487
10966,3121
10967,1022
10968,6460
10969,5344
10970,9747
10971,7747
10972,5223
10973,1033
10974,2114
10975,0922
10976,9446
10977,4316
10978,4777
10979,5007
10980,4026
10981,1042
10982,7179
10983,1487
10984,1301
10985,6253
10986,0732
10987,0851
10988,3936
10989,3994
10990,3575
10991,5927
10992,3511
10993,7500
10994,7671
10995,3459
10996,6484
10997,8019
10998,1988
10999,3782
11000,5195
11001,9423
11002,3496
11003,9677
11004,9529
11005,0791
11006,2904
11007,3427
11008,4236
11009,2100
11010,4403
11011,2975
11012,2007
11013,3331
11014,9667
11015,4008
11016,7963
11017,7384
11018,5201
11019,7080
11020,1336
11021,2658
11022,4532
11023,1776
11024,5319
11025,3238
11026,9595
11027,5253
11028,4478
11029,5087
11030,4592
11031,2426
11032,2112
11033,3991
11034,2770
11035,0810
11036,2431
11037,7827
11038,0904
11039,8972
11040,3871
11041,3919
11042,6839
11043,0515
11044,7487
11045,9969
11046,6761
11047,4274
11048,6722
11049,0824
11050,8455
11051,3729
11052,9548
11053,5197
11054,2294
11055,4194
11056,4409
11057,0388
11058,3642
11059,2886
11060,1448
11061,3575
11062,9627
11063,9315
11064,3801
11065,9613
11066,6086
11067,2551
11068,0866
11069,3060
11070,8784
11071,1921
11072,6211
11073,7149
11074,4472
11075,2620
11076,8909
11077,8665
11078,3122
11079,3539
11080,5689
11081,4074
11082,1969
11083,0269
11084,4314
11085,3195
11086,0615
11087,8514
11088,4708
11089,9726
11090,4583
11091,2515
11092,1865
11093,5182
11094,6095
11095,9741
11096,7528
11097,9577
11098,0165
11099,5345
11100,0008
11101,6841
11102,5351
11103,4823
11104,4891
11105,2566
11106,7294
11107,2814
11108,6010
11109,0091
11110,6485
11111,1884
11112,7755
11113,4016
11114,5087
11115,0292
11116,0947
11117,2938
11118,9194
11119,1924
11120,8883
11121,7045
11122,9941
11123,5838
11124,0941
11125,5520
11126,5312
11127,1755
11128,5234
11129,0138
11130,8636
11131,6499
11132,4257
11133,6502
11134,3491
11135,4911
11136,7656
11137,5211
11138,8255
11139,1217
11140,4615
11141,1665
11142,2146
11143,9625
11144,8270
11145,5532
11146,4869
11147,4472
11148,2702
11149,6136
11150,5251
11151,5197
11152,5833
11153,5162
11154,3679
11155,0298
11156,8717
11157,2555
11158,2589
11159,3415
11160,2143
11161,4009
11162,3958
11163,7480
11164,0000
11165,0554
11166,2232
11167,5405
11168,0593
11169,7114
11170,2614
11171,1377
11172,8277
11173,9995
11174,6400
11175,5906
11176,7202
11177,1002
11178,5363
11179,7706
11180,2984
11181,0547
11182,0631
11183,7044
11184,3917
11185,6517
11186,9372
11187,0373
11188,4234
11189,7577
11190,1163
11191,9172
11192,4687
11193,2629
11194,5207
11195,8579
11196,0760
11197,3702
11198,1905
11199,4538
11200,1833
11201,2430
11202,6857
11203,3997
11204,9223
11205,5156
11206,2099
11207,4758
11208,4868
11209,7290
11210,6935
11211,4843
11212,1163
11213,5750
11214,7234
11215,1615
11216,9868
11217,8658
11218,7777
11219,9875
11220,4856
11221,4281
11222,1205
11223,7266
11224,8252
11225,5568
11226,5692
11227,1253
11228,6705
11229,7111
11230,8763
11231,5940
11232,2489
11233,2558
11234,4027
11235,4479
11236,4106
11237,1324
11238,1591
11239,3597
11240,4860
11241,6115
11242,3953
11243,9096
11244,5643
11245,3642
11246,5243
11247,2987
11248,4664
11249,8493
11250,4595
11251,8000
11252,6050
11253,5089
11254,3574
11255,0774
11256,9211
11257,9592
11258,7190
11259,1390
11260,5593
11261,6414
11262,1652
11263,8534
11264,0264
11265,7174
11266,3065
11267,0126
11268,2696
11269,0328
11270,0971
11271,6358
11272,9703
11273,4572
11274,1250
11275,0753
11276,7462
11277,7557
11278,1670
11279,6532
11280,1691
11281,1703
11282,5707
11283,6890
11284,8235
11285,0207
11286,7704
11287,6342
11288,1897
11289,2274
11290,2757
11291,6230
11292,2580
11293,8353
11294,5081
11295,4414
11296,2440
11297,8278
11298,2061
11299,5940
11300,7717
11301,1454
11302,5215
11303,9991
11304,4050
11305,5793
11306,3294
11307,6497
11308,1161
11309,5294
11310,3322
11311,2925
11312,4774
11313,8512
11314,7116
11315,7423
11316,6104
11317,6510
11318,0630
11319,2011
11320,8323
11321,6507
11322,7478
11323,0664
11324,2028
11325,7032
11326,8744
11327,6500
11328,6663
11329,0139
11330,6695
11331,4940
11332,3505
11333,9974
11334,3775
11335,5832
11336,9862
11337,6197
11338,8478
11339,5434
11340,6934
11341,7581
11342,6858
11343,6011
11344,3716
11345,3159
11346,7440
11347,9427
11348,4554
11349,3746
11350,7683
11351,4783
11352,7976
11353,3206
11354,5696
11355,9964
11356,3359
11357,3522
11358,6267
11359,3607
11360,2863
11361,9280
11362,8150
11363,2414
11364,4576
11365,4422
11366,8571
11367,9052
11368,6456
11369,5610
11370,8510
11371,4104
11372,1905
11373,8540
11374,8379
11375,8708
11376,9793
11377,9320
11378,0984
11379,5888
11380,3275
11381,4204
11382,8137
11383,7285
11384,9098
11385,3538
11386,7328
11387,5306
11388,0207
11389,6544
11390,9610
11391,1436
11392,2966
11393,7934
11394,0716
11395,9011
11396,3544
11397,6962
11398,1407
11399,0795
11400,5567
11401,3805
11402,8636
11403,3505
11404,6563
11405,9092
11406,1278
11407,5325
11408,7850
11409,2924
11410,8272
11411,7261
11412,3679
11413,7046
11414,4894
11415,0485
11416,9808
11417,9395
11418,8456
11419,2320
11420,6857
11421,7212
11422,1827
11423,3825
11424,4454
11425,5666
11426,3214
11427,8152
11428,4513
11429,9427
11430,3547
11431,2787
11432,5735
11433,7000
11434,0736
11435,2180
11436,5414
11437,0746
11438,7765
11439,6481
11440,3397
11441,2558
11442,7991
11443,6367
11444,4604
11445,1780
11446,8833
11447,6647
11448,7232
11449,1776
11450,3652
11451,3494
11452,2634
11453,2258
11454,8922
11455,0393
11456,0990
11457,4207
11458,0720
11459,1448
11460,5804
11461,9013
11462,3252
11463,1005
11464,6083
11465,8046
11466,4990
11467,6790
11468,3174
11469,4932
11470,3139
11471,8524
11472,0402
11473,3470
11474,8127
11475,0153
11476,0097
11477,7881
11478,3334
11479,8270
11480,0011
11481,7840
11482,3700
11483,3956
11484,0795
11485,9656
11486,2213
11487,9166
11488,5552
11489,4770
11490,2089
11491,5474
11492,6965
11493,9098
11494,0316
11495,2931
11496,3554
11497,9661
11498,8532
11499,2975
11500,4920
11501,2050
11502,6427
11503,7907
11504,5065
11505,5946
11506,5452
11507,8268
11508,5338
11509,9218
11510,2157
11511,1457
11512,2272
11513,3675
11514,6034
11515,2988
11516,1146
11517,2154
11518,9820
11519,6851
11520,9437
11521,7306
11522,4485
11523,7399
11524,8291
11525,0381
11526,4568
11527,6041
11528,5423
11529,5524
11530,0175
11531,1422
11532,7668
11533,5523
11534,9064
11535,4503
11536,4983
11537,4096
11538,4980
11539,2046
11540,0896
11541,0559
11542,3082
11543,1204
11544,2202
11545,2494
11546,3893
11547,1077
11548,6393
11549,7637
11550,2956
11551,4662
11552,8185
11553,9301
11554,3163
11555,2452
11556,1025
11557,2395
11558,3263
11559,6525
11560,5256
11561,9174
11562,1228
11563,5746
11564,4957
11565,9099
11566,8474
11567,0822
11568,7146
11569,0807
11570,6048
11571,6253
11572,3388
11573,3196
11574,3856
11575,4694
11576,6092
11577,6359
11578,1110
11579,2845
11580,8081
11581,1272
11582,4883
11583,1384
11584,4554
11585,1631
11586,5150
11587,3533
11588,4801
11589,0265
11590,3814
11591,9045
11592,3023
11593,0926
11594,2963
11595,0078
11596,9344
11597,8255
11598,2038
11599,6388
11600,9089
11601,0503
11602,6901
11603,6215
11604,5190
11605,8356
11606,8733
11607,2472
11608,0250
11609,6354
11610,3430
11611,1225
11612,6527
11613,0183
11614,5309
11615,4928
11616,0210
11617,2835
11618,6262
11619,1679
11620,0700
11621,5499
11622,1708
11623,4056
11624,6718
11625,7889
11626,4073
11627,9552
11628,8172
11629,6682
11630,9235
11631,0272
11632,6338
11633,9091
11634,6751
11635,2481
11636,0178
11637,7190
11638,7332
11639,1755
11640,7898
11641,5561
11642,0483
11643,1803
11644,2771
11645,4128
11646,5247
11647,5710
11648,6908
11649,4111
11650,3295
11651,9789
11652,7786
11653,0057
11654,2342
11655,0166
11656,4384
11657,4944
11658,5664
11659,4343
11660,5873
11661,5223
11662,3551
11663,0370
11664,4747
11665,7091
11666,9772
11667,2314
11668,4963
11669,9972
11670,0513
11671,0961
11672,5130
11673,2240
11674,5278
11675,8050
11676,0977
11677,3229
11678,1232
11679,9702
11680,1481
11681,1714
11682,0152
11683,6716
11684,9127
11685,1498
11686,9046
11687,0241
11688,3248
11689,6312
11690,0113
11691,8410
11692,9231
11693,5047
11694,3480
11695,0080
11696,0002
11697,1577
11698,2394
11699,4563
11700,9154
11701,7084
11702,4896
11703,2521
11704,8071
11705,2629
11706,1631
11707,9295
11708,8240
11709,9048
11710,3806
11711,4938
11712,3133
11713,2469
11714,6917
11715,9898
11716,3863
11717,0232
11718,0175
11719,7157
11720,8711
11721,2499
11722,4182
11723,6405
11724,1049
11725,2875
11726,6091
11727,4467
11728,7093
11729,2492
11730,6817
11731,0832
11732,1404
11733,9350
11734,5321
11735,9086
11736,1534
11737,6340
11738,6559
11739,7925
11740,5822
11741,5856
11742,5596
11743,6736
11744,4975
11745,3793
11746,5214
11747,5809
11748,9861
11749,2856
11750,5079
11751,9611
11752,3701
11753,0159
11754,1740
11755,0781
11756,7995
11757,0743
11758,0339
11759,8024
11760,6324
11761,4010
11762,4243
11763,2412
11764,4233
11765,9117
11766,1879
11767,5047
11768,2223
11769,5465
11770,4161
11771,9370
11772,5878
11773,5807
11774,4300
11775,4773
11776,3004
11777,0510
11778,1751
11779,7728
11780,9789
11781,8497
11782,0011
11783,7565
11784,2358
11785,8561
11786,1207
11787,6762
11788,7403
11789,0588
11790,9614
11791,9777
11792,8196
11793,4834
11794,1572
11795,5968
11796,6439
11797,1048
11798,0802
11799,7992
11800,2628
11801,3182
11802,6226
11803,6108
11804,7103
11805,6410
11806,9064
11807,8166
11808,3324
11809,3104
11810,3132
11811,8985
11812,3454
11813,8329
11814,9689
11815,1139
11816,0259
11817,6435
11818,2539
11819,4470
11820,3241
11821,0763
11822,4575
11823,8388
11824,5632
11825,0149
11826,6323
11827,4616
11828,7975
11829,0243
11830,1406
11831,2440
11832,3987
11833,3896
11834,5229
11835,7396
11836,5467
11837,6962
11838,2419
11839,4624
11840,4546
11841,8991
11842,1752
11843,5696
11844,2375
11845,0337
11846,0553
11847,9439
11848,0761
11849,7204
11850,2213
11851,5487
11852,0752
11853,1165
11854,5339
11855,8624
11856,2123
11857,4333
11858,7171
11859,8794
11860,9516
11861,6604
11862,4239
11863,9381
11864,8450
11865,2647
11866,2613
11867,0013
11868,4754
11869,3307
11870,3474
11871,0372
11872,4166
11873,4394
11874,9357
11875,0985
11876,9602
11877,8467
11878,2164
11879,8834
11880,0253
11881,6455
11882,0413
11883,9772
11884,9952
11885,8887
11886,1007
11887,5983
11888,0953
11889,3592
11890,3246
11891,7088
11892,5334
11893,4199
11894,7020
11895,1011
11896,5295
11897,4320
11898,2593
11899,2005
11900,7872
11901,1407
11902,5576
11903,5013
11904,0203
11905,8805
11906,5652
11907,6712
11908,8099
11909,9604
11910,3891
11911,2794
11912,8214
11913,0016
11914,3753
11915,7128
11916,3861
11917,1673
11918,0078
11919,6982
11920,1566
11921,2464
11922,9754
11923,7921
11924,3150
11925,4153
11926,6640
11927,2874
11928,9088
11929,2525
11930,3852
11931,2403
11932,6331
11933,1468
11934,4225
11935,1233
11936,9542
11937,6504
11938,4692
11939,3694
11940,7647
11941,3847
11942,1568
11943,4313
11944,6935
11945,6977
11946,5906
11947,3592
11948,5307
11949,4784
11950,0070
11951,9587
11952,7371
11953,1056
11954,7843
11955,0726
11956,5055
11957,4057
11958,6726
11959,5559
11960,1431
11961,7127
11962,6884
11963,1139
11964,0624
11965,0942
11966,9916
11967,8073
11968,3472
11969,0853
11970,8056
11971,7997
11972,0004
11973,5835
11974,6641
11975,7351
11976,9043
11977,7910
11978,8918
11979,2306
11980,2249
11981,5135
11982,4898
11983,2836
11984,3812
11985,1249
11986,5512
11987,5353
11988,7622
11989,6872
11990,9251
11991,1763
11992,6384
11993,2546
11994,2205
11995,0158
11996,0762
11997,6997
11998,0963
11999,4147
12000,5383
12001,1139
12002,1157
12003,0449
12004,0644
12005,0602
12006,6251
12007,0060
12008,8639
12009,6912
12010,8286
12011,7223
12012,3263
12013,3940
12014,4201
12015,8807
12016,9322
12017,2676
12018,4977
12019,6081
12020,9030
12021,0313
12022,5731
12023,8059
12024,2931
12025,9712
12026,0124
12027,3238
12028,0766
12029,1298
12030,5648
12031,1041
12032,2711
12033,2035
12034,1707
12035,6471
12036,2216
12037,0550
12038,6515
12039,8766
12040,7460
12041,4342
12042,1173
12043,1960
12044,9331
12045,0101
12046,6852
12047,2204
12048,5662
12049,3423
12050,2943
12051,2356
12052,5221
12053,7878
12054,9559
12055,9370
12056,0213
12057,3014
12058,8693
12059,2429
12060,7978
12061,3964
12062,7684
12063,2212
12064,7110
12065,3005
12066,6429
12067,4652
12068,4829
12069,6078
12070,3328
12071,8973
12072,9358
12073,8848
12074,3079
12075,2937
12076,3493
12077,0740
12078,5117
12079,6279
12080,8259
12081,8357
12082,1755
12083,2484
12084,7377
12085,9452
12086,5614
12087,4249
12088,3880
12089,9730
12090,1524
12091,6010
12092,2075
12093,9564
12094,6094
12095,8759
12096,2593
12097,0944
12098,0584
12099,1851
12100,5607
12101,9045
12102,8168
12103,1981
12104,1555
12105,6095
12106,5073
12107,0887
12108,9173
12109,5927
12110,4464
12111,4319
12112,8242
12113,8669
12114,5441
12115,3232
12116,7559
12117,2649
12118,2469
12119,4104
12120,6754
12121,9482
12122,9954
12123,7647
12124,8126
12125,7823
12126,3095
12127,7210
12128,4049
12129,8262
12130,5956
12131,8742
12132,3425
12133,1120
12134,8367
12135,2195
12136,5185
12137,7950
12138,1782
12139,3038
12140,8747
12141,6336
12142,1596
12143,9439
12144,4052
12145,4615
12146,4515
12147,8188
12148,0520
12149,5838
12150,7342
12151,5110
12152,4613
12153,0630
12154,9287
12155,4618
12156,7201
12157,1470
12158,4067
12159,8791
12160,4900
12161,2107
12162,3928
12163,0227
12164,4722
12165,4560
12166,2442
12167,9957
12168,4922
12169,9871
12170,5329
12171,5450
12172,0098
12173,1745
12174,0526
12175,7354
12176,0924
12177,9465
12178,0665
12179,3982
12180,8888
12181,3267
12182,6624
12183,6948
12184,2948
12185,4754
12186,6740
12187,2091
12188,1488
12189,7713
12190,3629
12191,8247
12192,6411
12193,7440
12194,8378
12195,2497
12196,7600
12197,6634
12198,4450
12199,7337
12200,8257
12201,3514
12202,0277
12203,1713
12204,9686
12205,0988
12206,3338
12207,1669
12208,3632
12209,4943
12210,1176
12211,6462
12212,5068
12213,1829
12214,1584
12215,1624
12216,5344
12217,6040
12218,8674
12219,2674
12220,2857
12221,4752
12222,0697
12223,9035
12224,1947
12225,8121
12226,5490
12227,3840
12228,9752
12229,3443
12230,5723
12231,3775
12232,6354
12233,7997
12234,6884
12235,1366
12236,0115
12237,4727
12238,8855
12239,8646
12240,8490
12241,0780
12242,8497
12243,9859
12244,1834
12245,0237
12246,2378
12247,5436
12248,1890
12249,1046
12250,4430
12251,1664
12252,7922
12253,4943
12254,5724
12255,7541
12256,8986
12257,9826
12258,3231
12259,5933
12260,7478
12261,3812
12262,6051
12263,7638
12264,6672
12265,6650
12266,4490
12267,6561
12268,0620
12269,9615
12270,5465
12271,0384
12272,0662
12273,9568
12274,2457
12275,6614
12276,7094
12277,2982
12278,2211
12279,4393
12280,0234
12281,3924
12282,8746
12283,4463
12284,6704
12285,9866
12286,6900
12287,9601
12288,5795
12289,9184
12290,7281
12291,9205
12292,5455
12293,4810
12294,3289
12295,7117
12296,2197
12297,4942
12298,5779
12299,0488
12300,6465
12301,2260
12302,6403
12303,0341
12304,1938
12305,3678
12306,4881
12307,6996
12308,2805
12309,7041
12310,9492
12311,1909
12312,9961
12313,7486
12314,6291
12315,5751
12316,2032
12317,0639
12318,2500
12319,6784
12320,4930
12321,9792
12322,3874
12323,7961
12324,7630
12325,0861
12326,6565
12327,3566
12328,2761
12329,7908
12330,4860
12331,3830
12332,3467
12333,9509
12334,7761
12335,6081
12336,4035
12337,1453
12338,1403
12339,3095
12340,7446
12341,0725
12342,7154
12343,2756
12344,2545
12345,1644
12346,5235
12347,8750
12348,0448
12349,6953
12350,9487
12351,1508
12352,3036
12353,1233
12354,8882
12355,0733
12356,0428
12357,8769
12358,2005
12359,9423
12360,2346
12361,1600
12362,1498
12363,1997
12364,0766
12365,9332
12366,4697
12367,0511
12368,1075
12369,3472
12370,1204
12371,3401
12372,1787
12373,8018
12374,4361
12375,6060
12376,1675
12377,2567
12378,6022
12379,5131
12380,2243
12381,6441
12382,0423
12383,9018
12384,2206
12385,4735
12386,2259
12387,2398
12388,8655
12389,0295
12390,5091
12391,9196
12392,2840
12393,5444
12394,3999
12395,7334
12396,1533
12397,6915
12398,8012
12399,3088
12400,4236
12401,2193
12402,0091
12403,0413
12404,4263
12405,0453
12406,0329
12407,2815
12408,7544
12409,8030
12410,0424
12411,1260
12412,2677
12413,0938
12414,6918
12415,5715
12416,3448
12417,7401
12418,7208
12419,1239
12420,2919
12421,5976
12422,1235
12423,4864
12424,6763
12425,0619
12426,4570
12427,0749
12428,7618
12429,4988
12430,3027
12431,5021
12432,7429
12433,9253
12434,8907
12435,7498
12436,6236
12437,5485
12438,6476
12439,0628
12440,3556
12441,8814
12442,8266
12443,3848
12444,6681
12445,6503
12446,5142
12447,6085
12448,3009
12449,3557
12450,5883
12451,5289
12452,6294
12453,5913
12454,7581
12455,7833
12456,1585
12457,5385
12458,8044
12459,2384
12460,4861
12461,6871
12462,5347
12463,0826
12464,4350
12465,0962
12466,2018
12467,8406
12468,5962
12469,5978
12470,1086
12471,7218
12472,1759
12473,4437
12474,0488
12475,0453
12476,0105
12477,8823
12478,0959
12479,4788
12480,9344
12481,7823
12482,0824
12483,5037
12484,4143
12485,2252
12486,3168
12487,8130
12488,5403
12489,4022
12490,4708
12491,2992
12492,3709
12493,1886
12494,9735
12495,2549
12496,9605
12497,1676
12498,7986
12499,8275
12500,7787
12501,3624
12502,6204
12503,1806
12504,6478
12505,7431
12506,6788
12507,3410
12508,2161
12509,1314
12510,2352
12511,6218
12512,2585
12513,3929
12514,9780
12515,0520
12516,2698
12517,5334
12518,0885
12519,9087
12520,1866
12521,4506
12522,1216
12523,1576
12524,2841
12525,4118
12526,4286
12527,2544
12528,4656
12529,5132
12530,6825
12531,1321
12532,3478
12533,6281
12534,5334
12535,2264
12536,4551
12537,7197
12538,1225
12539,7070
12540,9731
12541,7603
12542,2184
12543,3931
12544,0449
12545,2209
12546,4870
12547,4097
12548,1489
12549,9284
12550,2841
12551,9039
12552,8181
12553,3906
12554,7577
12555,7930
12556,5896
12557,7957
12558,0493
12559,5468
12560,8206
12561,5101
12562,5591
12563,3235
12564,3019
12565,9720
12566,5535
12567,8421
12568,0989
12569,8345
12570,2059
12571,1495
12572,5070
12573,9183
12574,8647
12575,9085
12576,7365
12577,0395
12578,7133
12579,7532
12580,4467
12581,3320
12582,8371
12583,9069
12584,4369
12585,7392
12586,1587
12587,9735
12588,5337
12589,0644
12590,4164
12591,6211
12592,5947
12593,0689
12594,1799
12595,8962
12596,3394
12597,5086
12598,6578
12599,7660
12600,3220
12601,6008
12602,2704
12603,8378
12604,5599
12605,3112
12606,8423
12607,5610
12608,1231
12609,3330
12610,2634
12611,3317
12612,0813
12613,3708
12614,8415
12615,0019
12616,2237
12617,5324
12618,2644
12619,8533
12620,8610
12621,4833
12622,1579
12623,7680
12624,7032
12625,5488
12626,8682
12627,6184
12628,5563
12629,9146
12630,9380
12631,9532
12632,6852
12633,4540
12634,0635
12635,9195
12636,2754
12637,5546
12638,0748
12639,3569
12640,0522
12641,6158
12642,7073
12643,3549
12644,1669
12645,3422
12646,5196
12647,5390
12648,7237
12649,6498
12650,3503
12651,8037
12652,7130
12653,7873
12654,4286
12655,6834
12656,0830
12657,3000
12658,2120
12659,4843
12660,9505
12661,0537
12662,2856
12663,7013
12664,3192
12665,3690
12666,4948
12667,1119
12668,6029
12669,6760
12670,4819
12671,2120
12672,0616
12673,5667
12674,0406
12675,9603
12676,9647
12677,0401
12678,6956
12679,1412
12680,7754
12681,7666
12682,7405
12683,3472
12684,1309
12685,2119
12686,1147
12687,5462
12688,5810
12689,7814
12690,8613
12691,1198
12692,8297
12693,9425
12694,6879
12695,0975
12696,3655
12697,7020
12698,7265
12699,5662
12700,9892
12701,2092
12702,7879
12703,3294
12704,7650
12705,1036
12706,0066
12707,6812
12708,7398
12709,2481
12710,3535
12711,9853
12712,1776
12713,8670
12714,6237
12715,4535
12716,4295
12717,1540
12718,3463
12719,5830
12720,6052
12721,0457
12722,8516
12723,0991
12724,0340
12725,5809
12726,6723
12727,1120
12728,8906
12729,9766
12730,9369
12731,2105
12732,6471
12733,5023
12734,7711
12735,2279
12736,3103
12737,1341
12738,3916
12739,4845
12740,9996
12741,5679
12742,1061
12743,1992
12744,6291
12745,7734
12746,6980
12747,7192
12748,0790
12749,2115
12750,4749
12751,4492
12752,5866
12753,1355
12754,5822
12755,4851
12756,4474
12757,3086
12758,4954
12759,4422
12760,9356
12761,0640
12762,5991
12763,2352
12764,4900
12765,8638
12766,2129
12767,1915
12768,6341
12769,5706
12770,3139
12771,2466
12772,5133
12773,8351
12774,4259
12775,4840
12776,6173
12777,0790
12778,6408
12779,4938
12780,3159
12781,8640
12782,1808
12783,3259
12784,0080
12785,0671
12786,4334
12787,4049
12788,5296
12789,6517
12790,8552
12791,5858
12792,3529
12793,4647
12794,3813
12795,0563
12796,0825
12797,9668
12798,2489
12799,4398
12800,3763
12801,0736
12802,7006
12803,3566
12804,2146
12805,4197
12806,6243
12807,6867
12808,9022
12809,4227
12810,0614
12811,1858
12812,8017
12813,8437
12814,1009
12815,5170
12816,3709
12817,9304
12818,1645
12819,8727
12820,5454
12821,6802
12822,3676
12823,8191
12824,6587
12825,3172
12826,5592
12827,9603
12828,6668
12829,7182
12830,0508
12831,7011
12832,7141
12833,0539
12834,5276
12835,7865
12836,6099
12837,8265
12838,5038
12839,4142
12840,4290
12841,0905
12842,9604
12843,1415
12844,1140
12845,7863
12846,2035
12847,0459
12848,2709
12849,5878
12850,9055
12851,3056
12852,3101
12853,0752
12854,9580
12855,3365
12856,4530
12857,6506
12858,7615
12859,8095
12860,4736
12861,7548
12862,7427
12863,5512
12864,8351
12865,3328
12866,6842
12867,2994
12868,0871
12869,9478
12870,2395
12871,6304
12872,1462
12873,8910
12874,4555
12875,5087
12876,7006
12877,6433
12878,2161
12879,1949
12880,3622
12881,0921
12882,2297
12883,3344
12884,9276
12885,4013
12886,1311
12887,2150
12888,9183
12889,4807
12890,7485
12891,7742
12892,6524
12893,2272
12894,9233
12895,4753
12896,0507
12897,2293
12898,5941
12899,3492
12900,9170
12901,9980
12902,3230
12903,5305
12904,5755
12905,4922
12906,5022
12907,0342
12908,7994
12909,9339
12910,3791
12911,1987
12912,0494
12913,9706
12914,2545
12915,8366
12916,4895
12917,9183
12918,9891
12919,5212
12920,3908
12921,3124
12922,1875
12923,6470
12924,3778
12925,8207
12926,3002
12927,4925
12928,6967
12929,4155
12930,9447
12931,4467
12932,3993
12933,0496
12934,4084
12935,5200
12936,5581
12937,2513
12938,9389
12939,1296
12940,7295
12941,6871
12942,0752
12943,6411
12944,0668
12945,3224
12946,6786
12947,4836
12948,7836
12949,5065
12950,6697
12951,6384
12952,9511
12953,7787
12954,8609
12955,2661
12956,5956
12957,3272
12958,3457
12959,8724
12960,0671
12961,2241
12962,1148
12963,3376
12964,8390
12965,1034
12966,3041
12967,6955
12968,6389
12969,0084
12970,7303
12971,1310
12972,5505
12973,8418
12974,4242
12975,2302
12976,2786
12977,4192
12978,4879
12979,8918
12980,6398
12981,1303
12982,7414
12983,6874
12984,7222
12985,0073
12986,3444
12987,5764
12988,5836
12989,5159
12990,0757
12991,8962
12992,6598
12993,1292
12994,9525
12995,3537
12996,5636
12997,2135
12998,2637
12999,3340
13000,9639
13001,6328
13002,8355
13003,4307
13004,4097
13005,8413
13006,2601
13007,5582
13008,7678
13009,7338
13010,5356
13011,6503
13012,3345
13013,9495
13014,9330
13015,6709
13016,8442
13017,3017
13018,2033
13019,8257
13020,7071
13021,8088
13022,9020
13023,2145
13024,1869
13025,1736
13026,8769
13027,6409
13028,0890
13029,2556
13030,5316
13031,7439
13032,8046
13033,5777
13034,9454
13035,8140
13036,7707
13037,7177
13038,7296
13039,5816
13040,0843
13041,7921
13042,2388
13043,0838
13044,7342
13045,8066
13046,9446
13047,5503
13048,4248
13049,6914
13050,6355
13051,5743
13052,3680
13053,1044
13054,3402
13055,1837
13056,8661
13057,5524
13058,9569
13059,4361
13060,0121
13061,6668
13062,7357
13063,9270
13064,0779
13065,3373
13066,4702
13067,8745
13068,1969
13069,1757
13070,1033
13071,8657
13072,9023
13073,5241
13074,1443
13075,3085
13076,1989
13077,4812
13078,6877
13079,6627
13080,7755
13081,3052
13082,3356
13083,4062
13084,8215
13085,9273
13086,5297
13087,3203
13088,3327
13089,3743
13090,5282
13091,6271
13092,5123
13093,3484
13094,9913
13095,3293
13096,2436
13097,3276
13098,0425
13099,9547
13100,8218
13101,3785
13102,9550
13103,7530
13104,2189
13105,9059
13106,9743
13107,5699
13108,6286
13109,2911
13110,6279
13111,9760
13112,1776
13113,3674
13114,7957
13115,2950
13116,5387
13117,7979
13118,8696
13119,1302
13120,5192
13121,5553
13122,2919
13123,1555
13124,0413
13125,6307
13126,7149
13127,1351
13128,9803
13129,6896
13130,7997
13131,1615
13132,6782
13133,7916
13134,4405
13135,5611
13136,5972
13137,3090
13138,5053
13139,5835
13140,6748
13141,1381
13142,7660
13143,6035
13144,7886
13145,8051
13146,8860
13147,2041
13148,6195
13149,7205
13150,2779
13151,3844
13152,8346
13153,0720
13154,4290
13155,7662
13156,9387
13157,9402
13158,5556
13159,6311
13160,6771
13161,2767
13162,3450
13163,6497
13164,3801
13165,6007
13166,1607
13167,1105
13168,2203
13169,7757
13170,3675
13171,0745
13172,9005
13173,8115
13174,3045
13175,8212
13176,6315
13177,1302
13178,7654
13179,6195
13180,4207
13181,3031
13182,6040
13183,3088
13184,0370
13185,7152
13186,1397
13187,1685
13188,0439
13189,1082
13190,4153
13191,9107
13192,3061
13193,8975
13194,3806
13195,1010
13196,5235
13197,2624
13198,7405
13199,4645
13200,8591
13201,5551
13202,5520
13203,1339
13204,4361
13205,0251
13206,6879
13207,5858
13208,2861
13209,5934
13210,3795
13211,6552
13212,0221
13213,0965
13214,2370
13215,0851
13216,6933
13217,6629
13218,4520
13219,1435
13220,8178
13221,9607
13222,8574
13223,2195
13224,6173
13225,0988
13226,4125
13227,1957
13228,9629
13229,5596
13230,7797
13231,2383
13232,1861
13233,1384
13234,5334
13235,9087
13236,2401
13237,8822
13238,7791
13239,3490
13240,4972
13241,1977
13242,0100
13243,3632
13244,8337
13245,8110
13246,3712
13247,1542
13248,4924
13249,2966
13250,7719
13251,1128
13252,4317
13253,6121
13254,4367
13255,1507
13256,8589
13257,8389
13258,6779
13259,6989
13260,1064
13261,1406
13262,9781
13263,7455
13264,4461
13265,6766
13266,9655
13267,6076
13268,6898
13269,8066
13270,5366
13271,2374
13272,9108
13273,6702
13274,6443
13275,5930
13276,1961
13277,8992
13278,6123
13279,5638
13280,0511
13281,8941
13282,0668
13283,0371
13284,6219
13285,1992
13286,9289
13287,7702
13288,4136
13289,0478
13290,3916
13291,4212
13292,6093
13293,3617
13294,7415
13295,0615
13296,4130
13297,7772
13298,0328
13299,4237
13300,1623
13301,3115
13302,3837
13303,1526
13304,6799
13305,5540
13306,9753
13307,0664
13308,5313
13309,7748
13310,7395
13311,2303
13312,1177
13313,7884
13314,3606
13315,0695
13316,5776
13317,8080
13318,8341
13319,1218
13320,5752
13321,6958
13322,4989
13323,4501
13324,7282
13325,2122
13326,2899
13327,2121
13328,6105
13329,7077
13330,4350
13331,0403
13332,9830
13333,1570
13334,8729
13335,2054
13336,4389
13337,0603
13338,0608
13339,7380
13340,0409
13341,2273
13342,0710
13343,6613
13344,6835
13345,2101
13346,6461
13347,7688
13348,8833
13349,0147
13350,9352
13351,4763
13352,5527
13353,3182
13354,8443
13355,4036
13356,5157
13357,0067
13358,7092
13359,0270
13360,5091
13361,2313
13362,7400
13363,9644
13364,8137
13365,0506
13366,9471
13367,2121
13368,1687
13369,9206
13370,9267
13371,5532
13372,0403
13373,8437
13374,6420
13375,7405
13376,7276
13377,0708
13378,3558
13379,7853
13380,0913
13381,3270
13382,7541
13383,0368
13384,7761
13385,3241
13386,3924
13387,7935
13388,7896
13389,2856
13390,3171
13391,6264
13392,4568
13393,0541
13394,0462
13395,8251
13396,9864
13397,0819
13398,1856
13399,0111
13400,1302
13401,5621
13402,0599
13403,5443
13404,6465
13405,3924
13406,0260
13407,5704
13408,4944
13409,1532
13410,4165
13411,1714
13412,6695
13413,4221
13414,0671
13415,9332
13416,5065
13417,4861
13418,8108
13419,1620
13420,2149
13421,2499
13422,0224
13423,0290
13424,3093
13425,7291
13426,9785
13427,8339
13428,5100
13429,7466
13430,1621
13431,7868
13432,0957
13433,1011
13434,1204
13435,8253
13436,7211
13437,1227
13438,6799
13439,1088
13440,0467
13441,5824
13442,4435
13443,6169
13444,2615
13445,5280
13446,1873
13447,2295
13448,5383
13449,7668
13450,0772
13451,1329
13452,4750
13453,2882
13454,6044
13455,0063
13456,6420
13457,8197
13458,8591
13459,7976
13460,7009
13461,0206
13462,9038
13463,6126
13464,8263
13465,7827
13466,8472
13467,5876
13468,0083
13469,2531
13470,4848
13471,3405
13472,2937
13473,6727
13474,3830
13475,9118
13476,7672
13477,3398
13478,8255
13479,8696
13480,2689
13481,9037
13482,5894
13483,2356
13484,9129
13485,4404
13486,2651
13487,8782
13488,1597
13489,6331
13490,9990
13491,0681
13492,4897
13493,9335
13494,8631
13495,8971
13496,0433
13497,2988
13498,2863
13499,2059
13500,5047
13501,4059
13502,4121
13503,1884
13504,1462
13505,1513
13506,7918
13507,1736
13508,2631
13509,9955
13510,0022
13511,7322
13512,8790
13513,2530
13514,0315
13515,6416
13516,6046
13517,5069
13518,7861
13519,0700
13520,3450
13521,3376
13522,7759
13523,5349
13524,1864
13525,4736
13526,4527
13527,7787
13528,4085
13529,9766
13530,5872
13531,4651
13532,6804
13533,8123
13534,3504
13535,3239
13536,2693
13537,1221
13538,3649
13539,3786
13540,5069
13541,3492
13542,4838
13543,4830
13544,1427
13545,6644
13546,2103
13547,6973
13548,2312
13549,9466
13550,0426
13551,5606
13552,7988
13553,4613
13554,2272
13555,5877
13556,4605
13557,1193
13558,0183
13559,1118
13560,7753
13561,7760
13562,8850
13563,9399
13564,2536
13565,3850
13566,4825
13567,2808
13568,5426
13569,1285
13570,2989
13571,8764
13572,9946
13573,5552
13574,6178
13575,1829
13576,2032
13577,5678
13578,7778
13579,0081
13580,9056
13581,3187
13582,6092
13583,0717
13584,0949
13585,1832
13586,8345
13587,9865
13588,7388
13589,4804
13590,4713
13591,1091
13592,7808
13593,8518
13594,2161
13595,4933
13596,7187
13597,8524
13598,1619
13599,7668
13600,8536
13601,9115
13602,6310
13603,0831
13604,0797
13605,2344
13606,1798
13607,0436
13608,7511
13609,8857
13610,7165
13611,8241
13612,6261
13613,7489
13614,4082
13615,9850
13616,8334
13617,7296
13618,8708
13619,7469
13620,7116
13621,1144
13622,9553
13623,2808
13624,9706
13625,6130
13626,1727
13627,2207
13628,0607
13629,4206
13630,5023
13631,9916
13632,9382
13633,7550
13634,5163
13635,2806
13636,1566
13637,6378
13638,3319
13639,1989
13640,8457
13641,1236
13642,2931
13643,2838
13644,7589
13645,4805
13646,2228
13647,4760
13648,4939
13649,7933
13650,0892
13651,4436
13652,0445
13653,6835
13654,1350
13655,5892
13656,9400
13657,0163
13658,2974
13659,0432
13660,4038
13661,8810
13662,3083
13663,4830
13664,5417
13665,3717
13666,6908
13667,1997
13668,3547
13669,3327
13670,2242
13671,3169
13672,0331
13673,1220
13674,5051
13675,8981
13676,3198
13677,8601
13678,7223
13679,4165
13680,8121
13681,8441
13682,8420
13683,3323
13684,1162
13685,8584
13686,1257
13687,6033
13688,6104
13689,8906
13690,4679
13691,9466
13692,6147
13693,5464
13694,6377
13695,3426
13696,1710
13697,1745
13698,9667
13699,8530
13700,8385
13701,7917
13702,1611
13703,4376
13704,0110
13705,1200
13706,9022
13707,0815
13708,1173
13709,1239
13710,4704
13711,7727
13712,1508
13713,7120
13714,6605
13715,1293
13716,8584
13717,1056
13718,5568
13719,8563
13720,5304
13721,1079
13722,5292
13723,0641
13724,0268
13725,9205
13726,1740
13727,0415
13728,5909
13729,3910
13730,4732
13731,4268
13732,1066
13733,6244
13734,6851
13735,0029
13736,9426
13737,8284
13738,5861
13739,6043
13740,7786
13741,5459
13742,9263
13743,1173
13744,8917
13745,0547
13746,6700
13747,7158
13748,1834
13749,6916
13750,6275
13751,0442
13752,6108
13753,8879
13754,5883
13755,1779
13756,7839
13757,0365
13758,4087
13759,9133
13760,2194
13761,3089
13762,4649
13763,9517
13764,7362
13765,4865
13766,6804
13767,8969
13768,3261
13769,5328
13770,3052
13771,3914
13772,7365
13773,9686
13774,7008
13775,7792
13776,0623
13777,9097
13778,9290
13779,1123
13780,5588
13781,3154
13782,7921
13783,8219
13784,9268
13785,6624
13786,7443
13787,3750
13788,9819
13789,8108
13790,0064
13791,3563
13792,8761
13793,6292
13794,4079
13795,5398
13796,6386
13797,8973
13798,2347
13799,2578
13800,4707
13801,4897
13802,1915
13803,0913
13804,6262
13805,7328
13806,0323
13807,6449
13808,9112
13809,3463
13810,9202
13811,7454
13812,1814
13813,2861
13814,4777
13815,8348
13816,3785
13817,8553
13818,2501
13819,5905
13820,6048
13821,6625
13822,0144
13823,1846
13824,9821
13825,2868
13826,4008
13827,3904
13828,9228
13829,9855
13830,7089
13831,8854
13832,0886
13833,4078
13834,7059
13835,3703
13836,5263
13837,5406
13838,8180
13839,7257
13840,9243
13841,2170
13842,2166
13843,5337
13844,7036
13845,7017
13846,2145
13847,5605
13848,1725
13849,3076
13850,6036
13851,0779
13852,4398
13853,5895
13854,0243
13855,7712
13856,3205
13857,0708
13858,0399
13859,9999
13860,5444
13861,2621
13862,7693
13863,1777
13864,6377
13865,5810
13866,2431
13867,8140
13868,3777
13869,1124
13870,3669
13871,0158
13872,1060
13873,6645
13874,6665
13875,4319
13876,7469
13877,7797
13878,8997
13879,8302
13880,6258
13881,4492
13882,2756
13883,6972
13884,0700
13885,2761
13886,9158
13887,6409
13888,9104
13889,0710
13890,6993
13891,6541
13892,5279
13893,8854
13894,2562
13895,4821
13896,9088
13897,7319
13898,0178
13899,7795
13900,2953
13901,2057
13902,7446
13903,9939
13904,5358
13905,0769
13906,3006
13907,0791
13908,7255
13909,7738
13910,8600
13911,9788
13912,6227
13913,5965
13914,6481
13915,2811
13916,9871
13917,3626
13918,3761
13919,0955
13920,4129
13921,4760
13922,4465
13923,4036
13924,6396
13925,4021
13926,8433
13927,2308
13928,7697
13929,0194
13930,3723
13931,5416
13932,4670
13933,9358
13934,4081
13935,1237
13936,6985
13937,7070
13938,0403
13939,7472
13940,9467
13941,0390
13942,9847
13943,6812
13944,9160
13945,4571
13946,8177
13947,3042
13948,3818
13949,6315
13950,2630
13951,8829
13952,0911
13953,6278
13954,6118
13955,9964
13956,8528
13957,5932
13958,4141
13959,1152
13960,2473
13961,0890
13962,3028
13963,1872
13964,3877
13965,4735
13966,2755
13967,3009
13968,9609
13969,7299
13970,8514
13971,0729
13972,4512
13973,8583
13974,3426
13975,4596
13976,2497
13977,8660
13978,2622
13979,2900
13980,3452
13981,6881
13982,3488
13983,9649
13984,2959
13985,2574
13986,3511
13987,4651
13988,7995
13989,6543
13990,1487
13991,9299
13992,5781
13993,1256
13994,4402
13995,3030
13996,3539
13997,4929
13998,1270
13999,2964
14000,2274
14001,5224
14002,5089
14003,7350
14004,6206
14005,6605
14006,7473
14007,0288
14008,2562
14009,3948
14010,2238
14011,7915
14012,3546
14013,1751
14014,5723
14015,7727
14016,5807
14017,0083
14018,5526
14019,9778
14020,2072
14021,5532
14022,7610
14023,8925
14024,1757
14025,7379
14026,1150
14027,4947
14028,0577
14029,2937
14030,4289
14031,1335
14032,7610
14033,7398
14034,3401
14035,4917
14036,4952
14037,2487
14038,6377
14039,4345
14040,6044
14041,2572
14042,8401
14043,1540
14044,6333
14045,0752
14046,0908
14047,2484
14048,8334
14049,4932
14050,5417
14051,9555
14052,5616
14053,3023
14054,7839
14055,8912
14056,8808
14057,4008
14058,7936
14059,8519
14060,4545
14061,9295
14062,9459
14063,1765
14064,2456
14065,1703
14066,5378
14067,0601
14068,2204
14069,9934
14070,6965
14071,8340
14072,3070
14073,1976
14074,5603
14075,4014
14076,9857
14077,3896
14078,9918
14079,1321
14080,2624
14081,7162
14082,1317
14083,6933
14084,2819
14085,6021
14086,5942
14087,1197
14088,9876
14089,7465
14090,5298
14091,3237
14092,2006
14093,3740
14094,0413
14095,2859
14096,6348
14097,9927
14098,8354
14099,9072
14100,1003
14101,9697
14102,3391
14103,6223
14104,9049
14105,7664
14106,5071
14107,8446
14108,8159
14109,3642
14110,8526
14111,8441
14112,3647
14113,4785
14114,7281
14115,4941
14116,5650
14117,7308
14118,5965
14119,9854
14120,8702
14121,6434
14122,9056
14123,7414
14124,6831
14125,3373
14126,8239
14127,6231
14128,6545
14129,4720
14130,3874
14131,4089
14132,5356
14133,4817
14134,9008
14135,2058
14136,0088
14137,2637
14138,6170
14139,3557
14140,0148
14141,8266
14142,1544
14143,9333
14144,8459
14145,8337
14146,4473
14147,1579
14148,5428
14149,9087
14150,3647
14151,0399
14152,2023
14153,2821
14154,4627
14155,5553
14156,2300
14157,1131
14158,4688
14159,5363
14160,2857
14161,2634
14162,7711
14163,1056
14164,2875
14165,8507
14166,8635
14167,8027
14168,1170
14169,8387
14170,9314
14171,7862
14172,5586
14173,0331
14174,0589
14175,3092
14176,9870
14177,9864
14178,5853
14179,2625
14180,1622
14181,0868
14182,4668
14183,1877
14184,0623
14185,1010
14186,8995
14187,4162
14188,7594
14189,0146
14190,9080
14191,1540
14192,8065
14193,3323
14194,8879
14195,1151
14196,7934
14197,3616
14198,4515
14199,4186
14200,1433
14201,5511
14202,5583
14203,6033
14204,7334
14205,2112
14206,2790
14207,7525
14208,8013
14209,9990
14210,5828
14211,2944
14212,4701
14213,9492
14214,2411
14215,5971
14216,3043
14217,6256
14218,3814
14219,2868
14220,8165
14221,5944
14222,2343
14223,4631
14224,1761
14225,6444
14226,8714
14227,4912
14228,1330
14229,6416
14230,5665
14231,5448
14232,5036
14233,3925
14234,1948
14235,2482
14236,2591
14237,5601
14238,9033
14239,1537
14240,7468
14241,3510
14242,4938
14243,4363
14244,2838
14245,8186
14246,7728
14247,3020
14248,8528
14249,0805
14250,5250
14251,7883
14252,0712
14253,8910
14254,8572
14255,6370
14256,2538
14257,1034
14258,7521
14259,2045
14260,2604
14261,1618
14262,2672
14263,6191
14264,9276
14265,7991
14266,7548
14267,4701
14268,3320
14269,1357
14270,1522
14271,3564
14272,0851
14273,4740
14274,0080
14275,3212
14276,9486
14277,8709
14278,4197
14279,1900
14280,3950
14281,1996
14282,0667
14283,1251
14284,4160
14285,8619
14286,2039
14287,3713
14288,5608
14289,4368
14290,0663
14291,6556
14292,9265
14293,2828
14294,9831
14295,4728
14296,5830
14297,9080
14298,2329
14299,0501
14300,8311
14301,0149
14302,7846
14303,9657
14304,8644
14305,7881
14306,5131
14307,5042
14308,5852
14309,5074
14310,5875
14311,4390
14312,7663
14313,5778
14314,1900
14315,7454
14316,0281
14317,3128
14318,3890
14319,4568
14320,9540
14321,9566
14322,8229
14323,2652
14324,9450
14325,7053
14326,7728
14327,8182
14328,9822
14329,6936
14330,2975
14331,8634
14332,6621
14333,9472
14334,2711
14335,8835
14336,9411
14337,2312
14338,5496
14339,7628
14340,9331
14341,4501
14342,6068
14343,1527
14344,3869
14345,2973
14346,4040
14347,9189
14348,5480
14349,1411
14350,2209
14351,4382
14352,4000
14353,0434
14354,6744
14355,9904
14356,4956
14357,8158
14358,4412
14359,7789
14360,8557
14361,7109
14362,9111
14363,0802
14364,6341
14365,2691
14366,7244
14367,7567
14368,9201
14369,1294
14370,0438
14371,6737
14372,4327
14373,6881
14374,2023
14375,7502
14376,7252
14377,4022
14378,6954
14379,1117
14380,8576
14381,1842
14382,4578
14383,3577
14384,8610
14385,9154
14386,4601
14387,7820
14388,1830
14389,0394
14390,3263
14391,1851
14392,4701
14393,9971
14394,1618
14395,4346
14396,5559
14397,6372
14398,0568
14399,5550
14400,6199
14401,3541
14402,4262
14403,8259
14404,1209
14405,4748
14406,4831
14407,6126
14408,9308
14409,1978
14410,5666
14411,2620
14412,6785
14413,1151
14414,4050
14415,8824
14416,8829
14417,1899
14418,9729
14419,0917
14420,7893
14421,0244
14422,4842
14423,3647
14424,4243
14425,8350
14426,6243
14427,9489
14428,2084
14429,4770
14430,7520
14431,2065
14432,2254
14433,7045
14434,8157
14435,0519
14436,2529
14437,0979
14438,0541
14439,2326
14440,9352
14441,9679
14442,3424
14443,0701
14444,6705
14445,2443
14446,4319
14447,5873
14448,1319
14449,4715
14450,4511
14451,0114
14452,3234
14453,9103
14454,5024
14455,3455
14456,1374
14457,4548
14458,1362
14459,6431
14460,3231
14461,4981
14462,0697
14463,6690
14464,5797
14465,0611
14466,0448
14467,2730
14468,0970
14469,0414
14470,9639
14471,7821
14472,9900
14473,4616
14474,3765
14475,3719
14476,2557
14477,2665
14478,3860
14479,1406
14480,7000
14481,5355
14482,2544
14483,6729
14484,2883
14485,4570
14486,4069
14487,4747
14488,7245
14489,7957
14490,9745
14491,8273
14492,6002
14493,9173
14494,6929
14495,3517
14496,7637
14497,1514
14498,8921
14499,3120
14500,2084
14501,6484
14502,5658
14503,9905
14504,0677
14505,4782
14506,0424
14507,4692
14508,5083
14509,3676
14510,1135
14511,2238
14512,4461
14513,0616
14514,2610
14515,8085
14516,2770
14517,2305
14518,3743
14519,3022
14520,9519
14521,2470
14522,1714
14523,1497
14524,3421
14525,3639
14526,6703
14527,3925
14528,9534
14529,3585
14530,9717
14531,2843
14532,9135
14533,4283
14534,3808
14535,1648
14536,8647
14537,8262
14538,1232
14539,1317
14540,8504
14541,8104
14542,8745
14543,5639
14544,6404
14545,2845
14546,0440
14547,4282
14548,8446
14549,7415
14550,0647
14551,6270
14552,5156
14553,6594
14554,4453
14555,7616
14556,9024
14557,4741
14558,7907
14559,7917
14560,5338
14561,0659
14562,9920
14563,5875
14564,0347
14565,3020
14566,4930
14567,6610
14568,2374
14569,2547
14570,2428
14571,9791
14572,8170
14573,0614
14574,8638
14575,9953
14576,6573
14577,5163
14578,0422
14579,6088
14580,2350
14581,7775
14582,4387
14583,9010
14584,2038
14585,0521
14586,1142
14587,0150
14588,8009
14589,5066
14590,0231
14591,9433
14592,0438
14593,1972
14594,5190
14595,7288
14596,1880
14597,1259
14598,0742
14599,2984
14600,0406
14601,9296
14602,9971
14603,5265
14604,5748
14605,5044
14606,5143
14607,1923
14608,0594
14609,1887
14610,4351
14611,6414
14612,0697
14613,3245
14614,8921
14615,0851
14616,2525
14617,2487
14618,9684
14619,7689
14620,8590
14621,5337
14622,1187
14623,4953
14624,7087
14625,8998
14626,0102
14627,1602
14628,8119
14629,9820
14630,3592
14631,5864
14632,6989
14633,7084
14634,4077
14635,1889
14636,8741
14637,1791
14638,9265
14639,3610
14640,7705
14641,5815
14642,4804
14643,5133
14644,6530
14645,9315
14646,4920
14647,4996
14648,2291
14649,5073
14650,5761
14651,9648
14652,9428
14653,6258
14654,8040
14655,7274
14656,0543
14657,9143
14658,7855
14659,1508
14660,3094
14661,2514
14662,4687
14663,8342
14664,2247
14665,8175
14666,7590
14667,4182
14668,4123
14669,1038
14670,6595
14671,5494
14672,2166
14673,7648
14674,1790
14675,5421
14676,8210
14677,7367
14678,7776
14679,1683
14680,1823
14681,4945
14682,8296
14683,4838
14684,4185
14685,1533
14686,0152
14687,0941
14688,3694
14689,7430
14690,3474
14691,0912
14692,2351
14693,6504
14694,5982
14695,2643
14696,1903
14697,4247
14698,0921
14699,4311
14700,4216
14701,4303
14702,6162
14703,1781
14704,3724
14705,6912
14706,6318
14707,4359
14708,5344
14709,5746
14710,6618
14711,2474
14712,7842
14713,1762
14714,1753
14715,3836
14716,2744
14717,5672
14718,4239
14719,4625
14720,8431
14721,2788
14722,4972
14723,4099
14724,2490
14725,8536
14726,1553
14727,5569
14728,7704
14729,7158
14730,2718
14731,6423
14732,6552
14733,5736
14734,4170
14735,2847
14736,7555
14737,5350
14738,7995
14739,0978
14740,8573
14741,3878
14742,5869
14743,6950
14744,7579
14745,6162
14746,9711
14747,5523
14748,4139
14749,5138
14750,5757
14751,2379
14752,9378
14753,4105
14754,9342
14755,8845
14756,5273
14757,8577
14758,7841
14759,1141
14760,9204
14761,4044
14762,0657
14763,0553
14764,9909
14765,2908
14766,4294
14767,8788
14768,4299
14769,1286
14770,3668
14771,6205
14772,1208
14773,2224
14774,2062
14775,6384
14776,4617
14777,8746
14778,2697
14779,5698
14780,6164
14781,9766
14782,2832
14783,1435
14784,8205
14785,0934
14786,2928
14787,9182
14788,3122
14789,6876
14790,2951
14791,5073
14792,3772
14793,5695
14794,1150
14795,8869
14796,8577
14797,1472
14798,0055
14799,7115
14800,3524
14801,2687
14802,8337
14803,1979
14804,2047
14805,5654
14806,1939
14807,0710
14808,4660
14809,2893
14810,7731
14811,4495
14812,2993
14813,4490
14814,4785
14815,3762
14816,8582
14817,7946
14818,6819
14819,0161
14820,3398
14821,8630
14822,2004
14823,9892
14824,6562
14825,7996
14826,1887
14827,2190
14828,5059
14829,8633
14830,5376
14831,1227
14832,8413
14833,0680
14834,3000
14835,8499
14836,1100
14837,1187
14838,9399
14839,1889
14840,6537
14841,8922
14842,5687
14843,8788
14844,2315
14845,0210
14846,3012
14847,7666
14848,1737
14849,4066
14850,4698
14851,3985
14852,3233
14853,9440
14854,0413
14855,9090
14856,4746
14857,6892
14858,0994
14859,6057
14860,1718
14861,0399
14862,7899
14863,1501
14864,0153
14865,7722
14866,4886
14867,5546
14868,8489
14869,7552
14870,8332
14871,3081
14872,0852
14873,3707
14874,6897
14875,5478
14876,5182
14877,0975
14878,4646
14879,3767
14880,7683
14881,4132
14882,1436
14883,8888
14884,2458
14885,5147
14886,4247
14887,0007
14888,4440
14889,2257
14890,3484
14891,8299
14892,1461
14893,9957
14894,4348
14895,0100
14896,3058
14897,6071
14898,2776
14899,0815
14900,8518
14901,1281
14902,0830
14903,3407
14904,2564
14905,3052
14906,1738
14907,5345
14908,2327
14909,3137
14910,9479
14911,8586
14912,9996
14913,2263
14914,0430
14915,9116
14916,8847
14917,9213
14918,9110
14919,9611
14920,9863
14921,1019
14922,7315
14923,6062
14924,8934
14925,6836
14926,5195
14927,8771
14928,4145
14929,0304
14930,7732
14931,0606
14932,9485
14933,3731
14934,6481
14935,9781
14936,5297
14937,2741
14938,2038
14939,4904
14940,9061
14941,5243
14942,9719
14943,3264
14944,6002
14945,7570
14946,7673
14947,0309
14948,6443
14949,0243
14950,0452
14951,0484
14952,7549
14953,9166
14954,7565
14955,3392
14956,7596
14957,2533
14958,3417
14959,1111
14960,7505
14961,6624
14962,2640
14963,9606
14964,1457
14965,0931
14966,6155
14967,0859
14968,7894
14969,3608
14970,9271
14971,6785
14972,5675
14973,1270
14974,5543
14975,7760
14976,4049
14977,4537
14978,3270
14979,1490
14980,3503
14981,0707
14982,3987
14983,2874
14984,4085
14985,2935
14986,5059
14987,5918
14988,7269
14989,1505
14990,3703
14991,9797
14992,6168
14993,7913
14994,2177
14995,7595
14996,1225
14997,1047
14998,1971
14999,9352
15000,5417
15001,1066
15002,2316
15003,7273
15004,6488
15005,4166
15006,0346
15007,5335
15008,0636
15009,1566
15010,0249
15011,5758
15012,1882
15013,5455
15014,8312
15015,7756
15016,9060
15017,2913
15018,0927
15019,3417
15020,0142
15021,1519
15022,2586
15023,0965
15024,1624
15025,8210
15026,9990
15027,8850
15028,7295
15029,0559
15030,5666
15031,7165
15032,3706
15033,7301
15034,1711
15035,1862
15036,9167
15037,7836
15038,5658
15039,6580
15040,4111
15041,6805
15042,8793
15043,6254
15044,2311
15045,4889
15046,2818
15047,5189
15048,4233
15049,2382
15050,3898
15051,5687
15052,8537
15053,3715
15054,8996
15055,0740
15056,0813
15057,6216
15058,0842
15059,2319
15060,1273
15061,3907
15062,5313
15063,4469
15064,0827
15065,7441
15066,0412
15067,6652
15068,2359
15069,7899
15070,9536
15071,1280
15072,9968
15073,6839
15074,2515
15075,2031
15076,0907
15077,5213
15078,0477
15079,0923
15080,0580
15081,6688
15082,9651
15083,4955
15084,8989
15085,2350
15086,6692
15087,0998
15088,1136
15089,4874
15090,3593
15091,0619
15092,3072
15093,1204
15094,1625
15095,4006
15096,1447
15097,2926
15098,8769
15099,1347
15100,3238
15101,6048
15102,1268
15103,7109
15104,4020
15105,9829
15106,7744
15107,6343
15108,2373
15109,3168
15110,1881
15111,5273
15112,6936
15113,8944
15114,5276
15115,0332
15116,2517
15117,6870
15118,7865
15119,6087
15120,4240
15121,0802
15122,7533
15123,3059
15124,7313
15125,3985
15126,9286
15127,4450
15128,8390
15129,2356
15130,2403
15131,1409
15132,7814
15133,3015
15134,9567
15135,6351
15136,4650
15137,1351
15138,7681
15139,0726
15140,3301
15141,0405
15142,9909
15143,4266
15144,6294
15145,2606
15146,0119
15147,6781
15148,7346
15149,6381
15150,0168
15151,1492
15152,4288
15153,8617
15154,1825
15155,8979
15156,8943
15157,7575
15158,9404
15159,5867
15160,0190
15161,8226
15162,7592
15163,7116
15164,3441
15165,1785
15166,7245
15167,1369
15168,6024
15169,6081
15170,0016
15171,7927
15172,3654
15173,3419
15174,7306
15175,1930
15176,4309
15177,4623
15178,1720
15179,9248
15180,6138
15181,4322
15182,4350
15183,4033
15184,7400
15185,1632
15186,5340
15187,1043
15188,3753
15189,1134
15190,3610
15191,7179
15192,4872
15193,1971
15194,5768
15195,7342
15196,4330
15197,2402
15198,0159
15199,9818
15200,7483
15201,7539
15202,3678
15203,4699
15204,4543
15205,0997
15206,6883
15207,7430
15208,0217
15209,6324
15210,7408
15211,8720
15212,3787
15213,9854
15214,7613
15215,1882
15216,7281
15217,3571
15218,9996
15219,4811
15220,0739
15221,3487
15222,3733
15223,5500
15224,3313
15225,3814
15226,6201
15227,4401
15228,6668
15229,4470
15230,9585
15231,0685
15232,5615
15233,1986
15234,6858
15235,0801
15236,9748
15237,9002
15238,4281
15239,9048
15240,5559
15241,1561
15242,3672
15243,2765
15244,7526
15245,6109
15246,1186
15247,3246
15248,9189
15249,9490
15250,1339
15251,2551
15252,4452
15253,0796
15254,6376
15255,9046
15256,9520
15257,7300
15258,6740
15259,4030
15260,3195
15261,7199
15262,9691
15263,7993
15264,3991
15265,0882
15266,8277
15267,2699
15268,9308
15269,7139
15270,1071
15271,5751
15272,5918
15273,2192
15274,1299
15275,1463
15276,2996
15277,5256
15278,5591
15279,1756
15280,7070
15281,1681
15282,5596
15283,5181
15284,0788
15285,0709
15286,9110
15287,1579
15288,7271
15289,0344
15290,0081
15291,9023
15292,4019
15293,4659
15294,8222
15295,3000
15296,6378
15297,0270
15298,3155
15299,8788
15300,6788
15301,8820
15302,2627
15303,9016
15304,6746
15305,2937
15306,7411
15307,1319
15308,7882
15309,8664
15310,1766
15311,9754
15312,4092
15313,6640
15314,4237
15315,6611
15316,0096
15317,1766
15318,5579
15319,9653
15320,8990
15321,3792
15322,6115
15323,9096
15324,4361
15325,5778
15326,7119
15327,8077
15328,2969
15329,0634
15330,1642
15331,8698
15332,4593
15333,1597
15334,8248
15335,0791
15336,1960
15337,0752
15338,4807
15339,8008
15340,3085
15341,6604
15342,7797
15343,3961
15344,8365
15345,8597
15346,5148
15347,2220
15348,8372
15349,0170
15350,2624
15351,5156
15352,2385
15353,9691
15354,9276
15355,1425
15356,4839
15357,1612
15358,8389
15359,0383
15360,8055
15361,1884
15362,1154
15363,4442
15364,8934
15365,1008
15366,0008
15367,3218
15368,8401
15369,5964
15370,8691
15371,1308
15372,6869
15373,2841
15374,6042
15375,9443
15376,6238
15377,8696
15378,1430
15379,5652
15380,8558
15381,7405
15382,9645
15383,5995
15384,0810
15385,6562
15386,4446
15387,0149
15388,9494
15389,3761
15390,1897
15391,8993
15392,5280
15393,5601
15394,9376
15395,0581
15396,6821
15397,5361
15398,6176
15399,2814
15400,7645
15401,0478
15402,1873
15403,5031
15404,0372
15405,8950
15406,8946
15407,6738
15408,8493
15409,8199
15410,2277
15411,5116
15412,9745
15413,5223
15414,6152
15415,0792
15416,0699
15417,3120
15418,5634
15419,9341
15420,6434
15421,8222
15422,4933
15423,2982
15424,3939
15425,2525
15426,5945
15427,2263
15428,6862
15429,6816
15430,6609
15431,6928
15432,6492
15433,0422
15434,2175
15435,7628
15436,8761
15437,1537
15438,9106
15439,6956
15440,8039
15441,2878
15442,9836
15443,2333
15444,6519
15445,8272
15446,3491
15447,0556
15448,3675
15449,0574
15450,8465
15451,1779
15452,1383
15453,3484
15454,7638
15455,7976
15456,3032
15457,2667
15458,8074
15459,4569
15460,8349
15461,2284
15462,2149
15463,6887
15464,4945
15465,4740
15466,3215
15467,0689
15468,8078
15469,6558
15470,2668
15471,8919
15472,5284
15473,3139
15474,1874
15475,0353
15476,8186
15477,0595
15478,4473
15479,0969
15480,6009
15481,0415
15482,1320
15483,6502
15484,8607
15485,7416
15486,9097
15487,4889
15488,4572
15489,8702
15490,0293
15491,4164
15492,6206
15493,9556
15494,2897
15495,1690
15496,0491
15497,0195
15498,0481
15499,5813
15500,7282
15501,1671
15502,3396
15503,2872
15504,0337
15505,9133
15506,0295
15507,1455
15508,9746
15509,7679
15510,9824
15511,9998
15512,4095
15513,4250
15514,6651
15515,1279
15516,9538
15517,3668
15518,6961
15519,4218
15520,1424
15521,9766
15522,8623
15523,5016
15524,6060
15525,0837
15526,2241
15527,4173
15528,1029
15529,5928
15530,6686
15531,0495
15532,7938
15533,4219
15534,3920
15535,2553
15536,0338
15537,5058
15538,2611
15539,7316
15540,9695
15541,5863
15542,5806
15543,4462
15544,6988
15545,0179
15546,5918
15547,0440
15548,5825
15549,1983
15550,6214
15551,7269
15552,2487
15553,5508
15554,9421
15555,6371
15556,3520
15557,3592
15558,0707
15559,1824
15560,8996
15561,0446
15562,2536
15563,9464
15564,9410
15565,8481
15566,1372
15567,8210
15568,4037
15569,1370
15570,4928
15571,8968
15572,3371
15573,1756
15574,3398
15575,1053
15576,7865
15577,5930
15578,2280
15579,0027
15580,0757
15581,8544
15582,4843
15583,6869
15584,3248
15585,7553
15586,0272
15587,9845
15588,4513
15589,9637
15590,9740
15591,4701
15592,5965
15593,4107
15594,9022
15595,5135
15596,1948
15597,0727
15598,4758
15599,2985
15600,0576
15601,2746
15602,1811
15603,2687
15604,0846
15605,3372
15606,4830
15607,4701
15608,6761
15609,4456
15610,7960
15611,8493
15612,5781
15613,4040
15614,1639
15615,2569
15616,3731
15617,8712
15618,0664
15619,1714
15620,8992
15621,7806
15622,0264
15623,7097
15624,2867
15625,3778
15626,2378
15627,1704
15628,2687
15629,5209
15630,5722
15631,3051
15632,6010
15633,9547
15634,1660
15635,2818
15636,0745
15637,8170
15638,1063
15639,5781
15640,6276
15641,2452
15642,2430
15643,0457
15644,9002
15645,1526
15646,1101
15647,2978
15648,1905
15649,6861
15650,5883
15651,5506
15652,7916
15653,2286
15654,7814
15655,0434
15656,8845
15657,7078
15658,1576
15659,2017
15660,6573
15661,0654
15662,6107
15663,8746
15664,6702
15665,3254
15666,5643
15667,8029
15668,2458
15669,9639
15670,1003
15671,8885
15672,3366
15673,2599
15674,6820
15675,6295
15676,7582
15677,2156
15678,5202
15679,6177
15680,7647
15681,8623
15682,1444
15683,8359
15684,8550
15685,7614
15686,2382
15687,8378
15688,9837
15689,6667
15690,3124
15691,8652
15692,1741
15693,8695
15694,0907
15695,0275
15696,4718
15697,1039
15698,1736
15699,5174
15700,2785
15701,2542
15702,8662
15703,6570
15704,6609
15705,7106
15706,4427
15707,7340
15708,3757
15709,4426
15710,0896
15711,3293
15712,5661
15713,2563
15714,8755
15715,1696
15716,0904
15717,8507
15718,9250
15719,0423
15720,3978
15721,6822
15722,9116
15723,0647
15724,6340
15725,4679
15726,7031
15727,4618
15728,7430
15729,3625
15730,7828
15731,1280
15732,9405
15733,1588
15734,3248
15735,4303
15736,4125
15737,3424
15738,5889
15739,9871
15740,1631
15741,3255
15742,8386
15743,1303
15744,6766
15745,8936
15746,8459
15747,6936
15748,4794
15749,9236
15750,2119
15751,3368
15752,0517
15753,7595
15754,3872
15755,7145
15756,5269
15757,4192
15758,7393
15759,5630
15760,5900
15761,5212
15762,7984
15763,0086
15764,5113
15765,6462
15766,7238
15767,6283
15768,2872
15769,1993
15770,1321
15771,6347
15772,8865
15773,2117
15774,4597
15775,7438
15776,3882
15777,4851
15778,9635
15779,2692
15780,7261
15781,3412
15782,1039
15783,9720
15784,8067
15785,8609
15786,0222
15787,2211
15788,5794
15789,6404
15790,6699
15791,9124
15792,9917
15793,8233
15794,9446
15795,7648
15796,3476
15797,0993
15798,0000
15799,1796
15800,6275
15801,1011
15802,2202
15803,8174
15804,0909
15805,8291
15806,9125
15807,4156
15808,2752
15809,5178
15810,4600
15811,0700
15812,1769
15813,5791
15814,8565
15815,3634
15816,8825
15817,8858
15818,9108
15819,1606
15820,6592
15821,2587
15822,5008
15823,3023
15824,6522
15825,7134
15826,6754
15827,5217
15828,2827
15829,2305
15830,7333
15831,8042
15832,0227
15833,3266
15834,4542
15835,2056
15836,9768
15837,3763
15838,2237
15839,9910
15840,5689
15841,8497
15842,6635
15843,6791
15844,1871
15845,8545
15846,5597
15847,3801
15848,3062
15849,5007
15850,2639
15851,2828
15852,5199
15853,1543
15854,8195
15855,8468
15856,6505
15857,5377
15858,4244
15859,6481
15860,5008
15861,7679
15862,9849
15863,0595
15864,1287
15865,1199
15866,1544
15867,2527
15868,2533
15869,0885
15870,0378
15871,2419
15872,9448
15873,6830
15874,4032
15875,8643
15876,3447
15877,8204
15878,7113
15879,0553
15880,7373
15881,3591
15882,0825
15883,2108
15884,2292
15885,6723
15886,3785
15887,3299
15888,2796
15889,8028
15890,2012
15891,0216
15892,2295
15893,9473
15894,6112
15895,9753
15896,3528
15897,7190
15898,3198
15899,4777
15900,4512
15901,5515
15902,9891
15903,0628
15904,7818
15905,3495
15906,3562
15907,7492
15908,7086
15909,8832
15910,0411
15911,4129
15912,0974
15913,1917
15914,2403
15915,3891
15916,2373
15917,6495
15918,0950
15919,1038
15920,3159
15921,2935
15922,1678
15923,7541
15924,2381
15925,6128
15926,7858
15927,1321
15928,4407
15929,6410
15930,2278
15931,0735
15932,0282
15933,1863
15934,8848
15935,6098
15936,3909
15937,9039
15938,0417
15939,8645
15940,1297
15941,7449
15942,8352
15943,3033
15944,5000
15945,4957
15946,9722
15947,3846
15948,2354
15949,9347
15950,4119
15951,3958
15952,8159
15953,1638
15954,3347
15955,9613
15956,2298
15957,3893
15958,2627
15959,1165
15960,6310
15961,7970
15962,6053
15963,6427
15964,0035
15965,7451
15966,9396
15967,2010
15968,9124
15969,2559
15970,2196
15971,5581
15972,2550
15973,5585
15974,7571
15975,5243
15976,0624
15977,8012
15978,6580
15979,8260
15980,7594
15981,5294
15982,0967
15983,5637
15984,2808
15985,9840
15986,7178
15987,1938
15988,7800
15989,3307
15990,1940
15991,0304
15992,0597
15993,2317
15994,7184
15995,5999
15996,3664
15997,6868
15998,3131
15999,1851
16000,7835
16001,6070
16002,5835
16003,4700
16004,4529
16005,1468
16006,9776
16007,3102
16008,0584
16009,2177
16010,7403
16011,4561
16012,6713
16013,3991
16014,9370
16015,0768
16016,5112
16017,5555
16018,0734
16019,9707
16020,6173
16021,4717
16022,2763
16023,4174
16024,7240
16025,6262
16026,9718
16027,1142
16028,9581
16029,1072
16030,0992
16031,1174
16032,5142
16033,5544
16034,5157
16035,8533
16036,0235
16037,2302
16038,9526
16039,0552
16040,8769
16041,2702
16042,6663
16043,1459
16044,8211
16045,4055
16046,8671
16047,2387
16048,7378
16049,5596
16050,3335
16051,7388
16052,8902
16053,9113
16054,4165
16055,7767
16056,4075
16057,8270
16058,2720
16059,3762
16060,0177
16061,7747
16062,6692
16063,5906
16064,6155
16065,7559
16066,8520
16067,5113
16068,4894
16069,7705
16070,0571
16071,9896
16072,8783
16073,5633
16074,7428
16075,1690
16076,2408
16077,9126
16078,6679
16079,1924
16080,6339
16081,3344
16082,7588
16083,0209
16084,3296
16085,2181
16086,2585
16087,7503
16088,3166
16089,9231
16090,7518
16091,1979
16092,9730
16093,2871
16094,8853
16095,1803
16096,7340
16097,5283
16098,5194
16099,6027
16100,4013
16101,9098
16102,2821
16103,4825
16104,9517
16105,3195
16106,9224
16107,6168
16108,5449
16109,8159
16110,7859
16111,8065
16112,1734
16113,7407
16114,3478
16115,4933
16116,8060
16117,0360
16118,8507
16119,5643
16120,6175
16121,3556
16122,4942
16123,1534
16124,7688
16125,4220
16126,3089
16127,7676
16128,6363
16129,1990
16130,4416
16131,0900
16132,7536
16133,2196
16134,5720
16135,3047
16136,6920
16137,2527
16138,7701
16139,1607
16140,1598
16141,3090
16142,2604
16143,3274
16144,3177
16145,5358
16146,1857
16147,5299
16148,3427
16149,2374
16150,3123
16151,2740
16152,2642
16153,2872
16154,7182
16155,0625
16156,6242
16157,1720
16158,4477
16159,5234
16160,6168
16161,4001
16162,7641
16163,9713
16164,3305
16165,6187
16166,0746
16167,8578
16168,4498
16169,7496
16170,8288
16171,8392
16172,5415
16173,9136
16174,3238
16175,4639
16176,3588
16177,7830
16178,0777
16179,5179
16180,1561
16181,8389
16182,6372
16183,6252
16184,9510
16185,6530
16186,5131
16187,8539
16188,8971
16189,2843
16190,0342
16191,1144
16192,9177
16193,9268
16194,0586
16195,1079
16196,0976
16197,3769
16198,3011
16199,4094
16200,6141
16201,3029
16202,8794
16203,2805
16204,7149
16205,9839
16206,7045
16207,1172
16208,3114
16209,7421
16210,4423
16211,9348
16212,3352
16213,1896
16214,8738
16215,9421
16216,3768
16217,8176
16218,4779
16219,0402
16220,2183
16221,0118
16222,6031
16223,6594
16224,5126
16225,0589
16226,2326
16227,3636
16228,0215
16229,3987
16230,0613
16231,0627
16232,1274
16233,7644
16234,0405
16235,3799
16236,2243
16237,9032
16238,5433
16239,4779
16240,8174
16241,7152
16242,0538
16243,8167
16244,1914
16245,3742
16246,4577
16247,5224
16248,5676
16249,3208
16250,0080
16251,6459
16252,6328
16253,4474
16254,0645
16255,8104
16256,2080
16257,7126
16258,8458
16259,2845
16260,7538
16261,7533
16262,1244
16263,1916
16264,5483
16265,1466
16266,1776
16267,2270
16268,7514
16269,3292
16270,9234
16271,2568
16272,3582
16273,6942
16274,8844
16275,9955
16276,8340
16277,1510
16278,3565
16279,2456
16280,7404
16281,7255
16282,8065
16283,9346
16284,9913
16285,6393
16286,3223
16287,3313
16288,1618
16289,2427
16290,1966
16291,1503
16292,9963
16293,4640
16294,9385
16295,6535
16296,6932
16297,8494
16298,8393
16299,3794
16300,7738
16301,7444
16302,2551
16303,1231
16304,3194
16305,3476
16306,3211
16307,3497
16308,9079
16309,1960
16310,0411
16311,5896
16312,8906
16313,3600
16314,7685
16315,6410
16316,9441
16317,5856
16318,2767
16319,8889
16320,3897
16321,6958
16322,7408
16323,3338
16324,7527
16325,0291
16326,5574
16327,4289
16328,7345
16329,5003
16330,4045
16331,2667
16332,1720
16333,5313
16334,3065
16335,9195
16336,2533
16337,4663
16338,2153
16339,0621
16340,9002
16341,9006
16342,9538
16343,3945
16344,4623
16345,3616
16346,8663
16347,0455
16348,1799
16349,2128
16350,6390
16351,9740
16352,6474
16353,4959
16354,6324
16355,8758
16356,8607
16357,2863
16358,2552
16359,4630
16360,4976
16361,8462
16362,0783
16363,7296
16364,4974
16365,5303
16366,9044
16367,1269
16368,3555
16369,9236
16370,3851
16371,1077
16372,2812
16373,1717
16374,4862
16375,9369
16376,6861
16377,3759
16378,1308
16379,4200
16380,2988
16381,8079
16382,1656
16383,0540
16384,0163
16385,7118
16386,7680
16387,2381
16388,8381
16389,2597
16390,3066
16391,0490
16392,0271
16393,5068
16394,0340
16395,0292
16396,0487
16397,8427
16398,6321
16399,9858
16400,7212
16401,3835
16402,8565
16403,1956
16404,9622
16405,5975
16406,7352
16407,2762
16408,2883
16409,2014
16410,4255
16411,3241
16412,9839
16413,7805
16414,2881
16415,8582
16416,7843
16417,5312
16418,8365
16419,3160
16420,3099
16421,9797
16422,1494
16423,1803
16424,7495
16425,2663
16426,6776
16427,7097
16428,5352
16429,2926
16430,3700
16431,1016
16432,5261
16433,9004
16434,3482
16435,9666
16436,4079
16437,2235
16438,0067
16439,8135
16440,6346
16441,5689
16442,0322
16443,2636
16444,5780
16445,7236
16446,6799
16447,8135
16448,0961
16449,0765
16450,4762
16451,8124
16452,9523
16453,3096
16454,5448
16455,0901
16456,2398
16457,6809
16458,9930
16459,2242
16460,4384
16461,9730
16462,0245
16463,0200
16464,0367
16465,4149
16466,2396
16467,4943
16468,6942
16469,4657
16470,9320
16471,0287
16472,1259
16473,2007
16474,6943
16475,3789
16476,5940
16477,8022
16478,6464
16479,6362
16480,0599
16481,1217
16482,4612
16483,7665
16484,9012
16485,6580
16486,7820
16487,3940
16488,4675
16489,6887
16490,5960
16491,2965
16492,0205
16493,0972
16494,8459
16495,7803
16496,8776
16497,3443
16498,0441
16499,8239
16500,2775
16501,5427
16502,2620
16503,5377
16504,2231
16505,1751
16506,0434
16507,5622
16508,4664
16509,4865
16510,4483
16511,8223
16512,6121
16513,3746
16514,1804
16515,3544
16516,5953
16517,8924
16518,9769
16519,3549
16520,9697
16521,5587
16522,9476
16523,9520
16524,2541
16525,7692
16526,4999
16527,5704
16528,8571
16529,6726
16530,3639
16531,7961
16532,7241
16533,9494
16534,7005
16535,2248
16536,6639
16537,3445
16538,7334
16539,0306
16540,4004
16541,6999
16542,7210
16543,8970
16544,5933
16545,4135
16546,1783
16547,2744
16548,0022
16549,8266
16550,4621
16551,7700
16552,5072
16553,9983
16554,7529
16555,5200
16556,6302
16557,2630
16558,4622
16559,4001
16560,6310
16561,9956
16562,6484
16563,5775
16564,8070
16565,1158
16566,0789
16567,4457
16568,8670
16569,8931
16570,1417
16571,7213
16572,9802
16573,3769
16574,2744
16575,9354
16576,2857
16577,9134
16578,2813
16579,2872
16580,0288
16581,9982
16582,6194
16583,1836
16584,8712
16585,1228
16586,8925
16587,0805
16588,2581
16589,3877
16590,5592
16591,3763
16592,8122
16593,5922
16594,0972
16595,3247
16596,8988
16597,0985
16598,5739
16599,6466
16600,8998
16601,7104
16602,2701
16603,9905
16604,9705
16605,5727
16606,8755
16607,6223
16608,4375
16609,5325
16610,1783
16611,7870
16612,4314
16613,9663
16614,9555
16615,8383
16616,4926
16617,4713
16618,4336
16619,1758
16620,1499
16621,5158
16622,4626
16623,6146
16624,0322
16625,7049
16626,7133
16627,4912
16628,9801
16629,6707
16630,0193
16631,6649
16632,9666
16633,8236
16634,1504
16635,5786
16636,5015
16637,2925
16638,1298
16639,8959
16640,6840
16641,5892
16642,3503
16643,1288
16644,0062
16645,1971
16646,5697
16647,9120
16648,0881
16649,4287
16650,4998
16651,4085
16652,9643
16653,8905
16654,4853
16655,2214
16656,7494
16657,5364
16658,0620
16659,2050
16660,7118
16661,1444
16662,4391
16663,7959
16664,1218
16665,6775
16666,9571
16667,5271
16668,6664
16669,4860
16670,4025
16671,0721
16672,3726
16673,7048
16674,4087
16675,7175
16676,9175
16677,4835
16678,8839
16679,6575
16680,4868
16681,8854
16682,5424
16683,5903
16684,2179
16685,7169
16686,5619
16687,4332
16688,6529
16689,9139
16690,0785
16691,7096
16692,5854
16693,5851
16694,5210
16695,2886
16696,5673
16697,4076
16698,9159
16699,8973
16700,5529
16701,9130
16702,7997
16703,9964
16704,3627
16705,9944
16706,5737
16707,9665
16708,1379
16709,9774
16710,5281
16711,1822
16712,7893
16713,7209
16714,7231
16715,7339
16716,0252
16717,2252
16718,3314
16719,3766
16720,4756
16721,7235
16722,4846
16723,0928
16724,8975
16725,6875
16726,1578
16727,6895
16728,4919
16729,5232
16730,0951
16731,2552
16732,8295
16733,9509
16734,2932
16735,8571
16736,8952
16737,4817
16738,4708
16739,9853
16740,4829
16741,7343
16742,6584
16743,5015
16744,4741
16745,9789
16746,8130
16747,1682
16748,3197
16749,0503
16750,5924
16751,1970
16752,8238
16753,5078
16754,8114
16755,9211
16756,2230
16757,7918
16758,7053
16759,2933
16760,0132
16761,7066
16762,5044
16763,4582
16764,1712
16765,5204
16766,9877
16767,1239
16768,3871
16769,8712
16770,3989
16771,8424
16772,9320
16773,8122
16774,0425
16775,4620
16776,7013
16777,8170
16778,2158
16779,0343
16780,3834
16781,9405
16782,4521
16783,8122
16784,3061
16785,5705
16786,8449
16787,3911
16788,4206
16789,8670
16790,5470
16791,5101
16792,3009
16793,2259
16794,5787
16795,9021
16796,2831
16797,8925
16798,6942
16799,7685
16800,0426
16801,3985
16802,1993
16803,7899
16804,7396
16805,3338
16806,8379
16807,9727
16808,0463
16809,0978
16810,5536
16811,9944
16812,2371
16813,9098
16814,7895
16815,3672
16816,5000
16817,7545
16818,2290
16819,0075
16820,4784
16821,7646
16822,3169
16823,6774
16824,8276
16825,0381
16826,5251
16827,3285
16828,2454
16829,0752
16830,9655
16831,1407
16832,7117
16833,3068
16834,8476
16835,8539
16836,6872
16837,2798
16838,8897
16839,9021
16840,4862
16841,7892
16842,2100
16843,7819
16844,0747
16845,8211
16846,9369
16847,9978
16848,4250
16849,7375
16850,0225
16851,2813
16852,6199
16853,3634
16854,4385
16855,1105
16856,0826
16857,1260
16858,8558
16859,2001
16860,7288
16861,8122
16862,9557
16863,6560
16864,2447
16865,3880
16866,6211
16867,9716
16868,4773
16869,4540
16870,5585
16871,5844
16872,3742
16873,0875
16874,9230
16875,0107
16876,1460
16877,1543
16878,6557
16879,2806
16880,7848
16881,5503
16882,8668
16883,6703
16884,2296
16885,2879
16886,2177
16887,6654
16888,5390
16889,2148
16890,8432
16891,4954
16892,1803
16893,3244
16894,7532
16895,5453
16896,7468
16897,6511
16898,5513
16899,1561
16900,0238
16901,9707
16902,2197
16903,1199
16904,9158
16905,6415
16906,8741
16907,2080
16908,8786
16909,3315
16910,4813
16911,1305
16912,9830
16913,6763
16914,4529
16915,8983
16916,2078
16917,2851
16918,2754
16919,1805
16920,6719
16921,9771
16922,0242
16923,2968
16924,4078
16925,3253
16926,0419
16927,9986
16928,7229
16929,7830
16930,4222
16931,6422
16932,2467
16933,0930
16934,0847
16935,9972
16936,3166
16937,1156
16938,9719
16939,0662
16940,7243
16941,4704
16942,2268
16943,6831
16944,0785
16945,3076
16946,6354
16947,8528
16948,8109
16949,2511
16950,4777
16951,0323
16952,6214
16953,7732
16954,5770
16955,7167
16956,8473
16957,2255
16958,8482
16959,7651
16960,2440
16961,4164
16962,1944
16963,8558
16964,9470
16965,2943
16966,0857
16967,2283
16968,5703
16969,6571
16970,0110
16971,3971
16972,6080
16973,6200
16974,1711
16975,3368
16976,3524
16977,1183
16978,7320
16979,8637
16980,6283
16981,1311
16982,6383
16983,1436
16984,0393
16985,9084
16986,6000
16987,9897
16988,8304
16989,9683
16990,4602
16991,5496
16992,6266
16993,1853
16994,5744
16995,4563
16996,6684
16997,2259
16998,6591
16999,1983
17000,0806
17001,4391
17002,2320
17003,3458
17004,6726
17005,7977
17006,3754
17007,9104
17008,2506
17009,4181
17010,6562
17011,0242
17012,4167
17013,6295
17014,4194
17015,5079
17016,6304
17017,6830
17018,2587
17019,1195
17020,4471
17021,5301
17022,6213
17023,9437
17024,0960
17025,8401
17026,4649
17027,0965
17028,5312
17029,3121
17030,2353
17031,9416
17032,1185
17033,1603
17034,5381
17035,1434
17036,6415
17037,9682
17038,1322
17039,7137
17040,8800
17041,5446
17042,9978
17043,9916
17044,1544
17045,0505
17046,8082
17047,1614
17048,7642
17049,3640
17050,0094
17051,3720
17052,9513
17053,3791
17054,6849
17055,9565
17056,1685
17057,7129
17058,7378
17059,0244
17060,3343
17061,1745
17062,7472
17063,2243
17064,4901
17065,5525
17066,1931
17067,1324
17068,8439
17069,3110
17070,3840
17071,3466
17072,9937
17073,7387
17074,1131
17075,0083
17076,8122
17077,8064
17078,6648
17079,9686
17080,8337
17081,0295
17082,5436
17083,6836
17084,6716
17085,7210
17086,6763
17087,1971
17088,3340
17089,2492
17090,1293
17091,6042
17092,4187
17093,9588
17094,9385
17095,7654
17096,1328
17097,8500
17098,5742
17099,3735
17100,0351
17101,8909
17102,6545
17103,0040
17104,8248
17105,7875
17106,0755
17107,6260
17108,6064
17109,2122
17110,4555
17111,5532
17112,7621
17113,5827
17114,2238
17115,1745
17116,1822
17117,5054
17118,3937
17119,8999
17120,1906
17121,8706
17122,6098
17123,5834
17124,1517
17125,6002
17126,2249
17127,5133
17128,2586
17129,4707
17130,2665
17131,2994
17132,9651
17133,4732
17134,9032
17135,6339
17136,2760
17137,1718
17138,2697
17139,0762
17140,2483
17141,4576
17142,8362
17143,6875
17144,2303
17145,3798
17146,9062
17147,2584
17148,9394
17149,6925
17150,5369
17151,1533
17152,3779
17153,6806
17154,1022
17155,7140
17156,2004
17157,7856
17158,2004
17159,5401
17160,1390
17161,1436
17162,9078
17163,4752
17164,6105
17165,2598
17166,4459
17167,4685
17168,5813
17169,2870
17170,9606
17171,0428
17172,3722
17173,7292
17174,4455
17175,3898
17176,1358
17177,8865
17178,6613
17179,7758
17180,6107
17181,2449
17182,3625
17183,5817
17184,0578
17185,4188
17186,4569
17187,5311
17188,8246
17189,2752
17190,3724
17191,8520
17192,4552
17193,4490
17194,6627
17195,8133
17196,0389
17197,4331
17198,5171
17199,2502
17200,1220
17201,4271
17202,6771
17203,6020
17204,9832
17205,7066
17206,6236
17207,3153
17208,4834
17209,3490
17210,7629
17211,0023
17212,4822
17213,3978
17214,4542
17215,3511
17216,9272
17217,1070
17218,7582
17219,8558
17220,4453
17221,3102
17222,6708
17223,4030
17224,4004
17225,4057
17226,2203
17227,4564
17228,4293
17229,6806
17230,7794
17231,9105
17232,3153
17233,3074
17234,6427
17235,2341
17236,6847
17237,5224
17238,9943
17239,6989
17240,4284
17241,3259
17242,9969
17243,9654
17244,5098
17245,7314
17246,9604
17247,2411
17248,7362
17249,9536
17250,7418
17251,7633
17252,0795
17253,9207
17254,2150
17255,9979
17256,4185
17257,1774
17258,2854
17259,5959
17260,8844
17261,0632
17262,2614
17263,7107
17264,1366
17265,2632
17266,5301
17267,2436
17268,3139
17269,0272
17270,1707
17271,3171
17272,6968
17273,3298
17274,9229
17275,3610
17276,3188
17277,7367
17278,3669
17279,2988
17280,9236
17281,5427
17282,1961
17283,2527
17284,9983
17285,2031
17286,7675
17287,4647
17288,1945
17289,3521
17290,7883
17291,9749
17292,6395
17293,0253
17294,8798
17295,5438
17296,3969
17297,6224
17298,6330
17299,1633
17300,1494
17301,0176
17302,9733
17303,7613
17304,5769
17305,5091
17306,1941
17307,3566
17308,7312
17309,8863
17310,2530
17311,4660
17312,6703
17313,7111
17314,2713
17315,4842
17316,0435
17317,0569
17318,4376
17319,7355
17320,4127
17321,5055
17322,7347
17323,3523
17324,7992
17325,7464
17326,2871
17327,5335
17328,0658
17329,2367
17330,7688
17331,5111
17332,9232
17333,2835
17334,2294
17335,3051
17336,9257
17337,0189
17338,6281
17339,1733
17340,0772
17341,1642
17342,6393
17343,5214
17344,3240
17345,4523
17346,4690
17347,8454
17348,5314
17349,0151
17350,5414
17351,3269
17352,7330
17353,6413
17354,0779
17355,3959
17356,0826
17357,7381
17358,1684
17359,5032
17360,5509
17361,8075
17362,8871
17363,3057
17364,4699
17365,4181
17366,6964
17367,5781
17368,5004
17369,9623
17370,0482
17371,1877
17372,3222
17373,5572
17374,5249
17375,8144
17376,1511
17377,7497
17378,3663
17379,9262
17380,4261
17381,5126
17382,7939
17383,8955
17384,7882
17385,9749
17386,0979
17387,0641
17388,4741
17389,4918
17390,7186
17391,0557
17392,6175
17393,9212
17394,2042
17395,9665
17396,0704
17397,3215
17398,0193
17399,4561
17400,3347
17401,7852
17402,6787
17403,0570
17404,3264
17405,6296
17406,9979
17407,3942
17408,0254
17409,4031
17410,0424
17411,2267
17412,7079
17413,5175
17414,9489
17415,0248
17416,7579
17417,2919
17418,9842
17419,7843
17420,7456
17421,4597
17422,7791
17423,1465
17424,5971
17425,5280
17426,9955
17427,1102
17428,4549
17429,4340
17430,2683
17431,7096
17432,1629
17433,6315
17434,2233
17435,7259
17436,4242
17437,6460
17438,5283
17439,7700
17440,1669
17441,1878
17442,4755
17443,3509
17444,5246
17445,8820
17446,8488
17447,6636
17448,1836
17449,2275
17450,1022
17451,9599
17452,3778
17453,2173
17454,1034
17455,8532
17456,9677
17457,8272
17458,6702
17459,7959
17460,0154
17461,9359
17462,8636
17463,7915
17464,1347
17465,3532
17466,0546
17467,9738
17468,9520
17469,9156
17470,5405
17471,3133
17472,0952
17473,9312
17474,3916
17475,6506
17476,9834
17477,7798
17478,2373
17479,8160
17480,8790
17481,4659
17482,1810
17483,8292
17484,1068
17485,9888
17486,6787
17487,5122
17488,7242
17489,8048
17490,5368
17491,8912
17492,7684
17493,1217
17494,1240
17495,8775
17496,0927
17497,9032
17498,9834
17499,2816
17500,1153
17501,3718
17502,4212
17503,9187
17504,7468
17505,3689
17506,7138
17507,1730
17508,7348
17509,0880
17510,3420
17511,5414
17512,8360
17513,4792
17514,2015
17515,8408
17516,8166
17517,8008
17518,1738
17519,8455
17520,6531
17521,0764
17522,0734
17523,9307
17524,7387
17525,0357
17526,3744
17527,7342
17528,5607
17529,5921
17530,7513
17531,0987
17532,1669
17533,3527
17534,9682
17535,4056
17536,2563
17537,4736
17538,8386
17539,8657
17540,8882
17541,0283
17542,8236
17543,1373
17544,9362
17545,0519
17546,5521
17547,8610
17548,7508
17549,7839
17550,5067
17551,9156
17552,9867
17553,0181
17554,0056
17555,0045
17556,3479
17557,4361
17558,1149
17559,7686
17560,7082
17561,2557
17562,0131
17563,7883
17564,7111
17565,4479
17566,4015
17567,1777
17568,7726
17569,9135
17570,4829
17571,0235
17572,8643
17573,2564
17574,3954
17575,2320
17576,6900
17577,8787
17578,1109
17579,7492
17580,4279
17581,9118
17582,7969
17583,3529
17584,0435
17585,5258
17586,0310
17587,3811
17588,0208
17589,3296
17590,6357
17591,6534
17592,0309
17593,4170
17594,2661
17595,5473
17596,0327
17597,8406
17598,6146
17599,6926
17600,2326
17601,3020
17602,8838
17603,9997
17604,1560
17605,7335
17606,5361
17607,9304
17608,4203
17609,3705
17610,3820
17611,4050
17612,5964
17613,8124
17614,9351
17615,0442
17616,7296
17617,6655
17618,7835
17619,3202
17620,7551
17621,0826
17622,9516
17623,2239
17624,7556
17625,3473
17626,4990
17627,4595
17628,8216
17629,7698
17630,2247
17631,0331
17632,2062
17633,0441
17634,3414
17635,1797
17636,3843
17637,9835
17638,5417
17639,6241
17640,3791
17641,4966
17642,5536
17643,4645
17644,7865
17645,9155
17646,6834
17647,8007
17648,2211
17649,4100
17650,1668
17651,3775
17652,1800
17653,1551
17654,1721
17655,2166
17656,8532
17657,8948
17658,5400
17659,8527
17660,2754
17661,3847
17662,8672
17663,7421
17664,0115
17665,3007
17666,4973
17667,0366
17668,0807
17669,3659
17670,2471
17671,9081
17672,7914
17673,6296
17674,7937
17675,5036
17676,0229
17677,1097
17678,2430
17679,2820
17680,1670
17681,9332
17682,0008
17683,5579
17684,1070
17685,0781
17686,8854
17687,9278
17688,2982
17689,7718
17690,7798
17691,5913
17692,2082
17693,5132
17694,7684
17695,7274
17696,1215
17697,3274
17698,4360
17699,3800
17700,1686
17701,5075
17702,2336
17703,4011
17704,7791
17705,0974
17706,1471
17707,8987
17708,9530
17709,1649
17710,2638
17711,3647
17712,6309
17713,5159
17714,7006
17715,7359
17716,6656
17717,8342
17718,2630
17719,0773
17720,4235
17721,9774
17722,7522
17723,8170
17724,2954
17725,3658
17726,4626
17727,1120
17728,1165
17729,6324
17730,0331
17731,4159
17732,1629
17733,7030
17734,4461
17735,7684
17736,7534
17737,7171
17738,7453
17739,5379
17740,1773
17741,3446
17742,5665
17743,8123
17744,1068
17745,6493
17746,7102
17747,5984
17748,5191
17749,4045
17750,3342
17751,4443
17752,9346
17753,6516
17754,6730
17755,5303
17756,1436
17757,4251
17758,1483
17759,8791
17760,3529
17761,0543
17762,9674
17763,3295
17764,9847
17765,8879
17766,8949
17767,4467
17768,2904
17769,4212
17770,5944
17771,8721
17772,7477
17773,0931
17774,5094
17775,2156
17776,2921
17777,4892
17778,4586
17779,6133
17780,1849
17781,1875
17782,5754
17783,6234
17784,5622
17785,1321
17786,5151
17787,1570
17788,3724
17789,9333
17790,6427
17791,5509
17792,8524
17793,6146
17794,7257
17795,4868
17796,3131
17797,2799
17798,0047
17799,3848
17800,0073
17801,1218
17802,5391
17803,4696
17804,4925
17805,0388
17806,3221
17807,6919
17808,2631
17809,9116
17810,5514
17811,4743
17812,3459
17813,3451
17814,7646
17815,2736
17816,2166
17817,4071
17818,7225
17819,2038
17820,2736
17821,4763
17822,7589
17823,7104
17824,3948
17825,3612
17826,3231
17827,6735
17828,4327
17829,6954
17830,3831
17831,0584
17832,2414
17833,1323
17834,4101
17835,1974
17836,4826
17837,1581
17838,4905
17839,9662
17840,4602
17841,1377
17842,6463
17843,7315
17844,1067
17845,8356
17846,3426
17847,0957
17848,0092
17849,2304
17850,3045
17851,6795
17852,3502
17853,9163
17854,4212
17855,1951
17856,2198
17857,5916
17858,0143
17859,5887
17860,7400
17861,5480
17862,0475
17863,8369
17864,9811
17865,4245
17866,5364
17867,8568
17868,4205
17869,6402
17870,1575
17871,7652
17872,1271
17873,0599
17874,7131
17875,6371
17876,2259
17877,9092
17878,7113
17879,3257
17880,1426
17881,0866
17882,5809
17883,5930
17884,3199
17885,7787
17886,6194
17887,3072
17888,6358
17889,5582
17890,8019
17891,0527
17892,3243
17893,0620
17894,4396
17895,9176
17896,8630
17897,0243
17898,1960
17899,7605
17900,6401
17901,0398
17902,6513
17903,4398
17904,9525
17905,8775
17906,5366
17907,8804
17908,8646
17909,0105
17910,4149
17911,2786
17912,7284
17913,3643
17914,5384
17915,6488
17916,0727
17917,0545
17918,5237
17919,8714
17920,1045
17921,7509
17922,3074
17923,7091
17924,2255
17925,2240
17926,1099
17927,7191
17928,6434
17929,4686
17930,3101
17931,6900
17932,8646
17933,9754
17934,9258
17935,1636
17936,9091
17937,0796
17938,0308
17939,4724
17940,3576
17941,6221
17942,1624
17943,6270
17944,1850
17945,7318
17946,2426
17947,8424
17948,5425
17949,2512
17950,6312
17951,9226
17952,1139
17953,3500
17954,0886
17955,9252
17956,4429
17957,9953
17958,5462
17959,4833
17960,6694
17961,4884
17962,3614
17963,2211
17964,8901
17965,6293
17966,9026
17967,7413
17968,3187
17969,1314
17970,6335
17971,0367
17972,0130
17973,8493
17974,1265
17975,2423
17976,6058
17977,5274
17978,6330
17979,0749
17980,9053
17981,3003
17982,1945
17983,5672
17984,2019
17985,4477
17986,7751
17987,4433
17988,5175
17989,3750
17990,9704
17991,5594
17992,2037
17993,5227
17994,7169
17995,8297
17996,9321
17997,9005
17998,5655
17999,4838
18000,4538
18001,7873
18002,1761
18003,4113
18004,4631
18005,5076
18006,6669
18007,6246
18008,3274
18009,9473
18010,6616
18011,8239
18012,3870
18013,2973
18014,9447
18015,7689
18016,4819
18017,9355
18018,4029
18019,8528
18020,5254
18021,5667
18022,4538
18023,6830
18024,0112
18025,4271
18026,9051
18027,2165
18028,7122
18029,1940
18030,1447
18031,7553
18032,2637
18033,8796
18034,7961
18035,8163
18036,1409
18037,0278
18038,6945
18039,2416
18040,8554
18041,5805
18042,4880
18043,9102
18044,7765
18045,0179
18046,5085
18047,9317
18048,1546
18049,5055
18050,7371
18051,7657
18052,0086
18053,9794
18054,0519
18055,7627
18056,2914
18057,5569
18058,9987
18059,1834
18060,8177
18061,4683
18062,7495
18063,2162
18064,2979
18065,8035
18066,3288
18067,0514
18068,8207
18069,1885
18070,0221
18071,7499
18072,5535
18073,3978
18074,5386
18075,7642
18076,6236
18077,8123
18078,4219
18079,6899
18080,3882
18081,3585
18082,6019
18083,9216
18084,8303
18085,1354
18086,4322
18087,1172
18088,6941
18089,1719
18090,9585
18091,7991
18092,7500
18093,5989
18094,5024
18095,3979
18096,5258
18097,0564
18098,9283
18099,2915
18100,9834
18101,1086
18102,3172
18103,0048
18104,8176
18105,7556
18106,2868
18107,0580
18108,5071
18109,8347
18110,7643
18111,5817
18112,4256
18113,5793
18114,4791
18115,2999
18116,1397
18117,9861
18118,1748
18119,4951
18120,8504
18121,7447
18122,8069
18123,7052
18124,8315
18125,0147
18126,5639
18127,1952
18128,1218
18129,6633
18130,9990
18131,1373
18132,8061
18133,6249
18134,8144
18135,6237
18136,3630
18137,5668
18138,2408
18139,8061
18140,0552
18141,4691
18142,4466
18143,7090
18144,6810
18145,4027
18146,9806
18147,7976
18148,0770
18149,6235
18150,3742
18151,0467
18152,1997
18153,4917
18154,7269
18155,6222
18156,9756
18157,8673
18158,9264
18159,1688
18160,2254
18161,7163
18162,8328
18163,7878
18164,2687
18165,7737
18166,1836
18167,5270
18168,5589
18169,8903
18170,9505
18171,6185
18172,1242
18173,5885
18174,1213
18175,4066
18176,8809
18177,1561
18178,5219
18179,3528
18180,6400
18181,4916
18182,0992
18183,6689
18184,3748
18185,7799
18186,4375
18187,2938
18188,3637
18189,8876
18190,0391
18191,9363
18192,6188
18193,9553
18194,9026
18195,4373
18196,8236
18197,3458
18198,6740
18199,5741
18200,3448
18201,7676
18202,8191
18203,8695
18204,9232
18205,4845
18206,5740
18207,7674
18208,7781
18209,4548
18210,1368
18211,8357
18212,3410
18213,2718
18214,9183
18215,0465
18216,9666
18217,7776
18218,4560
18219,4527
18220,5526
18221,9582
18222,8609
18223,9439
18224,2673
18225,9673
18226,8883
18227,6104
18228,4376
18229,2872
18230,5551
18231,0216
18232,5893
18233,9505
18234,2814
18235,7700
18236,1110
18237,3293
18238,4078
18239,1035
18240,1749
18241,0566
18242,7260
18243,1374
18244,6310
18245,6901
18246,4203
18247,4347
18248,5809
18249,8056
18250,8025
18251,0561
18252,0268
18253,5274
18254,7911
18255,7594
18256,0877
18257,2886
18258,2109
18259,7947
18260,6417
18261,4762
18262,2680
18263,2683
18264,7900
18265,7250
18266,1423
18267,9040
18268,8082
18269,5398
18270,8545
18271,0253
18272,5046
18273,8428
18274,3496
18275,0413
18276,9289
18277,3440
18278,8923
18279,2287
18280,6100
18281,0508
18282,7785
18283,3064
18284,7611
18285,7604
18286,2963
18287,6241
18288,7803
18289,5434
18290,2022
18291,6428
18292,0490
18293,7820
18294,8209
18295,8701
18296,1613
18297,0367
18298,5717
18299,4375
18300,4979
18301,8603
18302,0853
18303,1277
18304,6951
18305,3067
18306,4917
18307,5558
18308,8465
18309,6730
18310,1696
18311,4494
18312,6895
18313,9034
18314,1786
18315,2236
18316,0240
18317,6718
18318,3127
18319,7236
18320,2253
18321,2357
18322,9983
18323,2236
18324,6360
18325,4233
18326,2372
18327,9930
18328,8539
18329,7596
18330,1522
18331,9918
18332,6392
18333,1742
18334,4517
18335,7729
18336,3735
18337,4651
18338,2970
18339,1148
18340,0017
18341,0303
18342,6057
18343,5381
18344,3943
18345,8756
18346,3858
18347,5314
18348,9538
18349,7472
18350,6504
18351,4740
18352,1557
18353,8905
18354,8176
18355,3659
18356,5013
18357,4208
18358,7989
18359,3688
18360,6678
18361,3487
18362,8756
18363,0714
18364,9752
18365,9254
18366,4244
18367,3877
18368,7602
18369,9884
18370,3755
18371,3836
18372,5577
18373,2063
18374,8722
18375,3853
18376,1864
18377,5122
18378,9740
18379,6127
18380,8792
18381,2084
18382,0218
18383,0053
18384,9778
18385,5314
18386,0620
18387,7982
18388,1924
18389,9784
18390,8049
18391,6715
18392,2691
18393,9711
18394,8032
18395,5006
18396,2624
18397,8851
18398,3838
18399,8026
18400,7671
18401,2839
18402,8402
18403,7431
18404,1930
18405,6339
18406,6299
18407,3843
18408,9745
18409,5430
18410,3754
18411,0722
18412,4756
18413,2005
18414,1277
18415,1442
18416,6219
18417,1117
18418,9241
18419,0158
18420,3997
18421,0411
18422,9683
18423,3755
18424,7509
18425,5319
18426,4639
18427,0949
18428,5004
18429,4347
18430,5732
18431,8694
18432,8341
18433,8243
18434,7157
18435,4114
18436,2781
18437,1683
18438,7058
18439,7756
18440,5362
18441,8632
18442,1149
18443,2394
18444,2268
18445,2746
18446,0484
18447,6094
18448,8052
18449,8135
18450,5997
18451,7768
18452,1521
18453,2186
18454,7703
18455,4050
18456,4830
18457,5388
18458,7174
18459,3289
18460,4453
18461,4042
18462,6080
18463,3379
18464,1624
18465,0958
18466,9467
18467,3830
18468,5148
18469,9901
18470,5107
18471,9421
18472,8734
18473,7169
18474,7928
18475,6538
18476,5813
18477,7936
18478,2680
18479,5819
18480,5486
18481,2639
18482,2759
18483,4272
18484,2845
18485,7939
18486,6932
18487,3113
18488,8238
18489,3553
18490,4555
18491,1120
18492,5836
18493,5384
18494,0834
18495,9380
18496,0897
18497,2002
18498,7005
18499,3097
18500,6331
18501,8604
18502,2319
18503,9465
18504,2937
18505,0109
18506,5464
18507,5330
18508,2234
18509,3031
18510,1960
18511,6848
18512,5926
18513,1854
18514,9010
18515,4638
18516,4172
18517,9231
18518,6807
18519,5436
18520,7760
18521,8138
18522,5796
18523,6505
18524,9409
18525,3242
18526,1696
18527,4546
18528,2736
18529,8927
18530,5168
18531,3831
18532,3945
18533,5758
18534,6128
18535,2432
18536,7504
18537,8997
18538,1270
18539,0361
18540,0700
18541,8284
18542,0879
18543,2691
18544,3313
18545,8821
18546,0302
18547,6936
18548,4187
18549,3386
18550,4996
18551,7518
18552,1432
18553,6884
18554,8474
18555,8634
18556,6035
18557,7265
18558,7838
18559,7681
18560,6872
18561,6609
18562,2871
18563,1541
18564,1941
18565,0501
18566,0501
18567,0296
18568,3604
18569,6270
18570,3911
18571,4767
18572,5692
18573,2613
18574,9258
18575,6410
18576,6593
18577,1197
18578,3621
18579,5386
18580,9813
18581,6153
18582,6375
18583,3294
18584,0094
18585,9485
18586,9085
18587,9616
18588,1070
18589,0061
18590,6939
18591,3500
18592,2971
18593,1613
18594,4807
18595,8202
18596,2930
18597,2111
18598,7279
18599,5104
18600,7455
18601,0107
18602,4588
18603,1128
18604,0686
18605,1225
18606,2070
18607,1472
18608,2425
18609,6725
18610,7413
18611,2751
18612,8293
18613,7225
18614,8979
18615,0591
18616,2533
18617,6262
18618,3888
18619,8251
18620,3428
18621,1870
18622,6115
18623,1693
18624,3496
18625,3133
18626,6561
18627,5422
18628,0966
18629,1011
18630,9216
18631,7663
18632,0255
18633,0197
18634,2824
18635,8115
18636,3844
18637,9788
18638,7009
18639,1954
18640,0220
18641,1012
18642,9437
18643,0524
18644,4553
18645,4878
18646,3064
18647,4849
18648,3754
18649,4664
18650,9516
18651,4436
18652,6524
18653,2199
18654,8804
18655,4884
18656,3475
18657,5445
18658,9321
18659,3716
18660,0176
18661,7991
18662,5880
18663,1590
18664,4974
18665,9921
18666,9845
18667,3261
18668,6032
18669,8833
18670,3160
18671,9728
18672,2405
18673,2381
18674,2253
18675,6071
18676,7339
18677,9277
18678,5038
18679,6639
18680,4324
18681,8621
18682,1768
18683,7916
18684,7790
18685,5881
18686,8897
18687,5674
18688,2030
18689,2236
18690,3241
18691,5771
18692,7113
18693,5733
18694,9945
18695,9314
18696,0476
18697,3943
18698,0599
18699,7717
18700,6818
18701,3375
18702,3502
18703,7082
18704,7875
18705,0683
18706,0702
18707,3123
18708,2332
18709,9422
18710,2010
18711,5177
18712,2609
18713,1728
18714,0120
18715,8015
18716,2690
18717,7423
18718,9601
18719,1145
18720,2568
18721,9879
18722,3701
18723,7148
18724,2221
18725,3113
18726,2887
18727,1170
18728,7516
18729,3495
18730,1048
18731,5910
18732,6022
18733,0465
18734,7974
18735,0980
18736,6913
18737,1975
18738,0811
18739,7687
18740,3999
18741,9547
18742,4061
18743,5921
18744,8021
18745,6689
18746,3629
18747,4775
18748,7115
18749,4726
18750,9009
18751,0798
18752,6640
18753,5970
18754,3028
18755,1253
18756,2163
18757,5929
18758,0397
18759,5897
18760,4057
18761,8139
18762,0782
18763,0305
18764,9809
18765,2643
18766,0983
18767,2047
18768,4922
18769,7956
18770,5859
18771,3677
18772,7703
18773,8290
18774,9033
18775,1129
18776,9430
18777,9418
18778,2562
18779,1571
18780,5368
18781,6426
18782,6286
18783,6039
18784,0612
18785,0216
18786,5099
18787,9937
18788,9612
18789,7300
18790,5273
18791,5554
18792,4808
18793,1860
18794,7515
18795,2932
18796,0532
18797,1248
18798,7113
18799,8494
18800,6165
18801,9908
18802,1384
18803,4784
18804,9380
18805,9939
18806,7136
18807,0526
18808,0830
18809,7068
18810,7188
18811,0772
18812,6403
18813,7882
18814,0489
18815,1130
18816,6643
18817,5583
18818,9603
18819,0456
18820,2553
18821,2240
18822,1527
18823,6435
18824,4120
18825,9741
18826,7374
18827,5900
18828,3489
18829,4920
18830,7526
18831,2848
18832,0434
18833,0804
18834,8817
18835,0414
18836,2765
18837,0740
18838,6369
18839,7788
18840,6394
18841,2809
18842,4141
18843,2946
18844,8549
18845,6260
18846,8752
18847,8491
18848,9344
18849,3249
18850,6105
18851,9915
18852,7052
18853,3936
18854,1001
18855,7900
18856,5993
18857,9895
18858,4313
18859,0357
18860,5316
18861,2809
18862,3731
18863,3800
18864,1124
18865,3291
18866,9517
18867,1570
18868,4816
18869,7791
18870,1044
18871,2475
18872,0230
18873,7624
18874,8494
18875,9160
18876,7388
18877,5535
18878,0214
18879,2856
18880,1603
18881,8364
18882,4326
18883,7553
18884,8603
18885,6879
18886,9012
18887,7551
18888,9850
18889,5506
18890,8762
18891,8745
18892,0117
18893,1982
18894,8649
18895,6468
18896,6624
18897,9889
18898,9104
18899,1997
18900,5429
18901,1288
18902,9644
18903,9176
18904,2061
18905,8787
18906,2056
18907,7054
18908,2426
18909,3558
18910,1720
18911,7544
18912,8128
18913,3626
18914,7659
18915,1330
18916,3463
18917,7524
18918,5864
18919,1065
18920,8170
18921,2324
18922,1503
18923,6418
18924,0525
18925,9865
18926,8732
18927,9691
18928,5844
18929,1313
18930,1323
18931,6620
18932,9561
18933,5180
18934,5962
18935,3800
18936,7782
18937,3347
18938,2282
18939,1655
18940,7610
18941,7689
18942,0963
18943,3449
18944,0492
18945,4655
18946,7753
18947,0095
18948,2070
18949,4352
18950,6523
18951,7318
18952,9259
18953,7690
18954,1025
18955,8556
18956,2320
18957,4688
18958,1835
18959,7291
18960,1166
18961,5448
18962,7547
18963,5670
18964,4943
18965,0078
18966,5859
18967,9763
18968,7338
18969,2973
18970,1245
18971,2926
18972,9727
18973,3772
18974,1213
18975,9756
18976,7425
18977,8218
18978,0660
18979,4316
18980,4478
18981,0050
18982,4199
18983,4421
18984,7709
18985,9409
18986,8213
18987,5434
18988,8656
18989,6769
18990,9595
18991,2056
18992,6907
18993,9220
18994,2201
18995,9817
18996,1028
18997,2946
18998,4261
18999,6407
19000,1140
19001,5969
19002,2622
19003,6111
19004,7462
19005,1635
19006,9887
19007,7842
19008,1983
19009,1894
19010,7666
19011,1213
19012,8509
19013,0468
19014,4509
19015,2912
19016,4454
19017,7051
19018,5321
19019,0731
19020,8838
19021,7023
19022,7197
19023,9598
19024,9620
19025,0818
19026,4500
19027,3776
19028,9289
19029,3851
19030,2406
19031,9645
19032,5751
19033,6502
19034,2021
19035,2787
19036,7810
19037,7178
19038,9880
19039,9793
19040,2298
19041,1240
19042,0519
19043,2177
19044,5266
19045,2829
19046,8181
19047,5032
19048,1844
19049,2093
19050,6982
19051,1434
19052,3038
19053,0743
19054,0988
19055,2221
19056,4722
19057,2138
19058,0702
19059,7150
19060,0465
19061,9893
19062,0776
19063,1963
19064,0067
19065,7605
19066,3411
19067,0785
19068,7762
19069,2596
19070,2016
19071,5266
19072,0071
19073,1487
19074,6813
19075,0988
19076,0735
19077,4088
19078,7841
19079,9177
19080,7984
19081,2550
19082,2830
19083,2153
19084,7725
19085,1090
19086,6721
19087,2301
19088,1146
19089,6171
19090,8360
19091,6225
19092,5409
19093,8422
19094,7045
19095,6828
19096,8416
19097,9384
19098,1061
19099,9855
19100,2607
19101,5838
19102,2490
19103,0021
19104,7552
19105,3582
19106,2006
19107,7965
19108,7967
19109,1113
19110,3558
19111,6861
19112,6875
19113,1126
19114,2807
19115,1723
19116,2158
19117,0476
19118,6757
19119,9757
19120,1240
19121,8979
19122,3078
19123,8362
19124,3134
19125,7971
19126,0676
19127,9284
19128,2923
19129,6561
19130,4887
19131,5026
19132,2021
19133,4971
19134,2593
19135,1912
19136,4810
19137,2276
19138,4776
19139,4111
19140,1529
19141,2836
19142,1964
19143,2988
19144,6935
19145,9384
19146,4621
19147,3136
19148,5698
19149,0722
19150,3302
19151,3514
19152,0115
19153,1527
19154,3863
19155,8547
19156,8681
19157,0619
19158,1429
19159,2757
19160,8250
19161,7133
19162,3728
19163,9900
19164,6745
19165,8275
19166,5936
19167,3692
19168,0409
19169,1815
19170,7688
19171,1030
19172,3330
19173,5121
19174,5141
19175,0444
19176,5310
19177,3683
19178,2667
19179,0157
19180,6047
19181,4212
19182,6973
19183,5984
19184,4450
19185,8725
19186,4945
19187,6558
19188,8697
19189,2253
19190,0038
19191,1845
19192,9514
19193,7517
19194,3883
19195,8232
19196,5223
19197,5551
19198,2656
19199,9384
19200,8797
19201,3019
19202,9819
19203,0828
19204,2832
19205,0329
19206,4220
19207,6530
19208,0001
19209,8606
19210,8204
19211,2810
19212,2111
19213,2392
19214,6512
19215,7424
19216,4815
19217,4691
19218,6887
19219,5471
19220,1694
19221,6743
19222,3162
19223,8871
19224,3962
19225,8322
19226,2157
19227,1455
19228,5983
19229,2135
19230,3177
19231,1746
19232,8385
19233,0065
19234,9586
19235,6724
19236,3382
19237,3791
19238,1271
19239,6050
19240,6666
19241,6049
19242,8475
19243,5105
19244,3891
19245,8639
19246,7672
19247,1088
19248,2050
19249,6908
19250,1995
19251,5728
19252,5302
19253,8625
19254,9090
19255,6608
19256,0750
19257,8166
19258,0577
19259,7827
19260,0852
19261,0087
19262,2376
19263,3560
19264,9433
19265,0755
19266,6915
19267,0750
19268,6804
19269,7312
19270,5506
19271,5088
19272,9049
19273,5823
19274,1725
19275,5814
19276,0237
19277,9170
19278,4292
19279,8169
19280,8687
19281,9825
19282,4541
19283,0051
19284,4582
19285,7967
19286,8582
19287,2049
19288,7260
19289,2902
19290,2024
19291,9383
19292,7205
19293,9882
19294,6869
19295,8789
19296,2994
19297,5208
19298,5456
19299,1801
19300,2570
19301,3929
19302,4746
19303,6588
19304,5371
19305,1985
19306,3764
19307,9252
19308,3330
19309,3243
19310,5467
19311,8594
19312,5599
19313,7328
19314,7058
19315,0418
19316,2334
19317,1377
19318,7370
19319,8982
19320,5146
19321,5745
19322,3079
19323,8436
19324,5799
19325,8875
19326,1068
19327,9913
19328,5005
19329,7066
19330,9868
19331,9108
19332,2252
19333,8274
19334,7375
19335,7815
19336,5301
19337,8731
19338,4746
19339,9163
19340,7622
19341,3642
19342,1180
19343,8448
19344,8360
19345,6207
19346,6290
19347,1005
19348,6158
19349,1993
19350,6054
19351,8173
19352,0469
19353,0748
19354,9233
19355,2272
19356,4651
19357,7950
19358,1332
19359,5035
19360,2340
19361,3088
19362,4522
19363,2033
19364,3596
19365,4250
19366,3430
19367,6446
19368,5774
19369,8181
19370,0139
19371,8162
19372,4945
19373,8826
19374,8948
19375,0370
19376,6811
19377,5554
19378,0706
19379,5325
19380,0567
19381,3461
19382,0210
19383,8502
19384,5484
19385,8444
19386,9674
19387,3888
19388,0750
19389,0867
19390,8790
19391,0566
19392,1252
19393,5573
19394,3771
19395,2474
19396,0386
19397,3065
19398,0524
19399,7688
19400,5088
19401,5982
19402,5387
19403,3723
19404,2441
19405,1739
19406,5845
19407,4152
19408,7351
19409,9056
19410,8473
19411,2577
19412,8841
19413,5931
19414,3133
19415,2056
19416,3474
19417,0935
19418,3793
19419,9751
19420,2435
19421,9282
19422,6102
19423,9696
19424,2753
19425,2321
19426,5228
19427,4656
19428,5681
19429,6228
19430,1700
19431,4138
19432,5725
19433,3100
19434,8932
19435,9387
19436,7195
19437,4361
19438,1154
19439,8620
19440,3172
19441,1162
19442,9137
19443,3793
19444,1457
19445,9603
19446,0144
19447,0439
19448,9827
19449,8614
19450,1558
19451,3090
19452,9042
19453,2358
19454,2128
19455,9465
19456,8468
19457,1929
19458,7766
19459,3077
19460,3088
19461,4489
19462,0781
19463,3969
19464,2485
19465,1289
19466,7552
19467,8154
19468,3276
19469,7971
19470,3176
19471,6507
19472,4062
19473,8467
19474,7302
19475,7320
19476,3926
19477,8060
19478,5939
19479,6488
19480,5525
19481,0098
19482,6140
19483,0025
19484,2549
19485,4588
19486,6124
19487,6640
19488,0169
19489,5678
19490,6731
19491,3958
19492,0770
19493,7452
19494,2661
19495,3254
19496,5073
19497,5213
19498,4350
19499,7230
19500,3239
19501,6795
19502,5396
19503,4783
19504,1068
19505,6279
19506,9888
19507,1653
19508,4465
19509,8159
19510,6004
19511,8904
19512,9323
19513,4416
19514,8786
19515,4806
19516,2092
19517,0446
19518,0147
19519,8319
19520,4976
19521,6972
19522,5646
19523,2119
19524,7486
19525,4502
19526,7609
19527,6649
19528,8451
19529,4132
19530,9866
19531,8961
19532,5082
19533,8683
19534,0665
19535,1513
19536,4730
19537,5572
19538,3177
19539,1895
19540,9860
19541,3507
19542,3759
19543,7908
19544,1522
19545,3288
19546,7695
19547,1004
19548,2123
19549,0374
19550,3371
19551,5001
19552,1890
19553,6898
19554,7897
19555,4414
19556,3448
19557,8787
19558,0378
19559,8414
19560,5987
19561,9116
19562,8917
19563,3650
19564,7336
19565,6374
19566,7592
19567,0318
19568,6302
19569,1291
19570,9586
19571,7120
19572,6502
19573,6102
19574,4652
19575,0661
19576,6241
19577,6136
19578,3487
19579,6199
19580,6065
19581,5882
19582,0431
19583,3896
19584,6431
19585,3936
19586,8265
19587,2649
19588,7008
19589,3420
19590,7574
19591,3927
19592,4252
19593,9515
19594,1226
19595,3787
19596,1399
19597,7781
19598,5753
19599,9459
19600,3284
19601,0802
19602,9558
19603,3342
19604,4702
19605,0056
19606,0045
19607,3431
19608,6181
19609,7445
19610,6857
19611,2098
19612,7652
19613,0627
19614,9692
19615,0159
19616,7297
19617,3285
19618,8110
19619,2934
19620,5650
19621,2220
19622,9251
19623,2108
19624,5419
19625,6480
19626,7468
19627,7768
19628,4540
19629,5738
19630,6142
19631,6051
19632,2586
19633,4702
19634,8705
19635,6995
19636,1606
19637,1475
19638,1355
19639,4578
19640,9412
19641,4768
19642,8502
19643,4593
19644,3090
19645,4736
19646,8657
19647,9201
19648,9806
19649,4763
19650,4623
19651,8030
19652,8229
19653,1073
19654,1436
19655,7440
19656,6136
19657,7961
19658,2117
19659,1208
19660,8478
19661,2424
19662,1520
19663,3884
19664,8050
19665,3130
19666,2879
19667,1797
19668,1580
19669,1279
19670,8438
19671,0973
19672,3226
19673,5678
19674,6335
19675,9233
19676,2059
19677,7958
19678,4281
19679,0832
19680,3211
19681,0390
19682,5498
19683,4850
19684,8972
19685,0467
19686,4232
19687,4620
19688,2780
19689,0308
19690,7122
19691,4700
19692,9846
19693,5474
19694,7779
19695,3254
19696,7339
19697,9747
19698,1859
19699,3794
19700,0423
19701,6230
19702,8556
19703,9380
19704,7601
19705,0578
19706,0805
19707,0816
19708,3657
19709,3023
19710,0138
19711,6210
19712,5878
19713,8452
19714,7334
19715,0059
19716,7805
19717,0458
19718,9146
19719,1041
19720,4090
19721,8506
19722,9453
19723,0787
19724,3306
19725,7140
19726,7158
19727,5399
19728,6621
19729,9200
19730,8323
19731,7308
19732,0770
19733,6316
19734,4018
19735,2848
19736,3673
19737,3033
19738,6527
19739,6430
19740,0063
19741,6199
19742,8814
19743,0791
19744,1195
19745,1241
19746,3051
19747,2073
19748,6623
19749,9771
19750,0149
19751,4270
19752,2153
19753,8670
19754,8796
19755,3382
19756,1404
19757,1617
19758,2057
19759,0315
19760,7002
19761,6119
19762,5821
19763,0255
19764,4394
19765,0690
19766,8962
19767,0211
19768,1663
19769,7873
19770,5007
19771,7429
19772,7867
19773,2681
19774,0462
19775,1858
19776,4455
19777,5791
19778,2876
19779,9609
19780,7056
19781,9995
19782,4240
19783,8427
19784,1892
19785,8253
19786,3071
19787,2914
19788,8664
19789,8603
19790,7003
19791,0238
19792,9475
19793,5521
19794,6217
19795,7142
19796,3152
19797,1374
19798,1516
19799,0682
19800,5647
19801,7626
19802,2987
19803,5430
19804,8533
19805,8302
19806,4251
19807,7805
19808,7710
19809,4144
19810,0757
19811,3623
19812,6302
19813,6224
19814,0757
19815,2483
19816,9807
19817,9753
19818,5493
19819,1121
19820,7131
19821,3556
19822,8255
19823,8606
19824,0548
19825,9713
19826,0525
19827,2132
19828,4189
19829,5507
19830,1234
19831,0766
19832,9265
19833,3665
19834,6401
19835,1169
19836,0516
19837,8374
19838,8157
19839,8841
19840,2026
19841,7497
19842,8804
19843,1068
19844,1578
19845,1361
19846,6472
19847,2260
19848,6762
19849,4579
19850,5450
19851,6452
19852,9236
19853,0554
19854,0548
19855,2105
19856,0641
19857,4522
19858,6175
19859,4194
19860,7020
19861,0214
19862,7842
19863,7695
19864,3042
19865,7670
19866,6259
19867,3850
19868,0776
19869,5586
19870,5622
19871,5718
19872,8953
19873,9663
19874,7089
19875,7011
19876,2032
19877,2074
19878,7406
19879,7728
19880,2641
19881,1900
19882,1107
19883,0429
19884,1651
19885,0540
19886,6919
19887,5818
19888,3772
19889,3404
19890,3052
19891,2383
19892,6290
19893,6421
19894,3341
19895,2125
19896,9215
19897,4545
19898,6329
19899,5846
19900,2305
19901,2485
19902,5146
19903,1088
19904,4803
19905,7219
19906,1155
19907,8739
19908,1874
19909,4325
19910,2396
19911,9129
19912,4820
19913,0911
19914,6599
19915,1507
19916,5773
19917,2336
19918,6795
19919,6194
19920,9445
19921,6142
19922,2256
19923,8350
19924,6135
19925,9725
19926,9697
19927,3248
19928,5229
19929,5714
19930,5755
19931,2063
19932,7338
19933,8015
19934,9530
19935,3531
19936,0409
19937,8570
19938,4897
19939,8601
19940,6426
19941,9611
19942,7115
19943,3104
19944,0408
19945,1583
19946,1525
19947,2674
19948,2884
19949,7883
19950,2189
19951,2190
19952,1635
19953,9315
19954,2905
19955,9691
19956,6345
19957,5498
19958,5311
19959,2935
19960,5392
19961,5610
19962,7972
19963,9882
19964,1448
19965,3865
19966,6304
19967,1650
19968,9423
19969,7390
19970,8629
19971,2870
19972,9368
19973,3440
19974,9335
19975,6483
19976,3520
19977,2607
19978,1931
19979,9752
19980,2013
19981,4834
19982,9332
19983,5537
19984,6554
19985,3141
19986,9205
19987,1626
19988,2841
19989,2245
19990,2190
19991,6282
19992,9540
19993,5661
19994,2695
19995,5699
19996,1299
19997,7282
19998,5221
19999,0502
20000,7792
20001,3442
20002,7946
20003,9165
20004,7710
20005,0142
20006,0861
20007,9097
20008,1142
20009,2142
20010,0504
20011,3160
20012,8949
20013,6427
20014,4766
20015,0358
20016,5821
20017,9078
20018,4682
20019,5194
20020,7931
20021,5229
20022,8708
20023,0367
20024,8572
20025,5967
20026,2080
20027,6214
20028,7430
20029,1027
20030,2091
20031,0197
20032,1606
20033,4475
20034,9087
20035,7242
20036,9221
20037,6682
20038,4134
20039,8992
20040,2191
20041,6453
20042,2677
20043,8328
20044,1599
20045,2544
20046,2876
20047,8383
20048,7064
20049,6948
20050,5175
20051,7094
20052,4236
20053,2642
20054,8955
20055,6385
20056,5386
20057,5332
20058,3539
20059,4896
20060,5667
20061,0174
20062,7567
20063,2427
20064,6212
20065,8691
20066,2463
20067,4734
20068,7449
20069,4969
20070,1034
20071,9872
20072,6245
20073,4267
20074,5655
20075,5211
20076,3533
20077,1829
20078,2804
20079,5716
20080,7109
20081,5338
20082,2258
20083,3802
20084,1577
20085,9062
20086,4556
20087,5971
20088,0116
20089,7443
20090,2564
20091,0555
20092,1226
20093,7632
20094,0744
20095,9125
20096,2272
20097,7227
20098,6437
20099,4597
20100,1122
20101,1256
20102,1836
20103,1005
20104,6550
20105,8299
20106,2560
20107,6423
20108,0228
20109,1807
20110,3249
20111,3075
20112,6949
20113,0074
20114,2192
20115,5986
20116,1789
20117,3088
20118,5948
20119,0326
20120,9579
20121,4859
20122,0812
20123,6021
20124,2046
20125,5987
20126,8778
20127,0645
20128,7396
20129,6598
20130,3742
20131,5568
20132,0552
20133,0095
20134,4398
20135,2771
20136,3261
20137,4103
20138,4135
20139,0975
20140,9206
20141,8195
20142,0973
20143,2855
20144,5745
20145,5586
20146,6984
20147,7918
20148,4773
20149,0628
20150,2457
20151,3875
20152,8580
20153,7642
20154,0890
20155,0411
20156,0399
20157,9724
20158,1848
20159,6175
20160,4777
20161,8676
20162,5524
20163,0359
20164,7461
20165,3468
20166,1333
20167,9412
20168,8542
20169,1540
20170,6354
20171,2072
20172,8970
20173,5697
20174,5838
20175,4457
20176,1090
20177,4560
20178,3283
20179,9878
20180,8105
20181,6966
20182,3895
20183,7655
20184,4537
20185,4283
20186,6313
20187,8753
20188,3150
20189,4505
20190,6478
20191,8037
20192,6638
20193,1797
20194,2099
20195,7881
20196,3034
20197,9730
20198,8206
20199,1029
20200,3104
20201,7619
20202,1203
20203,8912
20204,1018
20205,1374
20206,8009
20207,7794
20208,6741
20209,8385
20210,6923
20211,9740
20212,9690
20213,3396
20214,2848
20215,1080
20216,7550
20217,3719
20218,8078
20219,3682
20220,3629
20221,4208
20222,8551
20223,8316
20224,4624
20225,7962
20226,3305
20227,2149
20228,2359
20229,7748
20230,7102
20231,6508
20232,5281
20233,6923
20234,2801
20235,9038
20236,9411
20237,3568
20238,2778
20239,8294
20240,6781
20241,6117
20242,1581
20243,8493
20244,0500
20245,7070
20246,1749
20247,9176
20248,7994
20249,6696
20250,6419
20251,0816
20252,1756
20253,4774
20254,7609
20255,7684
20256,6994
20257,0967
20258,1293
20259,7918
20260,9253
20261,7411
20262,3410
20263,3688
20264,1583
20265,6170
20266,1312
20267,9150
20268,4824
20269,0659
20270,4412
20271,0812
20272,1735
20273,1798
20274,9876
20275,0940
20276,0394
20277,8917
20278,9640
20279,0997
20280,9566
20281,5819
20282,2351
20283,6411
20284,1657
20285,4276
20286,8406
20287,6184
20288,1199
20289,7653
20290,2305
20291,6205
20292,6134
20293,7391
20294,5893
20295,3268
20296,4207
20297,6472
20298,2546
20299,7174
20300,6203
20301,2689
20302,7989
20303,2191
20304,2443
20305,7062
20306,1117
20307,1114
20308,2165
20309,3252
20310,8087
20311,3987
20312,4915
20313,9978
20314,8891
20315,0312
20316,8260
20317,7282
20318,8926
20319,5427
20320,6077
20321,6569
20322,5863
20323,2766
20324,3810
20325,6908
20326,3117
20327,2943
20328,0955
20329,5090
20330,1720
20331,3644
20332,1455
20333,2337
20334,7501
20335,1528
20336,4332
20337,8068
20338,1138
20339,2977
20340,5358
20341,6408
20342,4268
20343,4755
20344,2629
20345,9494
20346,3363
20347,7089
20348,7477
20349,9252
20350,7778
20351,7484
20352,5118
20353,0154
20354,1731
20355,7531
20356,3266
20357,2388
20358,5776
20359,1210
20360,3581
20361,8495
20362,0509
20363,6631
20364,8284
20365,3880
20366,6216
20367,1176
20368,0961
20369,6575
20370,8628
20371,3354
20372,6732
20373,6071
20374,7906
20375,2337
20376,1536
20377,3291
20378,5420
20379,0604
20380,2836
20381,3075
20382,9341
20383,6172
20384,7914
20385,6993
20386,8894
20387,6024
20388,4831
20389,1745
20390,8801
20391,5741
20392,6809
20393,6798
20394,2456
20395,0893
20396,6735
20397,5631
20398,2900
20399,3786
20400,8612
20401,5957
20402,0672
20403,6867
20404,8587
20405,5736
20406,3077
20407,7203
20408,3248
20409,3178
20410,7766
20411,3788
20412,0690
20413,2072
20414,5023
20415,8273
20416,6332
20417,6769
20418,8632
20419,1500
20420,4583
20421,3234
20422,2596
20423,2979
20424,3404
20425,6766
20426,3236
20427,6713
20428,3902
20429,2323
20430,9858
20431,9529
20432,0067
20433,5680
20434,0327
20435,8687
20436,7696
20437,9950
20438,3690
20439,9346
20440,8324
20441,8356
20442,7505
20443,0424
20444,4489
20445,8784
20446,5230
20447,9415
20448,0504
20449,6067
20450,0457
20451,1574
20452,9887
20453,3749
20454,8355
20455,5963
20456,5350
20457,2688
20458,8270
20459,9552
20460,9966
20461,1973
20462,0404
20463,6742
20464,4462
20465,4552
20466,7094
20467,0649
20468,8352
20469,4558
20470,6098
20471,0831
20472,6853
20473,6362
20474,6088
20475,3724
20476,7376
20477,6071
20478,8127
20479,2111
20480,6806
20481,7632
20482,3432
20483,5556
20484,5344
20485,1886
20486,7699
20487,9312
20488,9283
20489,5267
20490,5567
20491,0104
20492,2649
20493,6635
20494,5859
20495,8319
20496,7761
20497,0965
20498,6284
20499,0602
20500,5357
20501,3498
20502,7280
20503,7293
20504,5505
20505,4704
20506,5183
20507,8313
20508,3571
20509,0954
20510,7671
20511,2734
20512,0420
20513,7546
20514,7994
20515,7507
20516,7717
20517,0607
20518,9871
20519,6897
20520,5155
20521,8633
20522,7364
20523,0552
20524,1091
20525,0744
20526,5282
20527,7987
20528,0849
20529,2613
20530,4502
20531,9807
20532,4899
20533,8870
20534,6660
20535,5839
20536,4333
20537,3239
20538,5918
20539,0402
20540,3095
20541,5668
20542,2322
20543,0460
20544,8049
20545,8767
20546,5362
20547,6241
20548,0335
20549,3587
20550,7451
20551,1460
20552,5888
20553,3464
20554,6082
20555,9359
20556,2301
20557,4754
20558,6166
20559,6962
20560,6351
20561,7115
20562,9834
20563,8843
20564,7649
20565,9908
20566,7194
20567,4407
20568,3540
20569,2267
20570,5599
20571,9256
20572,8814
20573,9137
20574,2168
20575,1327
20576,2715
20577,4892
20578,0132
20579,7828
20580,9756
20581,8861
20582,5519
20583,5676
20584,7688
20585,0073
20586,5271
20587,8147
20588,7687
20589,0720
20590,9132
20591,9018
20592,3086
20593,0204
20594,0055
20595,7274
20596,6254
20597,7637
20598,9317
20599,4627
20600,4954
20601,5411
20602,1804
20603,8991
20604,8635
20605,8167
20606,8254
20607,4765
20608,1735
20609,4617
20610,5449
20611,4307
20612,0861
20613,6443
20614,3832
20615,3359
20616,3122
20617,8314
20618,6921
20619,2225
20620,7778
20621,8236
20622,9599
20623,0617
20624,8209
20625,5308
20626,0470
20627,8981
20628,0696
20629,9235
20630,0768
20631,0417
20632,5274
20633,8921
20634,9936
20635,8283
20636,9483
20637,6246
20638,4063
20639,2625
20640,3519
20641,1821
20642,0801
20643,4974
20644,6343
20645,5577
20646,8721
20647,1231
20648,0279
20649,2495
20650,8065
20651,7849
20652,3990
20653,6571
20654,8359
20655,3873
20656,8999
20657,0252
20658,6941
20659,3699
20660,7989
20661,7030
20662,9235
20663,8784
20664,7941
20665,6989
20666,8157
20667,0160
20668,9533
20669,2233
20670,4074
20671,0378
20672,3302
20673,5843
20674,2754
20675,4476
20676,7605
20677,4075
20678,3767
20679,5546
20680,1761
20681,6151
20682,9940
20683,8253
20684,0399
20685,6344
20686,7084
20687,9678
20688,8486
20689,1908
20690,4581
20691,2804
20692,2269
20693,7849
20694,8328
20695,1710
20696,6665
20697,6121
20698,9654
20699,7186
20700,4081
20701,9884
20702,8682
20703,6899
20704,8651
20705,9316
20706,2193
20707,9012
20708,9745
20709,6092
20710,2751
20711,1707
20712,4663
20713,0279
20714,4149
20715,5877
20716,7045
20717,9767
20718,5966
20719,5259
20720,3885
20721,9401
20722,2539
20723,8064
20724,4620
20725,0329
20726,1672
20727,8855
20728,1236
20729,1410
20730,0107
20731,6352
20732,7902
20733,5506
20734,6061
20735,5025
20736,2055
20737,7933
20738,8559
20739,7376
20740,7656
20741,2533
20742,7160
20743,4157
20744,0472
20745,9011
20746,1073
20747,9371
20748,9886
20749,9879
20750,2215
20751,0915
20752,5762
20753,5092
20754,1529
20755,1308
20756,1598
20757,5915
20758,9684
20759,7449
20760,2047
20761,8688
20762,6034
20763,5282
20764,9556
20765,4541
20766,6242
20767,9532
20768,1691
20769,5675
20770,4773
20771,1923
20772,4253
20773,4092
20774,3424
20775,3479
20776,5470
20777,9385
20778,1512
20779,0286
20780,6855
20781,4776
20782,3125
20783,9437
20784,2206
20785,5324
20786,6362
20787,5136
20788,3500
20789,8328
20790,5852
20791,9296
20792,8247
20793,2796
20794,6074
20795,3061
20796,4792
20797,6941
20798,3579
20799,3051
20800,7445
20801,1829
20802,0018
20803,3998
20804,3691
20805,0714
20806,8291
20807,9777
20808,7673
20809,2230
20810,3275
20811,7947
20812,3537
20813,6999
20814,4642
20815,0608
20816,9626
20817,7377
20818,5720
20819,6413
20820,8737
20821,4390
20822,4170
20823,9028
20824,7177
20825,8480
20826,4960
20827,1343
20828,2560
20829,6874
20830,4872
20831,3287
20832,5498
20833,0173
20834,7575
20835,7731
20836,5063
20837,4947
20838,8537
20839,4137
20840,0912
20841,1242
20842,2343
20843,7217
20844,1012
20845,0881
20846,8521
20847,6389
20848,8956
20849,2344
20850,0537
20851,1081
20852,5340
20853,8229
20854,5260
20855,6127
20856,3202
20857,0084
20858,7841
20859,0739
20860,9813
20861,7057
20862,4463
20863,7951
20864,8207
20865,5942
20866,7408
20867,1810
20868,3282
20869,1262
20870,5019
20871,2907
20872,5939
20873,1600
20874,1195
20875,5074
20876,8287
20877,1321
20878,3589
20879,5531
20880,4808
20881,6957
20882,1812
20883,9257
20884,7462
20885,2803
20886,2478
20887,5458
20888,0511
20889,9460
20890,6512
20891,0419
20892,2861
20893,7266
20894,9338
20895,6367
20896,6908
20897,4592
20898,9158
20899,8164
20900,8849
20901,0912
20902,4129
20903,7880
20904,6138
20905,2632
20906,5780
20907,7514
20908,5690
20909,4530
20910,4872
20911,1015
20912,6215
20913,8971
20914,7414
20915,3633
20916,0523
20917,3377
20918,1340
20919,3876
20920,9246
20921,5451
20922,5050
20923,1923
20924,3879
20925,2676
20926,3308
20927,1950
20928,0252
20929,8922
20930,6810
20931,6018
20932,9190
20933,8603
20934,0075
20935,6806
20936,6011
20937,1660
20938,5893
20939,8093
20940,3116
20941,6012
20942,9087
20943,0282
20944,7034
20945,9594
20946,5325
20947,2462
20948,7033
20949,0154
20950,6446
20951,7585
20952,5765
20953,5281
20954,3460
20955,8001
20956,5424
20957,5265
20958,3963
20959,9068
20960,9138
20961,3659
20962,3388
20963,2543
20964,1774
20965,8735
20966,4996
20967,4435
20968,9800
20969,0778
20970,7771
20971,4965
20972,2984
20973,6235
20974,9567
20975,7821
20976,3226
20977,6178
20978,6439
20979,3655
20980,3463
20981,8918
20982,8218
20983,2235
20984,9920
20985,4666
20986,2225
20987,2203
20988,5492
20989,7226
20990,2577
20991,7034
20992,9687
20993,1403
20994,6008
20995,3048
20996,9496
20997,7963
20998,5461
20999,0418
21000,8938
21001,6013
21002,9761
21003,8049
21004,7084
21005,7149
21006,7934
21007,5042
21008,5813
21009,3448
21010,2095
21011,7862
21012,9902
21013,8270
21014,1054
21015,6537
21016,6251
21017,0851
21018,5383
21019,9800
21020,4925
21021,1009
21022,5429
21023,8676
21024,7256
21025,8567
21026,8435
21027,0677
21028,6413
21029,3027
21030,9959
21031,5492
21032,7189
21033,7187
21034,2411
21035,1357
21036,1793
21037,9081
21038,0554
21039,7934
21040,2671
21041,7992
21042,2173
21043,5501
21044,1362
21045,5822
21046,8762
21047,3665
21048,3819
21049,6305
21050,2006
21051,0134
21052,9693
21053,7356
21054,2947
21055,1907
21056,6046
21057,9287
21058,3785
21059,2976
21060,5772
21061,1426
21062,8201
21063,5107
21064,3978
21065,7181
21066,6482
21067,4025
21068,2068
21069,5810
21070,4590
21071,0258
21072,7367
21073,6056
21074,2437
21075,0245
21076,4510
21077,7550
21078,0359
21079,8164
21080,2328
21081,5420
21082,4149
21083,7825
21084,4823
21085,2469
21086,0860
21087,5915
21088,9498
21089,3359
21090,7045
21091,3715
21092,5400
21093,1313
21094,1087
21095,9872
21096,1851
21097,8865
21098,2204
21099,9926
21100,1826
21101,2906
21102,7058
21103,4410
21104,4540
21105,6421
21106,9254
21107,5461
21108,2023
21109,5418
21110,4110
21111,9443
21112,4711
21113,3815
21114,0635
21115,2548
21116,6357
21117,7897
21118,2411
21119,6001
21120,4934
21121,1842
21122,5357
21123,5293
21124,1392
21125,1156
21126,9427
21127,2058
21128,2781
21129,6921
21130,1610
21131,0253
21132,2350
21133,5260
21134,3142
21135,6459
21136,3998
21137,9135
21138,8848
21139,3398
21140,5269
21141,7118
21142,2977
21143,5792
21144,2297
21145,3621
21146,6146
21147,7164
21148,9572
21149,2136
21150,2836
21151,1986
21152,7280
21153,3810
21154,8430
21155,1967
21156,5836
21157,9924
21158,3176
21159,1627
21160,3786
21161,6432
21162,1219
21163,3765
21164,3018
21165,0711
21166,2112
21167,1875
21168,5957
21169,0617
21170,7538
21171,3065
21172,8984
21173,9330
21174,8222
21175,5647
21176,9899
21177,7477
21178,4456
21179,8519
21180,7204
21181,6263
21182,6850
21183,8126
21184,1086
21185,7156
21186,1124
21187,1067
21188,2726
21189,4191
21190,9893
21191,7202
21192,4216
21193,2983
21194,7567
21195,8890
21196,2496
21197,1170
21198,2048
21199,0209
21200,2068
21201,9814
21202,5711
21203,5361
21204,8458
21205,1658
21206,2269
21207,0685
21208,8128
21209,6319
21210,2900
21211,1846
21212,5344
21213,6260
21214,2006
21215,6550
21216,0281
21217,5539
21218,9817
21219,2467
21220,0084
21221,1690
21222,2593
21223,3130
21224,9470
21225,3381
21226,2002
21227,0166
21228,4462
21229,4783
21230,2522
21231,5305
21232,9710
21233,0545
21234,9360
21235,1643
21236,0556
21237,8203
21238,6699
21239,0931
21240,5494
21241,7182
21242,7019
21243,5378
21244,5427
21245,6943
21246,7527
21247,8881
21248,8353
21249,8929
21250,7027
21251,0550
21252,4347
21253,5964
21254,2942
21255,5393
21256,5298
21257,9218
21258,0330
21259,8368
21260,7289
21261,9713
21262,2962
21263,0129
21264,4264
21265,7203
21266,8114
21267,5243
21268,2278
21269,7050
21270,3658
21271,2901
21272,4643
21273,4765
21274,1870
21275,6087
21276,3802
21277,1620
21278,5380
21279,3393
21280,9967
21281,0235
21282,9491
21283,7853
21284,1318
21285,2630
21286,3083
21287,9808
21288,7857
21289,5830
21290,9226
21291,1008
21292,3562
21293,4566
21294,2367
21295,7194
21296,4991
21297,3640
21298,1236
21299,3386
21300,2525
21301,6112
21302,9817
21303,6502
21304,1855
21305,7781
21306,1151
21307,2586
21308,7324
21309,5037
21310,5250
21311,6133
21312,8297
21313,7508
21314,7237
21315,1944
21316,1403
21317,7240
21318,9887
21319,8684
21320,5206
21321,2676
21322,4279
21323,9830
21324,0814
21325,9356
21326,6226
21327,2836
21328,2434
21329,4077
21330,5164
21331,7463
21332,3504
21333,0314
21334,6573
21335,8043
21336,9594
21337,2547
21338,2774
21339,4140
21340,4651
21341,1793
21342,5468
21343,4045
21344,2499
21345,8509
21346,4251
21347,0512
21348,7321
21349,6325
21350,5931
21351,9814
21352,8968
21353,7749
21354,9420
21355,0829
21356,2623
21357,5470
21358,4016
21359,7262
21360,6130
21361,9711
21362,7319
21363,6449
21364,8129
21365,5159
21366,0127
21367,1072
21368,9435
21369,8288
21370,3102
21371,2240
21372,2137
21373,5096
21374,4161
21375,8682
21376,1881
21377,4649
21378,0156
21379,2894
21380,4483
21381,8763
21382,2732
21383,0812
21384,7491
21385,7607
21386,1165
21387,3173
21388,1006
21389,7272
21390,5049
21391,6201
21392,1391
21393,6704
21394,1762
21395,0196
21396,0940
21397,1495
21398,3586
21399,6377
21400,1019
21401,0000
21402,3738
21403,8285
21404,2194
21405,1787
21406,8361
21407,6949
21408,3347
21409,4111
21410,2166
21411,6111
21412,1810
21413,0294
21414,0470
21415,2919
21416,1541
21417,1543
21418,1849
21419,2409
21420,7669
21421,6580
21422,2805
21423,8206
21424,5223
21425,0795
21426,4910
21427,0124
21428,2684
21429,8504
21430,0182
21431,2266
21432,7825
21433,7523
21434,9609
21435,1203
21436,6760
21437,2775
21438,3130
21439,6425
21440,8704
21441,2421
21442,2583
21443,4636
21444,0328
21445,5895
21446,7470
21447,0656
21448,2275
21449,6473
21450,3883
21451,7955
21452,4254
21453,2339
21454,1782
21455,1543
21456,5046
21457,9734
21458,8130
21459,1049
21460,3326
21461,6619
21462,6336
21463,6152
21464,0648
21465,5727
21466,0290
21467,3913
21468,8818
21469,8708
21470,2467
21471,4898
21472,9217
21473,0906
21474,1767
21475,5181
21476,2016
21477,0118
21478,5534
21479,4301
21480,1761
21481,2001
21482,8467
21483,0251
21484,4557
21485,5868
21486,5864
21487,2162
21488,1136
21489,9329
21490,7272
21491,6643
21492,1859
21493,1784
21494,4138
21495,6308
21496,1930
21497,2804
21498,7968
21499,9910
21500,5180
21501,9544
21502,0464
21503,3504
21504,5261
21505,8145
21506,7272
21507,2963
21508,9148
21509,5806
21510,1720
21511,4131
21512,5825
21513,1053
21514,1217
21515,4971
21516,4785
21517,7957
21518,4762
21519,4827
21520,6431
21521,9927
21522,2087
21523,1528
21524,5110
21525,5941
21526,6269
21527,6975
21528,8270
21529,7479
21530,8688
21531,4317
21532,2354
21533,9231
21534,9734
21535,3953
21536,6916
21537,2229
21538,4292
21539,5314
21540,5773
21541,2874
21542,0343
21543,5074
21544,7891
21545,0956
21546,9787
21547,8298
21548,8680
21549,5660
21550,5827
21551,0886
21552,4070
21553,2140
21554,4027
21555,0564
21556,1591
21557,8034
21558,2024
21559,7013
21560,4556
21561,0579
21562,2879
21563,3129
21564,5182
21565,1895
21566,3406
21567,3200
21568,0504
21569,1053
21570,6333
21571,3851
21572,0750
21573,6309
21574,5742
21575,1404
21576,1243
21577,2536
21578,9701
21579,5327
21580,9997
21581,9606
21582,6437
21583,6251
21584,6392
21585,9747
21586,0567
21587,5608
21588,5625
21589,5561
21590,0638
21591,2783
21592,6525
21593,0705
21594,6621
21595,7999
21596,2456
21597,4261
21598,8431
21599,0741
21600,5700
21601,2421
21602,3975
21603,9859
21604,7342
21605,4387
21606,1274
21607,4768
21608,0225
21609,5509
21610,1315
21611,4277
21612,0323
21613,8858
21614,2540
21615,5714
21616,7002
21617,0230
21618,2548
21619,9834
21620,8436
21621,9457
21622,8874
21623,2069
21624,3415
21625,0420
21626,4168
21627,0879
21628,3490
21629,0361
21630,3301
21631,5472
21632,8553
21633,7073
21634,2361
21635,9078
21636,8457
21637,8802
21638,0509
21639,2396
21640,8590
21641,2790
21642,7916
21643,3602
21644,6511
21645,6086
21646,8050
21647,7554
21648,4539
21649,3579
21650,1802
21651,3880
21652,6511
21653,0558
21654,0464
21655,0103
21656,7990
21657,2302
21658,5383
21659,4271
21660,2846
21661,5182
21662,5165
21663,9137
21664,7447
21665,3368
21666,6126
21667,3303
21668,4082
21669,4230
21670,8563
21671,5733
21672,8801
21673,3883
21674,6515
21675,6898
21676,0069
21677,2962
21678,9258
21679,6950
21680,0706
21681,9343
21682,5846
21683,0776
21684,4640
21685,9891
21686,3722
21687,0593
21688,1310
21689,0047
21690,9678
21691,2667
21692,3171
21693,3525
21694,7565
21695,2462
21696,7622
21697,5528
21698,5395
21699,4879
21700,5717
21701,4143
21702,8686
21703,1254
21704,4933
21705,8824
21706,9078
21707,9098
21708,4462
21709,7325
21710,8172
21711,6261
21712,4230
21713,2811
21714,2203
21715,7108
21716,0336
21717,4954
21718,7620
21719,9113
21720,6636
21721,5514
21722,9277
21723,7225
21724,4253
21725,4410
21726,2683
21727,2853
21728,1422
21729,2419
21730,2308
21731,9998
21732,2832
21733,3738
21734,3804
21735,1292
21736,8306
21737,0970
21738,6918
21739,2816
21740,8528
21741,0597
21742,1658
21743,8670
21744,0450
21745,4877
21746,2334
21747,2657
21748,6307
21749,3222
21750,3735
21751,1028
21752,5598
21753,6731
21754,2792
21755,1466
21756,0822
21757,7090
21758,0308
21759,3152
21760,3904
21761,1249
21762,8540
21763,2914
21764,0463
21765,0166
21766,7285
21767,6084
21768,9561
21769,6431
21770,9980
21771,5354
21772,1318
21773,8900
21774,6040
21775,1370
21776,0703
21777,5417
21778,6384
21779,6993
21780,5127
21781,9320
21782,5845
21783,7915
21784,4875
21785,1704
21786,4791
21787,2693
21788,5238
21789,7421
21790,6809
21791,3195
21792,7109
21793,1377
21794,4981
21795,9917
21796,3900
21797,2962
21798,4039
21799,5788
21800,6008
21801,0332
21802,1555
21803,1424
21804,1770
21805,9828
21806,1437
21807,9393
21808,4572
21809,4941
21810,8836
21811,7286
21812,4441
21813,0513
21814,7111
21815,9681
21816,3921
21817,0994
21818,5323
21819,4916
21820,0359
21821,8843
21822,3092
21823,6894
21824,7402
21825,8498
21826,2983
21827,9049
21828,1145
21829,6751
21830,9852
21831,5638
21832,2786
21833,2940
21834,7359
21835,7035
21836,9656
21837,3732
21838,2039
21839,7917
21840,7103
21841,0542
21842,1274
21843,1760
21844,5901
21845,4075
21846,6334
21847,8202
21848,7018
21849,6968
21850,8530
21851,7472
21852,1087
21853,0585
21854,8610
21855,1100
21856,3835
21857,4697
21858,0512
21859,5419
21860,7839
21861,2071
21862,6457
21863,9818
21864,4770
21865,8666
21866,4825
21867,4205
21868,1530
21869,5646
21870,5460
21871,1910
21872,6343
21873,6759
21874,1109
21875,0420
21876,8086
21877,3838
21878,3611
21879,2046
21880,2136
21881,6038
21882,4136
21883,8940
21884,7010
21885,1577
21886,4002
21887,6320
21888,5077
21889,3689
21890,9112
21891,0561
21892,3957
21893,7978
21894,6327
21895,3718
21896,9038
21897,0322
21898,6474
21899,8706
21900,0447
21901,0700
21902,8023
21903,8930
21904,2535
21905,0285
21906,8174
21907,9893
21908,3931
21909,5378
21910,2538
21911,6480
21912,4936
21913,3968
21914,7524
21915,8095
21916,9603
21917,4270
21918,0180
21919,6785
21920,0975
21921,8204
21922,9601
21923,4593
21924,5652
21925,8520
21926,3026
21927,3784
21928,8422
21929,4616
21930,8606
21931,6096
21932,4091
21933,5463
21934,9653
21935,0966
21936,9763
21937,4981
21938,7946
21939,2618
21940,6080
21941,1543
21942,9923
21943,6322
21944,2594
21945,4202
21946,6364
21947,2615
21948,4075
21949,8328
21950,6736
21951,8195
21952,9494
21953,6338
21954,8451
21955,4102
21956,0378
21957,5890
21958,1394
21959,1817
21960,7406
21961,7546
21962,1472
21963,9260
21964,0323
21965,5506
21966,8975
21967,1201
21968,8393
21969,4261
21970,2744
21971,7355
21972,9176
21973,6918
21974,7438
21975,4604
21976,9642
21977,6850
21978,4151
21979,4911
21980,2672
21981,3411
21982,2097
21983,1729
21984,7030
21985,8869
21986,0054
21987,9093
21988,8731
21989,0051
21990,9645
21991,4569
21992,3587
21993,6401
21994,5133
21995,2023
21996,2891
21997,9364
21998,8194
21999,0145
22000,8031
22001,0294
22002,7604
22003,6706
22004,1618
22005,9330
22006,7866
22007,4157
22008,9424
22009,6362
22010,9514
22011,2522
22012,7477
22013,0948
22014,8241
22015,1652
22016,8599
22017,0619
22018,9453
22019,3247
22020,2351
22021,5159
22022,0085
22023,2403
22024,1080
22025,5546
22026,7232
22027,1830
22028,3546
22029,7411
22030,2025
22031,2236
22032,0793
22033,2563
22034,5336
22035,5269
22036,5032
22037,9996
22038,4817
22039,0124
22040,2563
22041,4970
22042,5449
22043,1689
22044,1924
22045,5488
22046,8744
22047,2587
22048,6165
22049,6566
22050,2009
22051,6357
22052,4379
22053,8699
22054,9349
22055,8270
22056,5871
22057,1029
22058,3124
22059,4641
22060,2637
22061,4814
22062,2684
22063,9232
22064,1607
22065,6009
22066,5888
22067,8478
22068,9567
22069,6859
22070,1492
22071,7077
22072,0453
22073,7362
22074,8404
22075,6689
22076,7937
22077,8906
22078,9771
22079,8746
22080,1139
22081,1143
22082,3937
22083,7066
22084,9086
22085,4971
22086,8617
22087,6583
22088,1965
22089,1847
22090,8344
22091,3873
22092,5571
22093,2961
22094,5705
22095,6029
22096,5481
22097,7756
22098,6709
22099,2094
22100,3137
22101,2514
22102,1817
22103,7792
22104,0783
22105,8778
22106,8208
22107,9656
22108,3893
22109,9505
22110,7724
22111,5577
22112,2648
22113,5597
22114,5957
22115,5299
22116,1597
22117,3780
22118,1997
22119,4412
22120,9736
22121,3309
22122,9122
22123,3362
22124,1356
22125,4501
22126,8200
22127,3574
22128,5068
22129,8017
22130,3734
22131,1021
22132,6499
22133,2422
22134,4221
22135,5858
22136,9346
22137,4910
22138,3668
22139,9772
22140,7595
22141,0581
22142,4135
22143,0747
22144,5396
22145,4043
22146,7722
22147,0524
22148,6790
22149,9345
22150,9809
22151,1499
22152,7209
22153,4162
22154,1577
22155,8441
22156,1884
22157,6719
22158,2696
22159,3204
22160,4735
22161,9535
22162,4570
22163,9513
22164,4766
22165,0366
22166,9547
22167,3826
22168,3744
22169,5567
22170,3175
22171,0379
22172,6252
22173,5925
22174,2483
22175,6729
22176,3398
22177,2318
22178,2580
22179,4757
22180,3036
22181,6412
22182,2758
22183,7657
22184,9736
22185,7295
22186,8048
22187,3896
22188,9226
22189,9294
22190,0532
22191,6743
22192,8752
22193,7475
22194,3121
22195,2404
22196,2418
22197,1779
22198,0852
22199,7332
22200,8532
22201,0997
22202,5422
22203,9684
22204,2214
22205,6464
22206,8706
22207,3870
22208,5926
22209,6490
22210,2497
22211,9109
22212,2224
22213,2402
22214,5713
22215,5147
22216,5943
22217,2360
22218,8007
22219,1158
22220,8877
22221,5900
22222,0778
22223,7149
22224,6571
22225,0653
22226,2936
22227,8801
22228,2637
22229,3869
22230,4694
22231,3146
22232,4681
22233,3574
22234,6066
22235,3819
22236,2492
22237,7306
22238,9198
22239,0715
22240,1524
22241,9947
22242,1415
22243,5749
22244,2974
22245,3001
22246,2880
22247,3717
22248,0167
22249,4264
22250,9913
22251,3267
22252,9599
22253,5466
22254,0613
22255,8907
22256,8930
22257,7953
22258,3250
22259,9198
22260,5199
22261,4770
22262,9751
22263,8087
22264,5201
22265,1113
22266,9605
22267,5012
22268,5585
22269,5061
22270,1816
22271,9418
22272,2424
22273,6106
22274,2016
22275,1092
22276,1684
22277,5851
22278,0328
22279,0445
22280,9287
22281,5508
22282,8353
22283,5578
22284,5096
22285,9797
22286,0488
22287,3493
22288,4398
22289,9791
22290,4951
22291,0899
22292,0537
22293,7162
22294,3509
22295,0474
22296,7839
22297,0110
22298,1323
22299,9539
22300,4027
22301,8438
22302,2594
22303,9796
22304,2371
22305,2721
22306,5861
22307,1573
22308,2966
22309,6649
22310,0277
22311,5512
22312,8893
22313,5330
22314,5740
22315,3329
22316,3906
22317,6384
22318,8171
22319,6805
22320,3410
22321,4669
22322,5759
22323,2075
22324,1933
22325,9532
22326,4641
22327,1189
22328,5847
22329,8502
22330,0439
22331,7489
22332,8924
22333,0133
22334,4768
22335,2424
22336,3688
22337,8950
22338,3778
22339,6364
22340,4347
22341,1832
22342,0372
22343,4892
22344,9264
22345,4300
22346,6019
22347,5976
22348,8609
22349,1145
22350,0049
22351,7641
22352,3916
22353,1584
22354,7623
22355,0510
22356,5715
22357,4072
22358,4282
22359,3014
22360,0475
22361,3394
22362,6550
22363,9614
22364,8880
22365,9720
22366,2235
22367,8981
22368,6690
22369,9963
22370,2436
22371,9282
22372,8676
22373,1739
22374,9707
22375,5907
22376,0767
22377,2153
22378,1737
22379,0593
22380,9484
22381,4391
22382,7587
22383,9289
22384,6573
22385,3933
22386,8196
22387,8574
22388,6232
22389,8953
22390,4726
22391,9572
22392,0836
22393,1369
22394,5543
22395,1866
22396,3373
22397,3495
22398,9609
22399,1351
22400,8079
22401,0834
22402,9111
22403,0969
22404,0267
22405,9802
22406,3394
22407,0769
22408,7877
22409,7861
22410,6997
22411,8058
22412,8905
22413,1704
22414,3588
22415,1421
22416,8900
22417,9800
22418,0276
22419,3459
22420,8572
22421,8651
22422,6544
22423,9870
22424,0328
22425,9071
22426,9345
22427,8806
22428,5260
22429,5387
22430,7833
22431,6604
22432,6057
22433,2149
22434,6778
22435,9488
22436,8964
22437,2018
22438,0809
22439,5175
22440,2246
22441,1559
22442,1160
22443,3329
22444,7979
22445,6730
22446,4783
22447,7210
22448,7280
22449,1414
22450,9191
22451,9008
22452,4910
22453,4950
22454,7059
22455,8089
22456,5589
22457,8991
22458,1971
22459,1694
22460,8670
22461,5070
22462,2441
22463,8219
22464,1310
22465,7808
22466,9007
22467,0405
22468,0210
22469,1873
22470,5339
22471,8168
22472,2854
22473,7774
22474,6759
22475,5055
22476,0463
22477,3522
22478,6766
22479,4228
22480,1720
22481,4847
22482,2077
22483,6258
22484,0614
22485,0095
22486,8568
22487,6433
22488,1369
22489,8614
22490,6147
22491,9146
22492,4487
22493,2818
22494,4588
22495,8715
22496,3771
22497,2473
22498,0191
22499,6322
22500,5827
22501,8778
22502,9679
22503,8711
22504,4413
22505,5001
22506,2453
22507,3348
22508,8224
22509,7314
22510,3035
22511,4600
22512,0068
22513,3643
22514,6651
22515,0531
22516,6352
22517,4879
22518,7823
22519,2653
22520,8659
22521,6408
22522,4596
22523,3889
22524,5842
22525,5521
22526,8666
22527,0971
22528,8343
22529,2110
22530,3940
22531,3680
22532,4632
22533,1968
22534,0290
22535,0704
22536,1599
22537,5192
22538,3571
22539,3854
22540,1911
22541,5172
22542,0468
22543,5499
22544,2457
22545,9994
22546,1643
22547,6077
22548,5631
22549,3028
22550,0047
22551,7223
22552,3571
22553,5509
22554,7385
22555,5440
22556,0706
22557,8843
22558,8060
22559,0064
22560,5924
22561,0319
22562,3019
22563,8700
22564,2512
22565,6871
22566,2676
22567,8556
22568,7243
22569,9761
22570,0334
22571,1150
22572,8324
22573,3821
22574,7220
22575,5417
22576,7914
22577,2501
22578,6019
22579,5932
22580,7236
22581,7680
22582,9113
22583,4017
22584,1579
22585,2820
22586,3683
22587,2481
22588,3371
22589,5264
22590,1254
22591,1714
22592,1244
22593,2532
22594,7550
22595,0510
22596,0741
22597,2427
22598,1236
22599,0229
22600,3172
22601,0552
22602,3571
22603,6475
22604,1084
22605,6290
22606,4611
22607,0995
22608,2239
22609,1897
22610,2681
22611,3046
22612,3411
22613,6519
22614,8216
22615,9066
22616,8411
22617,8382
22618,4507
22619,3160
22620,8442
22621,5419
22622,7941
22623,0656
22624,6575
22625,5875
22626,6357
22627,7543
22628,6164
22629,0952
22630,6461
22631,7619
22632,7973
22633,8705
22634,7220
22635,2628
22636,3873
22637,6655
22638,4406
22639,7754
22640,5889
22641,5933
22642,6181
22643,6242
22644,4716
22645,3119
22646,9456
22647,9114
22648,1843
22649,5253
22650,4829
22651,7626
22652,5491
22653,1016
22654,9662
22655,7321
22656,0239
22657,8794
22658,9199
22659,2520
22660,7613
22661,9424
22662,8884
22663,6419
22664,6099
22665,0251
22666,0621
22667,2930
22668,6595
22669,3074
22670,1906
22671,5833
22672,0810
22673,6256
22674,9360
22675,9219
22676,3532
22677,6356
22678,4923
22679,3063
22680,5887
22681,2386
22682,1522
22683,0369
22684,7659
22685,3827
22686,3268
22687,7506
22688,9522
22689,2335
22690,8517
22691,1693
22692,2883
22693,9655
22694,3155
22695,3305
22696,3703
22697,0841
22698,9824
22699,8874
22700,7887
22701,5479
22702,1475
22703,7108
22704,6093
22705,0757
22706,6487
22707,8699
22708,4020
22709,4085
22710,5154
22711,5053
22712,7683
22713,7015
22714,8640
22715,6633
22716,3674
22717,3473
22718,7657
22719,4294
22720,5754
22721,5349
22722,7805
22723,8652
22724,5373
22725,0706
22726,6144
22727,0450
22728,4238
22729,5500
22730,6538
22731,0390
22732,3260
22733,4161
22734,2347
22735,3407
22736,9777
22737,3393
22738,3719
22739,3373
22740,4052
22741,8991
22742,7291
22743,6352
22744,6408
22745,5936
22746,5880
22747,3091
22748,0444
22749,6337
22750,0909
22751,9197
22752,0988
22753,1625
22754,3635
22755,3455
22756,6641
22757,3889
22758,1388
22759,1662
22760,3190
22761,0996
22762,0604
22763,1949
22764,6675
22765,0234
22766,0021
22767,8478
22768,0195
22769,8468
22770,3169
22771,2762
22772,7631
22773,6116
22774,9427
22775,2389
22776,7864
22777,6428
22778,6257
22779,5389
22780,4397
22781,9119
22782,0229
22783,2701
22784,0122
22785,4525
22786,6899
22787,5967
22788,8932
22789,4279
22790,4592
22791,6584
22792,5445
22793,7615
22794,2189
22795,7529
22796,1466
22797,3294
22798,8483
22799,6557
22800,5973
22801,3620
22802,8294
22803,6508
22804,4609
22805,6388
22806,8146
22807,2208
22808,0650
22809,7361
22810,3010
22811,6990
22812,2685
22813,8655
22814,2918
22815,7958
22816,8381
22817,6107
22818,9668
22819,2281
22820,1236
22821,4940
22822,5398
22823,1831
22824,0895
22825,9862
22826,3593
22827,6444
22828,8711
22829,1804
22830,0891
22831,3270
22832,5092
22833,9057
22834,4480
22835,7915
22836,8567
22837,7903
22838,5701
22839,0737
22840,7204
22841,0985
22842,5462
22843,5828
22844,9033
22845,6415
22846,0783
22847,9880
22848,5604
22849,9829
22850,5148
22851,4265
22852,3736
22853,3522
22854,6679
22855,9557
22856,0748
22857,3546
22858,2073
22859,9591
22860,0679
22861,2536
22862,6072
22863,4877
22864,8329
22865,6254
22866,6094
22867,5837
22868,9710
22869,1318
22870,6504
22871,2784
22872,5026
22873,1044
22874,6195
22875,9684
22876,2286
22877,5219
22878,1962
22879,0463
22880,3397
22881,5126
22882,5710
22883,8501
22884,0744
22885,7989
22886,8618
22887,3112
22888,1951
22889,5597
22890,5545
22891,6338
22892,0602
22893,2105
22894,6610
22895,7728
22896,9401
22897,9993
22898,9334
22899,4693
22900,9327
22901,2843
22902,7026
22903,8207
22904,1543
22905,5019
22906,4102
22907,1404
22908,4318
22909,7822
22910,6610
22911,6408
22912,4649
22913,8914
22914,9361
22915,8674
22916,0531
22917,2947
22918,5999
22919,4750
22920,1644
22921,5121
22922,1560
22923,7057
22924,4742
22925,8768
22926,4572
22927,7349
22928,3555
22929,2818
22930,3157
22931,9413
22932,2463
22933,5319
22934,7796
22935,9770
22936,1349
22937,8847
22938,3040
22939,4075
22940,6942
22941,4883
22942,1269
22943,4210
22944,7933
22945,5260
22946,3676
22947,5471
22948,3061
22949,3980
22950,3979
22951,2486
22952,7638
22953,0699
22954,3008
22955,6404
22956,7224
22957,0049
22958,4014
22959,2828
22960,5665
22961,2532
22962,2733
22963,7580
22964,2880
22965,3770
22966,2933
22967,7895
22968,3778
22969,4076
22970,6841
22971,9313
22972,0803
22973,6782
22974,2892
22975,2563
22976,5128
22977,4026
22978,7281
22979,7651
22980,2187
22981,0549
22982,9131
22983,7750
22984,7336
22985,3878
22986,2713
22987,2833
22988,2790
22989,0825
22990,9191
22991,0581
22992,2940
22993,4183
22994,6851
22995,4489
22996,4003
22997,4960
22998,0840
22999,7986
23000,3397
23001,2922
23002,9347
23003,7933
23004,9055
23005,5267
23006,6618
23007,0300
23008,7003
23009,5624
23010,4996
23011,3763
23012,5479
23013,4519
23014,0981
23015,0142
23016,8018
23017,2384
23018,9949
23019,6225
23020,3624
23021,4806
23022,2373
23023,1240
23024,4116
23025,6074
23026,9430
23027,3303
23028,6913
23029,7083
23030,8683
23031,0762
23032,6625
23033,4295
23034,9222
23035,7316
23036,2053
23037,5931
23038,1826
23039,1258
23040,8631
23041,7630
23042,2534
23043,0583
23044,3208
23045,2030
23046,3339
23047,2017
23048,4075
23049,7411
23050,7884
23051,2104
23052,1544
23053,6016
23054,7724
23055,2972
23056,1542
23057,8362
23058,8654
23059,0176
23060,9492
23061,9752
23062,3347
23063,5732
23064,5444
23065,7611
23066,0165
23067,3832
23068,8122
23069,3765
23070,7274
23071,8764
23072,8486
23073,6955
23074,0235
23075,3231
23076,3399
23077,9720
23078,4115
23079,8300
23080,6748
23081,5395
23082,2965
23083,2987
23084,9001
23085,8017
23086,9275
23087,0776
23088,1997
23089,3871
23090,5704
23091,3828
23092,7931
23093,2513
23094,2217
23095,6185
23096,5775
23097,6988
23098,2476
23099,4586
23100,4294
23101,4840
23102,7301
23103,7994
23104,8591
23105,0065
23106,9633
23107,9063
23108,4899
23109,3069
23110,3628
23111,8802
23112,7217
23113,3373
23114,1055
23115,3328
23116,9349
23117,6770
23118,0480
23119,8403
23120,7460
23121,4117
23122,8399
23123,6081
23124,1080
23125,6229
23126,1573
23127,2965
23128,7111
23129,3179
23130,6972
23131,8349
23132,0670
23133,5221
23134,8521
23135,6127
23136,5850
23137,8794
23138,4657
23139,5193
23140,6118
23141,5284
23142,0816
23143,0153
23144,5954
23145,0514
23146,4193
23147,2030
23148,4913
23149,6981
23150,2198
23151,1208
23152,2822
23153,1603
23154,1179
23155,5391
23156,0872
23157,1976
23158,2193
23159,9544
23160,1735
23161,2896
23162,8909
23163,2313
23164,0216
23165,9058
23166,7817
23167,2404
23168,1495
23169,8032
23170,4417
23171,5636
23172,5348
23173,5803
23174,2791
23175,7802
23176,2150
23177,1796
23178,8521
23179,2125
23180,2173
23181,4090
23182,7483
23183,3400
23184,0396
23185,1968
23186,9843
23187,8512
23188,6933
23189,9802
23190,5485
23191,7605
23192,6021
23193,0760
23194,9860
23195,6517
23196,7868
23197,9776
23198,8828
23199,7096
23200,9543
23201,0822
23202,1078
23203,6844
23204,3368
23205,6062
23206,6363
23207,0664
23208,4496
23209,7753
23210,3836
23211,1790
23212,1048
23213,6940
23214,1234
23215,8472
23216,2959
23217,9682
23218,3688
23219,9724
23220,6760
23221,3822
23222,4627
23223,3142
23224,5497
23225,6342
23226,6675
23227,2747
23228,3898
23229,6875
23230,8242
23231,0502
23232,6270
23233,8342
23234,5896
23235,8414
23236,4602
23237,5538
23238,2434
23239,6390
23240,5555
23241,3862
23242,0164
23243,8111
23244,6354
23245,5370
23246,4928
23247,3902
23248,3536
23249,0383
23250,4228
23251,6193
23252,6715
23253,5454
23254,9790
23255,8932
23256,1921
23257,2744
23258,3591
23259,9966
23260,3691
23261,1707
23262,2814
23263,2151
23264,5056
23265,4177
23266,4330
23267,0931
23268,0527
23269,2755
23270,1604
23271,3461
23272,4537
23273,6885
23274,1673
23275,4220
23276,1443
23277,0191
23278,0132
23279,9797
23280,7904
23281,0853
23282,8960
23283,8270
23284,4318
23285,3982
23286,2968
23287,0552
23288,6984
23289,4272
23290,0493
23291,3167
23292,1729
23293,7989
23294,7603
23295,2209
23296,8757
23297,7572
23298,0104
23299,9301
23300,5301
23301,7028
23302,4399
23303,3708
23304,0407
23305,0750
23306,4441
23307,7944
23308,5377
23309,5550
23310,8695
23311,3530
23312,4308
23313,8098
23314,7070
23315,5971
23316,2416
23317,7955
23318,0560
23319,2508
23320,7980
23321,1965
23322,4116
23323,6349
23324,5052
23325,1900
23326,5279
23327,1125
23328,3013
23329,8066
23330,2072
23331,0543
23332,7408
23333,6874
23334,7641
23335,5836
23336,8398
23337,5844
23338,1448
23339,6069
23340,7332
23341,9143
23342,2172
23343,0731
23344,2953
23345,2535
23346,0966
23347,6849
23348,9218
23349,4955
23350,7636
23351,1434
23352,1541
23353,8959
23354,6384
23355,8828
23356,0038
23357,5679
23358,6892
23359,7539
23360,1332
23361,8076
23362,1799
23363,9493
23364,7623
23365,9100
23366,2088
23367,0868
23368,1587
23369,5500
23370,7800
23371,6227
23372,4177
23373,9127
23374,2951
23375,7760
23376,3572
23377,6155
23378,2411
23379,4604
23380,4481
23381,3600
23382,0157
23383,6062
23384,0958
23385,2062
23386,1917
23387,7112
23388,6139
23389,7857
23390,9195
23391,5048
23392,8448
23393,7101
23394,4590
23395,5848
23396,1805
23397,8905
23398,7810
23399,9681
23400,2135
23401,1964
23402,6557
23403,5133
23404,1696
23405,3523
23406,1546
23407,7566
23408,2674
23409,3274
23410,9169
23411,5422
23412,7357
23413,5727
23414,1094
23415,5754
23416,0400
23417,9910
23418,4473
23419,3772
23420,2009
23421,1719
23422,4544
23423,3902
23424,5456
23425,1093
23426,5784
23427,6986
23428,0710
23429,0558
23430,0778
23431,7768
23432,4631
23433,7227
23434,1081
23435,1000
23436,5008
23437,8717
23438,4818
23439,9754
23440,7762
23441,2203
23442,4413
23443,6140
23444,7774
23445,6578
23446,9877
23447,8947
23448,1242
23449,4758
23450,1600
23451,2518
23452,8384
23453,9090
23454,8928
23455,7160
23456,9036
23457,9466
23458,9726
23459,7260
23460,4819
23461,9782
23462,5605
23463,0322
23464,2697
23465,5417
23466,4023
23467,1093
23468,8864
23469,5766
23470,2216
23471,7503
23472,4255
23473,0475
23474,4026
23475,3693
23476,5389
23477,7238
23478,2981
23479,3550
23480,1792
23481,5514
23482,4475
23483,3765
23484,9157
23485,8034
23486,5586
23487,9140
23488,3892
23489,6557
23490,6565
23491,1954
23492,0038
23493,1175
23494,5706
23495,6516
23496,3562
23497,5985
23498,2114
23499,2718
23500,5940
23501,6883
23502,3425
23503,1590
23504,2753
23505,4545
23506,5781
23507,5838
23508,9852
23509,8103
23510,2839
23511,1430
23512,2588
23513,7176
23514,2282
23515,8151
23516,7165
23517,2762
23518,8568
23519,0483
23520,9212
23521,0351
23522,4444
23523,5413
23524,5141
23525,2500
23526,3607
23527,3611
23528,0718
23529,5321
23530,7042
23531,5131
23532,3355
23533,2315
23534,8628
23535,9015
23536,5731
23537,7591
23538,5149
23539,9399
23540,0893
23541,6718
23542,6480
23543,8761
23544,2257
23545,0918
23546,0411
23547,9646
23548,6685
23549,9668
23550,3423
23551,5301
23552,8459
23553,1890
23554,6887
23555,2025
23556,5614
23557,3930
23558,8046
23559,3620
23560,2927
23561,8008
23562,7983
23563,1096
23564,3634
23565,6794
23566,9440
23567,9284
23568,4980
23569,4442
23570,4624
23571,4648
23572,1932
23573,8642
23574,0565
23575,3197
23576,6133
23577,2165
23578,0054
23579,6126
23580,2061
23581,2083
23582,5633
23583,5824
23584,8258
23585,2860
23586,8545
23587,6225
23588,2096
23589,5891
23590,6370
23591,5785
23592,7685
23593,8718
23594,4935
23595,3583
23596,1726
23597,6036
23598,5936
23599,4685
23600,9170
23601,9607
23602,3711
23603,7608
23604,4829
23605,7621
23606,6489
23607,6988
23608,4412
23609,5798
23610,1446
23611,3586
23612,8595
23613,5275
23614,7439
23615,0669
23616,1479
23617,9949
23618,8839
23619,8502
23620,9598
23621,6971
23622,0180
23623,4264
23624,9617
23625,2242
23626,0213
23627,4798
23628,0254
23629,3659
23630,8632
23631,7026
23632,2462
23633,9236
23634,3765
23635,6417
23636,3481
23637,9688
23638,5854
23639,0989
23640,0704
23641,6385
23642,0480
23643,7866
23644,1203
23645,2142
23646,7629
23647,0493
23648,6840
23649,6639
23650,1602
23651,9829
23652,6453
23653,9296
23654,7000
23655,9113
23656,3788
23657,2256
23658,4388
23659,8159
23660,1544
23661,4172
23662,0470
23663,9382
23664,6312
23665,6442
23666,4874
23667,0658
23668,6815
23669,2677
23670,9727
23671,2084
23672,2788
23673,0363
23674,4803
23675,5683
23676,9148
23677,3946
23678,3431
23679,3427
23680,3733
23681,9258
23682,8140
23683,2914
23684,3187
23685,7620
23686,5045
23687,9615
23688,7014
23689,9707
23690,1275
23691,6697
23692,0962
23693,1296
23694,4845
23695,9851
23696,0523
23697,2518
23698,0909
23699,1550
23700,2590
23701,9740
23702,9361
23703,2350
23704,6441
23705,7497
23706,9187
23707,2583
23708,7432
23709,2170
23710,5864
23711,0096
23712,0609
23713,0759
23714,9847
23715,1666
23716,0323
23717,7585
23718,9280
23719,8521
23720,5549
23721,1570
23722,0513
23723,9524
23724,1592
23725,1989
23726,6828
23727,2046
23728,2253
23729,9532
23730,3438
23731,1637
23732,7168
23733,4658
23734,8726
23735,0357
23736,7587
23737,7396
23738,5669
23739,9862
23740,5213
23741,2835
23742,2143
23743,6089
23744,1265
23745,0239
23746,2457
23747,2704
23748,0996
23749,5924
23750,6064
23751,5166
23752,4981
23753,2848
23754,7252
23755,5395
23756,5480
23757,7016
23758,3283
23759,5110
23760,0236
23761,1422
23762,1762
23763,2534
23764,8304
23765,4475
23766,4735
23767,4895
23768,2619
23769,8386
23770,7227
23771,7572
23772,0718
23773,7990
23774,0156
23775,8283
23776,0231
23777,7880
23778,4488
23779,4236
23780,9730
23781,9138
23782,0363
23783,6678
23784,1383
23785,6894
23786,2947
23787,0557
23788,3760
23789,8457
23790,9499
23791,4984
23792,3081
23793,4344
23794,4723
23795,2736
23796,8116
23797,5468
23798,5520
23799,9133
23800,6025
23801,4449
23802,0769
23803,5882
23804,1545
23805,6956
23806,5647
23807,7661
23808,6442
23809,5703
23810,4786
23811,6732
23812,8245
23813,6730
23814,1094
23815,2812
23816,7430
23817,6611
23818,5874
23819,2680
23820,5938
23821,8599
23822,0158
23823,0833
23824,5665
23825,3287
23826,2518
23827,1704
23828,6539
23829,5777
23830,5519
23831,6730
23832,4321
23833,8408
23834,5714
23835,7234
23836,9713
23837,6259
23838,5457
23839,5047
23840,5503
23841,5777
23842,7811
23843,6850
23844,4884
23845,6550
23846,3358
23847,8304
23848,2970
23849,5934
23850,5217
23851,8879
23852,5056
23853,9658
23854,9726
23855,4718
23856,7264
23857,6379
23858,9528
23859,4764
23860,4942
23861,5311
23862,2457
23863,3435
23864,6422
23865,9361
23866,4773
23867,6073
23868,8019
23869,1326
23870,0970
23871,9666
23872,4128
23873,2659
23874,1002
23875,8340
23876,4877
23877,9090
23878,0667
23879,8501
23880,9763
23881,1001
23882,8922
23883,4028
23884,3714
23885,8084
23886,1548
23887,0926
23888,1462
23889,4759
23890,2700
23891,5546
23892,8964
23893,3425
23894,7044
23895,0809
23896,3284
23897,7787
23898,5100
23899,0884
23900,0341
23901,8954
23902,5184
23903,9211
23904,8684
23905,1191
23906,5741
23907,1833
23908,3412
23909,0770
23910,5227
23911,2417
23912,4780
23913,9925
23914,5504
23915,3726
23916,0099
23917,3590
23918,1065
23919,5283
23920,9907
23921,5906
23922,8366
23923,9700
23924,2547
23925,8845
23926,1467
23927,0315
23928,0906
23929,3098
23930,8625
23931,5344
23932,8735
23933,1154
23934,9104
23935,0850
23936,1285
23937,2748
23938,1952
23939,4779
23940,5634
23941,8042
23942,8553
23943,5351
23944,9977
23945,7977
23946,8737
23947,6699
23948,5969
23949,9197
23950,4410
23951,5470
23952,9578
23953,1102
23954,0760
23955,4507
23956,6830
23957,6065
23958,0347
23959,4661
23960,6507
23961,0945
23962,0906
23963,0501
23964,2965
23965,3789
23966,5348
23967,1628
23968,3486
23969,7060
23970,0241
23971,8179
23972,6699
23973,0466
23974,5183
23975,2863
23976,2358
23977,5974
23978,5577
23979,7482
23980,1712
23981,7888
23982,5994
23983,7907
23984,1451
23985,0442
23986,8988
23987,5352
23988,0702
23989,8668
23990,0414
23991,3200
23992,4921
23993,0127
23994,1663
23995,7736
23996,1510
23997,4829
23998,6282
23999,0665
24000,5915
24001,2970
24002,0356
24003,7100
24004,2995
24005,4451
24006,9756
24007,9110
24008,1814
24009,5859
24010,0708
24011,1285
24012,8434
24013,7192
24014,7133
24015,1944
24016,0335
24017,9988
24018,4578
24019,5160
24020,2600
24021,0304
24022,5424
24023,7386
24024,6381
24025,7455
24026,5358
24027,6828
24028,0653
24029,9121
24030,4243
24031,1315
24032,3742
24033,1053
24034,8765
24035,1548
24036,3855
24037,5458
24038,0938
24039,2044
24040,9313
24041,8105
24042,7235
24043,0209
24044,4498
24045,1842
24046,5550
24047,2797
24048,9476
24049,0613
24050,4626
24051,6392
24052,3767
24053,1175
24054,9826
24055,5130
24056,9932
24057,2503
24058,2668
24059,6320
24060,4608
24061,9993
24062,7114
24063,0555
24064,7758
24065,3141
24066,7394
24067,1674
24068,1877
24069,1442
24070,0230
24071,9956
24072,0021
24073,8482
24074,6047
24075,5120
24076,4738
24077,2488
24078,9759
24079,6538
24080,8774
24081,1690
24082,2212
24083,7915
24084,2314
24085,2755
24086,9404
24087,7960
24088,4031
24089,7525
24090,0921
24091,6821
24092,8205
24093,2530
24094,3267
24095,4183
24096,7878
24097,0987
24098,1383
24099,0587
24100,4754
24101,9047
24102,9316
24103,8031
24104,7772
24105,3909
24106,9758
24107,4362
24108,8426
24109,5492
24110,5472
24111,6119
24112,2060
24113,0428
24114,8034
24115,0925
24116,1404
24117,4038
24118,1398
24119,5345
24120,6877
24121,0360
24122,1733
24123,2412
24124,5915
24125,1781
24126,0571
24127,2739
24128,0853
24129,8073
24130,9246
24131,0157
24132,5305
24133,0079
24134,5568
24135,1958
24136,7351
24137,2716
24138,8397
24139,1740
24140,0217
24141,8997
24142,9721
24143,6374
24144,9240
24145,8930
24146,5842
24147,7650
24148,5273
24149,6294
24150,5944
24151,8801
24152,8150
24153,9067
24154,6639
24155,6214
24156,1810
24157,1958
24158,1473
24159,9330
24160,9167
24161,6390
24162,7328
24163,1974
24164,2187
24165,8985
24166,6066
24167,3147
24168,0686
24169,7849
24170,4988
24171,9318
24172,6792
24173,3449
24174,4096
24175,8974
24176,5769
24177,1525
24178,9786
24179,7383
24180,7703
24181,7964
24182,2659
24183,4911
24184,4772
24185,3993
24186,6648
24187,7889
24188,5693
24189,7070
24190,5165
24191,2944
24192,8790
24193,4716
24194,8393
24195,9176
24196,7545
24197,6930
24198,9133
24199,5091
24200,2609
24201,3973
24202,1333
24203,2101
24204,6513
24205,5801
24206,8597
24207,3215
24208,0506
24209,4443
24210,2912
24211,3392
24212,0001
24213,7421
24214,9444
24215,0775
24216,4174
24217,1192
24218,5192
24219,7510
24220,4048
24221,2795
24222,5284
24223,9889
24224,5368
24225,5513
24226,2647
24227,4115
24228,7775
24229,2633
24230,1430
24231,1862
24232,2772
24233,0901
24234,2743
24235,6785
24236,0025
24237,5383
24238,7236
24239,9159
24240,8205
24241,4742
24242,8904
24243,1637
24244,8850
24245,6702
24246,3693
24247,4679
24248,3483
24249,9464
24250,8024
24251,0403
24252,5298
24253,7651
24254,0092
24255,5849
24256,7357
24257,2699
24258,6467
24259,6747
24260,1286
24261,0078
24262,9011
24263,4619
24264,9142
24265,7868
24266,0898
24267,9010
24268,0401
24269,1568
24270,2348
24271,9518
24272,8451
24273,8050
24274,9774
24275,3489
24276,0102
24277,3457
24278,9038
24279,6689
24280,1466
24281,4795
24282,4076
24283,8221
24284,0728
24285,1190
24286,8096
24287,8070
24288,3376
24289,2561
24290,3528
24291,9293
24292,4331
24293,8936
24294,0254
24295,6112
24296,9602
24297,3710
24298,0082
24299,3030
24300,8149
24301,9008
24302,0226
24303,3967
24304,0446
24305,5000
24306,5254
24307,5710
24308,7971
24309,3537
24310,8343
24311,6885
24312,2325
24313,4113
24314,5575
24315,8398
24316,1881
24317,2743
24318,9543
24319,3737
24320,2018
24321,8083
24322,0925
24323,6273
24324,5160
24325,0337
24326,5537
24327,7410
24328,5827
24329,0070
24330,0663
24331,4891
24332,2410
24333,3586
24334,4947
24335,5076
24336,7099
24337,5426
24338,9605
24339,3458
24340,4584
24341,6829
24342,8834
24343,4823
24344,0665
24345,4822
24346,9918
24347,2958
24348,6690
24349,2693
24350,7504
24351,3837
24352,0526
24353,1020
24354,8494
24355,0425
24356,3021
24357,3317
24358,1235
24359,8001
24360,4483
24361,9351
24362,1553
24363,3542
24364,5174
24365,1341
24366,7875
24367,8387
24368,9177
24369,7439
24370,8925
24371,6930
24372,4410
24373,4326
24374,2632
24375,4478
24376,3958
24377,3535
24378,1213
24379,1044
24380,2474
24381,4949
24382,3197
24383,7592
24384,2140
24385,8231
24386,7153
24387,8631
24388,5036
24389,5941
24390,1207
24391,7811
24392,3419
24393,1226
24394,0185
24395,6658
24396,5294
24397,2819
24398,7659
24399,3701
24400,6385
24401,9582
24402,1686
24403,7239
24404,1438
24405,7231
24406,3143
24407,3982
24408,1620
24409,0751
24410,8901
24411,8042
24412,9569
24413,3973
24414,6395
24415,6110
24416,5067
24417,0252
24418,1013
24419,5520
24420,6362
24421,0277
24422,6380
24423,7463
24424,0996
24425,2577
24426,8025
24427,8959
24428,1222
24429,6407
24430,2561
24431,4480
24432,7970
24433,8931
24434,4385
24435,4199
24436,6444
24437,5108
24438,4636
24439,5395
24440,5039
24441,1664
24442,6798
24443,7046
24444,5265
24445,7023
24446,4614
24447,8384
24448,4608
24449,0977
24450,7903
24451,7670
24452,1419
24453,1399
24454,0154
24455,0051
24456,0206
24457,0217
24458,9597
24459,2939
24460,8882
24461,7203
24462,5292
24463,7136
24464,5484
24465,0113
24466,0088
24467,3243
24468,5925
24469,9042
24470,9045
24471,8076
24472,3169
24473,9900
24474,6763
24475,8644
24476,4895
24477,6834
24478,5416
24479,6844
24480,0487
24481,6100
24482,8826
24483,1723
24484,0839
24485,2944
24486,3515
24487,0916
24488,7248
24489,8160
24490,9959
24491,6790
24492,3652
24493,7091
24494,0720
24495,7778
24496,0240
24497,6847
24498,8909
24499,8824
24500,9681
24501,5506
24502,6440
24503,4841
24504,4410
24505,4157
24506,8106
24507,1709
24508,8106
24509,2698
24510,0228
24511,3661
24512,3237
24513,9140
24514,8030
24515,0810
24516,0401
24517,2447
24518,1473
24519,7424
24520,9625
24521,1555
24522,7091
24523,1719
24524,7630
24525,5951
24526,8648
24527,8534
24528,9688
24529,3997
24530,5863
24531,8683
24532,3974
24533,8625
24534,7108
24535,3744
24536,1489
24537,5520
24538,5151
24539,0517
24540,7974
24541,4483
24542,3330
24543,5451
24544,4241
24545,8698
24546,0249
24547,9924
24548,4172
24549,5834
24550,1361
24551,1946
24552,6649
24553,5558
24554,2319
24555,2448
24556,5205
24557,8124
24558,7723
24559,6611
24560,7296
24561,3181
24562,6363
24563,9470
24564,4473
24565,0758
24566,8124
24567,2537
24568,2807
24569,1817
24570,2051
24571,0156
24572,0755
24573,2701
24574,5453
24575,5348
24576,6331
24577,6036
24578,6341
24579,6560
24580,6545
24581,9788
24582,8267
24583,9796
24584,5547
24585,8421
24586,7813
24587,7517
24588,2000
24589,6328
24590,9410
24591,8132
24592,8172
24593,0526
24594,3511
24595,8627
24596,3400
24597,4304
24598,9654
24599,6249
24600,1083
24601,7206
24602,0146
24603,1050
24604,9340
24605,5672
24606,0174
24607,9336
24608,3406
24609,0373
24610,9272
24611,0247
24612,7544
24613,8680
24614,8715
24615,3210
24616,3288
24617,5641
24618,0826
24619,0873
24620,2390
24621,2938
24622,1866
24623,6777
24624,3665
24625,2953
24626,2195
24627,0740
24628,2744
24629,8676
24630,7163
24631,5549
24632,1597
24633,5431
24634,3907
24635,4830
24636,8683
24637,5032
24638,8426
24639,1024
24640,4595
24641,3917
24642,0318
24643,8735
24644,8936
24645,7387
24646,1034
24647,1624
24648,7305
24649,7484
24650,3373
24651,5687
24652,3199
24653,8116
24654,3175
24655,5161
24656,6184
24657,3264
24658,1172
24659,7981
24660,7752
24661,5276
24662,2182
24663,5445
24664,4336
24665,0965
24666,5707
24667,6677
24668,6679
24669,5246
24670,4488
24671,6712
24672,1375
24673,4724
24674,4280
24675,2454
24676,0027
24677,7785
24678,7031
24679,4636
24680,9174
24681,1058
24682,7284
24683,4546
24684,0062
24685,3476
24686,1345
24687,0556
24688,9646
24689,6519
24690,4289
24691,2709
24692,6645
24693,7455
24694,9568
24695,4779
24696,6811
24697,7627
24698,9447
24699,2849
24700,0333
24701,1800
24702,2193
24703,7375
24704,8791
24705,3174
24706,2880
24707,9880
24708,8732
24709,9188
24710,4640
24711,2415
24712,2680
24713,0883
24714,0744
24715,1435
24716,5402
24717,6215
24718,2853
24719,2605
24720,8064
24721,5681
24722,4678
24723,9917
24724,9608
24725,3382
24726,5906
24727,1655
24728,5421
24729,2536
24730,3840
24731,7780
24732,8958
24733,2332
24734,9351
24735,1016
24736,1834
24737,4014
24738,1840
24739,5488
24740,4288
24741,7077
24742,6088
24743,3250
24744,2867
24745,3785
24746,1665
24747,1295
24748,3498
24749,0474
24750,6094
24751,4956
24752,5428
24753,9611
24754,5698
24755,7825
24756,6313
24757,6609
24758,3485
24759,3959
24760,9928
24761,0382
24762,7211
24763,0147
24764,7738
24765,4907
24766,7295
24767,6621
24768,2842
24769,5674
24770,5560
24771,3220
24772,5809
24773,4847
24774,5208
24775,6034
24776,4417
24777,2274
24778,4414
24779,3807
24780,6407
24781,8672
24782,1618
24783,1599
24784,2506
24785,2724
24786,4409
24787,0953
24788,4597
24789,2027
24790,5353
24791,2440
24792,5557
24793,4252
24794,5250
24795,4289
24796,6220
24797,6716
24798,9939
24799,6569
24800,0818
24801,4410
24802,1160
24803,3895
24804,2355
24805,2683
24806,8930
24807,5319
24808,0473
24809,2690
24810,7437
24811,8522
24812,8724
24813,3318
24814,3918
24815,3674
24816,3796
24817,9787
24818,6682
24819,8192
24820,7096
24821,0472
24822,7580
24823,8962
24824,4350
24825,0481
24826,9432
24827,3036
24828,6585
24829,5259
24830,5480
24831,9927
24832,4514
24833,6568
24834,1279
24835,1779
24836,6693
24837,4615
24838,7495
24839,9775
24840,2224
24841,0728
24842,8512
24843,9010
24844,6256
24845,5471
24846,5482
24847,5121
24848,1948
24849,7459
24850,4064
24851,6687
24852,7922
24853,9830
24854,9217
24855,1018
24856,2927
24857,3703
24858,3794
24859,6597
24860,5290
24861,4260
24862,6809
24863,0682
24864,9721
24865,9218
24866,3582
24867,4513
24868,9601
24869,4822
24870,2024
24871,7240
24872,3087
24873,4040
24874,4303
24875,2709
24876,7635
24877,1715
24878,2241
24879,6465
24880,2992
24881,4449
24882,9743
24883,1684
24884,9455
24885,3897
24886,8097
24887,8530
24888,4960
24889,2179
24890,2377
24891,8640
24892,5603
24893,9450
24894,7425
24895,7297
24896,0381
24897,2944
24898,0242
24899,0584
24900,5466
24901,7994
24902,5622
24903,5658
24904,8325
24905,9941
24906,4964
24907,9124
24908,7744
24909,8610
24910,7579
24911,6140
24912,0948
24913,5982
24914,0811
24915,6861
24916,8073
24917,7316
24918,8341
24919,1485
24920,1913
24921,0361
24922,2154
24923,8653
24924,5850
24925,8874
24926,6032
24927,8477
24928,1774
24929,5883
24930,9530
24931,0276
24932,4264
24933,2302
24934,7180
24935,8593
24936,8282
24937,3775
24938,9483
24939,4099
24940,6742
24941,4963
24942,6111
24943,4177
24944,7132
24945,9637
24946,0750
24947,9066
24948,7399
24949,8629
24950,9663
24951,1882
24952,0161
24953,6931
24954,0325
24955,6470
24956,9668
24957,0639
24958,0393
24959,3938
24960,4068
24961,6299
24962,5781
24963,7638
24964,9859
24965,9364
24966,9549
24967,3749
24968,0721
24969,3297
24970,7540
24971,5585
24972,6122
24973,9674
24974,1869
24975,9864
24976,2605
24977,0349
24978,9434
24979,0999
24980,4573
24981,1512
24982,6558
24983,3833
24984,6888
24985,2577
24986,1708
24987,2809
24988,9918
24989,9013
24990,9935
24991,6294
24992,5271
24993,6309
24994,1341
24995,1422
24996,0349
24997,5421
24998,9783
24999,7232
25000,1825
25001,4040
25002,7091
25003,2602
25004,1221
25005,3886
25006,0170
25007,2725
25008,4270
25009,6250
25010,9914
25011,1545
25012,3052
25013,5235
25014,1178
25015,4189
25016,7085
25017,8012
25018,5171
25019,7752
25020,7726
25021,6206
25022,6930
25023,9272
25024,2058
25025,9236
25026,9923
25027,5080
25028,4194
25029,3924
25030,4445
25031,8540
25032,2449
25033,1562
25034,6166
25035,7269
25036,2577
25037,2728
25038,0131
25039,5552
25040,4550
25041,1336
25042,9573
25043,3740
25044,3475
25045,3171
25046,9490
25047,9397
25048,6116
25049,3405
25050,3360
25051,3564
25052,5724
25053,8776
25054,1183
25055,6833
25056,7981
25057,8882
25058,1085
25059,7675
25060,8915
25061,0499
25062,5927
25063,9852
25064,2904
25065,1523
25066,4742
25067,3270
25068,8277
25069,7338
25070,5862
25071,1329
25072,4029
25073,5856
25074,4307
25075,9886
25076,7943
25077,2150
25078,3179
25079,8996
25080,1724
25081,5695
25082,1868
25083,9388
25084,0212
25085,3041
25086,8170
25087,5969
25088,7835
25089,6283
25090,0482
25091,8041
25092,3381
25093,3160
25094,2355
25095,3873
25096,2392
25097,9769
25098,8232
25099,7847
25100,7607
25101,8747
25102,3825
25103,4603
25104,7428
25105,6375
25106,3897
25107,6100
25108,3573
25109,7831
25110,9054
25111,9452
25112,5829
25113,4444
25114,4301
25115,9838
25116,6416
25117,4235
25118,3335
25119,6523
25120,1896
25121,3819
25122,7916
25123,3052
25124,0817
25125,7043
25126,5918
25127,8822
25128,7773
25129,7263
25130,3073
25131,8084
25132,1756
25133,6359
25134,6974
25135,5353
25136,1117
25137,2959
25138,0307
25139,3405
25140,7313
25141,2114
25142,7759
25143,3674
25144,6646
25145,8869
25146,3394
25147,0921
25148,6977
25149,6086
25150,1547
25151,9565
25152,7791
25153,3021
25154,1548
25155,7679
25156,9238
25157,9003
25158,6847
25159,3181
25160,5611
25161,5740
25162,6308
25163,2419
25164,7321
25165,5217
25166,5634
25167,9218
25168,4872
25169,4497
25170,5588
25171,7431
25172,8114
25173,2669
25174,0713
25175,5478
25176,7940
25177,3692
25178,3025
25179,0541
25180,1964
25181,3309
25182,1590
25183,6327
25184,5199
25185,4375
25186,2067
25187,2677
25188,9525
25189,6007
25190,8960
25191,4953
25192,7751
25193,6938
25194,5976
25195,1174
25196,8776
25197,3918
25198,3200
25199,0584
25200,2828
25201,4255
25202,3892
25203,4721
25204,7061
25205,2020
25206,1748
25207,1956
25208,6760
25209,9939
25210,9477
25211,4714
25212,8962
25213,5836
25214,3183
25215,1648
25216,2045
25217,4169
25218,3417
25219,5905
25220,1628
25221,1673
25222,5112
25223,7980
25224,4239
25225,7890
25226,4356
25227,5993
25228,0322
25229,7284
25230,9011
25231,0032
25232,0543
25233,5584
25234,4935
25235,4039
25236,9116
25237,9177
25238,1837
25239,3938
25240,6512
25241,0345
25242,5917
25243,5761
25244,0108
25245,5797
25246,8890
25247,3627
25248,9905
25249,3777
25250,5176
25251,0539
25252,6887
25253,2039
25254,5586
25255,2870
25256,0375
25257,0428
25258,2932
25259,8841
25260,7693
25261,2994
25262,9708
25263,3611
25264,6469
25265,9860
25266,8212
25267,5606
25268,5648
25269,2851
25270,9190
25271,2003
25272,6497
25273,5519
25274,0150
25275,9580
25276,8321
25277,4454
25278,0173
25279,7879
25280,7624
25281,6542
25282,0214
25283,4486
25284,3922
25285,2786
25286,5366
25287,6932
25288,6712
25289,4787
25290,0331
25291,6813
25292,2064
25293,4170
25294,1635
25295,4792
25296,6175
25297,8144
25298,8709
25299,1015
25300,7769
25301,8886
25302,0728
25303,4280
25304,5722
25305,8817
25306,5858
25307,8482
25308,3808
25309,3342
25310,8467
25311,4271
25312,3919
25313,8943
25314,6991
25315,1070
25316,5038
25317,5327
25318,8410
25319,5560
25320,1793
25321,2968
25322,3884
25323,1870
25324,1878
25325,6197
25326,2072
25327,6729
25328,2608
25329,0250
25330,1150
25331,2309
25332,5524
25333,2455
25334,7417
25335,9872
25336,8300
25337,2519
25338,1333
25339,3950
25340,6372
25341,5526
25342,6023
25343,3849
25344,4385
25345,4613
25346,3689
25347,3193
25348,9775
25349,6004
25350,1695
25351,4328
25352,0719
25353,0168
25354,4088
25355,0543
25356,3221
25357,0242
25358,7507
25359,4242
25360,2828
25361,2346
25362,1325
25363,7851
25364,0925
25365,0536
25366,7293
25367,5799
25368,3419
25369,0068
25370,5616
25371,5217
25372,9965
25373,9628
25374,2810
25375,2434
25376,1351
25377,4451
25378,2984
25379,3878
25380,1900
25381,6688
25382,0578
25383,6995
25384,0077
25385,9789
25386,0624
25387,7910
25388,0120
25389,5973
25390,8798
25391,9120
25392,9218
25393,2502
25394,7079
25395,0218
25396,3814
25397,4108
25398,3997
25399,8375
25400,0483
25401,0000
25402,5023
25403,4525
25404,4439
25405,4240
25406,9260
25407,9669
25408,6147
25409,7960
25410,2136
25411,0671
25412,4181
25413,8241
25414,1815
25415,3134
25416,5047
25417,2240
25418,9311
25419,2723
25420,9499
25421,3819
25422,0766
25423,3402
25424,3967
25425,6982
25426,9514
25427,8390
25428,9009
25429,5365
25430,8390
25431,4502
25432,2378
25433,3937
25434,0702
25435,2808
25436,9367
25437,4678
25438,3772
25439,8012
25440,6285
25441,6923
25442,2582
25443,7633
25444,9013
25445,7132
25446,9715
25447,8619
25448,3053
25449,6215
25450,4508
25451,2709
25452,6431
25453,5189
25454,4218
25455,1763
25456,9894
25457,9775
25458,7843
25459,1707
25460,8066
25461,1700
25462,7014
25463,5091
25464,0114
25465,1768
25466,2407
25467,7989
25468,7705
25469,6299
25470,4361
25471,3185
25472,5594
25473,2822
25474,3864
25475,4994
25476,2406
25477,6245
25478,9674
25479,6363
25480,1127
25481,4863
25482,2997
25483,2801
25484,0947
25485,8611
25486,2510
25487,5495
25488,7271
25489,6617
25490,3251
25491,3916
25492,0082
25493,6880
25494,3152
25495,1755
25496,5945
25497,4447
25498,2251
25499,4760
25500,8304
25501,9257
25502,2957
25503,8930
25504,3379
25505,9283
25506,0851
25507,6251
25508,7781
25509,9832
25510,7673
25511,8057
25512,8140
25513,0817
25514,4337
25515,3575
25516,1789
25517,1461
25518,2656
25519,7709
25520,2048
25521,5362
25522,3747
25523,2767
25524,8549
25525,4619
25526,5889
25527,8242
25528,3047
25529,5867
25530,6340
25531,1525
25532,3346
25533,8092
25534,2364
25535,3702
25536,4755
25537,5797
25538,5143
25539,6239
25540,6268
25541,2971
25542,7263
25543,1103
25544,2393
25545,0135
25546,5262
25547,5391
25548,1241
25549,3032
25550,2865
25551,8284
25552,1643
25553,3617
25554,4924
25555,4368
25556,0451
25557,2025
25558,8789
25559,9507
25560,7365
25561,3606
25562,7842
25563,4818
25564,9109
25565,3989
25566,3555
25567,1551
25568,2657
25569,1869
25570,2338
25571,8673
25572,3730
25573,3342
25574,4852
25575,1000
25576,0844
25577,8310
25578,7298
25579,4363
25580,1770
25581,2309
25582,4471
25583,1335
25584,6594
25585,2318
25586,0924
25587,0489
25588,5591
25589,9184
25590,9546
25591,2032
25592,2321
25593,0855
25594,1379
25595,9736
25596,5840
25597,6109
25598,7680
25599,9806
25600,7295
25601,8444
25602,5866
25603,8209
25604,9168
25605,0112
25606,7888
25607,0640
25608,8155
25609,0717
25610,0589
25611,7441
25612,6802
25613,0699
25614,6759
25615,8123
25616,0719
25617,8029
25618,3117
25619,2682
25620,1654
25621,6544
25622,3737
25623,7762
25624,7343
25625,0308
25626,5943
25627,3384
25628,1434
25629,0179
25630,7390
25631,6487
25632,0526
25633,2537
25634,0443
25635,5261
25636,7445
25637,7698
25638,8229
25639,3870
25640,3890
25641,6577
25642,1163
25643,5767
25644,1536
25645,1071
25646,3629
25647,2901
25648,0973
25649,2815
25650,3805
25651,6792
25652,6181
25653,0322
25654,0321
25655,0421
25656,1620
25657,5007
25658,5574
25659,0336
25660,5570
25661,4509
25662,1135
25663,2411
25664,3391
25665,3592
25666,3781
25667,4278
25668,2286
25669,4109
25670,1417
25671,1080
25672,4343
25673,9192
25674,5557
25675,8216
25676,6396
25677,2068
25678,0935
25679,4938
25680,5744
25681,5159
25682,2560
25683,9272
25684,1891
25685,2401
25686,0263
25687,9403
25688,9766
25689,8690
25690,3980
25691,0109
25692,5260
25693,4892
25694,6051
25695,3384
25696,7077
25697,5949
25698,6348
25699,8441
25700,2721
25701,7723
25702,2914
25703,8546
25704,6321
25705,9539
25706,4478
25707,0336
25708,3774
25709,1044
25710,2782
25711,5964
25712,4619
25713,4914
25714,5460
25715,2525
25716,3349
25717,6906
25718,5035
25719,9559
25720,6193
25721,2565
25722,3949
25723,9098
25724,3252
25725,9166
25726,8866
25727,7154
25728,4765
25729,4128
25730,9975
25731,5692
25732,6157
25733,9628
25734,1630
25735,7930
25736,8115
25737,4670
25738,6824
25739,8810
25740,7043
25741,8173
25742,5096
25743,4625
25744,3431
25745,7811
25746,1269
25747,1451
25748,7250
25749,9875
25750,4468
25751,0924
25752,8565
25753,7728
25754,7942
25755,5947
25756,3290
25757,2781
25758,8362
25759,9319
25760,3502
25761,1139
25762,1633
25763,1757
25764,7238
25765,5156
25766,4957
25767,9362
25768,6824
25769,8185
25770,8865
25771,0970
25772,0904
25773,3130
25774,8471
25775,3208
25776,8298
25777,4898
25778,7241
25779,2639
25780,6098
25781,1940
25782,1527
25783,1570
25784,1721
25785,1015
25786,8745
25787,3215
25788,6573
25789,8340
25790,5974
25791,5437
25792,0529
25793,4928
25794,2795
25795,5682
25796,5224
25797,6004
25798,0264
25799,7061
25800,3484
25801,2006
25802,4850
25803,5126
25804,9779
25805,6180
25806,7667
25807,8773
25808,9768
25809,0133
25810,0313
25811,1637
25812,7983
25813,9539
25814,0281
25815,8144
25816,7895
25817,0733
25818,0796
25819,8721
25820,4487
25821,7544
25822,7330
25823,7120
25824,2246
25825,2936
25826,6216
25827,4768
25828,3319
25829,3967
25830,7387
25831,2963
25832,1211
25833,8579
25834,8041
25835,4656
25836,9741
25837,7314
25838,2731
25839,3459
25840,6616
25841,8065
25842,6849
25843,4266
25844,7107
25845,0333
25846,3093
25847,9474
25848,8215
25849,6438
25850,0351
25851,7057
25852,1028
25853,6900
25854,4138
25855,5678
25856,7186
25857,1152
25858,8972
25859,6004
25860,9713
25861,5095
25862,8963
25863,2411
25864,3705
25865,9421
25866,6214
25867,5276
25868,8472
25869,0931
25870,2292
25871,3530
25872,9645
25873,3941
25874,8562
25875,8680
25876,1493
25877,2654
25878,1743
25879,3896
25880,1141
25881,4491
25882,0020
25883,9047
25884,2804
25885,6851
25886,5154
25887,2302
25888,0830
25889,7725
25890,5959
25891,0544
25892,7286
25893,2130
25894,9646
25895,8708
25896,6119
25897,3099
25898,9026
25899,3906
25900,7811
25901,2064
25902,2586
25903,5321
25904,6101
25905,3182
25906,8178
25907,4328
25908,1030
25909,0894
25910,0474
25911,6303
25912,4979
25913,4736
25914,5565
25915,8519
25916,6961
25917,0104
25918,1247
25919,5723
25920,8712
25921,7470
25922,5788
25923,6820
25924,4765
25925,7202
25926,9585
25927,3700
25928,7864
25929,3477
25930,0497
25931,1205
25932,2604
25933,5194
25934,9282
25935,7604
25936,9759
25937,2925
25938,3856
25939,1928
25940,6564
25941,7721
25942,4786
25943,3637
25944,0984
25945,3859
25946,3465
25947,1149
25948,0422
25949,7268
25950,3227
25951,3958
25952,1389
25953,9887
25954,4275
25955,1497
25956,5795
25957,5919
25958,4740
25959,2709
25960,0626
25961,2747
25962,7968
25963,1199
25964,1348
25965,2737
25966,1981
25967,6944
25968,9077
25969,5825
25970,6739
25971,6581
25972,1153
25973,4240
25974,4157
25975,0946
25976,6458
25977,6201
25978,0303
25979,8956
25980,9818
25981,7804
25982,1074
25983,6711
25984,0118
25985,0196
25986,4709
25987,6269
25988,2137
25989,5929
25990,1022
25991,2077
25992,2161
25993,2150
25994,8014
25995,9818
25996,5353
25997,1900
25998,4277
25999,2161
26000,7069
26001,2793
26002,0484
26003,2599
26004,2929
26005,0773
26006,1382
26007,9243
26008,8752
26009,6404
26010,8604
26011,4275
26012,9699
26013,8766
26014,2132
26015,4376
26016,4954
26017,4094
26018,3850
26019,9320
26020,2983
26021,5270
26022,5541
26023,3296
26024,7068
26025,4863
26026,7178
26027,7254
26028,6410
26029,9927
26030,8444
26031,4077
26032,7506
26033,0667
26034,4382
26035,6182
26036,4666
26037,0816
26038,6590
26039,4481
26040,6416
26041,8834
26042,8418
26043,0557
26044,5414
26045,3760
26046,5751
26047,1407
26048,7491
26049,5606
26050,8188
26051,1281
26052,9190
26053,0223
26054,1795
26055,6233
26056,6397
26057,6743
26058,9942
26059,7520
26060,6389
26061,3786
26062,4465
26063,8677
26064,7979
26065,8048
26066,9126
26067,7563
26068,6033
26069,6502
26070,3719
26071,3019
26072,6376
26073,2215
26074,1354
26075,8971
26076,5223
26077,8013
26078,9547
26079,5063
26080,8322
26081,7024
26082,5512
26083,7302
26084,6590
26085,0273
26086,8117
26087,0236
26088,7636
26089,0486
26090,6901
26091,8338
26092,8549
26093,3992
26094,3816
26095,3447
26096,4510
26097,7869
26098,6386
26099,4573
26100,5720
26101,1000
26102,4909
26103,9667
26104,0983
26105,3054
26106,9555
26107,7742
26108,0149
26109,9749
26110,3212
26111,4001
26112,5760
26113,4540
26114,4571
26115,7959
26116,1806
26117,4902
26118,1832
26119,5006
26120,8423
26121,6776
26122,1898
26123,1733
26124,4637
26125,3268
26126,5320
26127,6642
26128,9748
26129,3148
26130,6725
26131,8900
26132,6563
26133,4902
26134,4255
26135,6628
26136,4707
26137,7620
26138,2424
26139,6174
26140,8863
26141,8631
26142,4683
26143,5650
26144,8603
26145,4620
26146,9422
26147,7860
26148,8038
26149,3349
26150,2645
26151,0967
26152,2683
26153,3275
26154,0700
26155,6878
26156,5993
26157,0202
26158,0223
26159,7111
26160,3288
26161,1669
26162,1551
26163,5137
26164,5375
26165,7608
26166,6717
26167,5518
26168,5157
26169,6730
26170,6184
26171,1558
26172,6924
26173,7332
26174,1017
26175,5600
26176,7140
26177,0043
26178,9438
26179,1996
26180,0373
26181,0403
26182,2131
26183,4756
26184,5684
26185,8445
26186,5184
26187,0968
26188,1058
26189,8535
26190,2545
26191,7014
26192,0930
26193,7386
26194,0839
26195,4248
26196,7095
26197,0234
26198,3244
26199,2081
26200,9829
26201,6688
26202,0581
26203,9743
26204,7656
26205,0578
26206,8727
26207,1658
26208,2176
26209,3378
26210,1767
26211,1252
26212,0135
26213,0999
26214,9251
26215,1639
26216,6201
26217,7075
26218,5119
26219,8972
26220,1197
26221,4898
26222,3032
26223,5785
26224,6389
26225,1843
26226,0367
26227,7181
26228,8645
26229,1620
26230,9339
26231,1551
26232,5514
26233,9079
26234,3425
26235,1279
26236,5717
26237,3877
26238,2861
26239,9258
26240,6688
26241,7153
26242,9892
26243,9596
26244,7253
26245,2031
26246,9629
26247,0614
26248,1708
26249,8556
26250,0996
26251,5143
26252,4900
26253,1933
26254,6692
26255,6919
26256,3812
26257,2044
26258,9089
26259,6907
26260,5444
26261,4922
26262,5197
26263,4722
26264,6848
26265,3940
26266,0930
26267,6812
26268,3382
26269,6815
26270,2390
26271,7325
26272,2213
26273,5550
26274,3692
26275,3170
26276,3760
26277,0055
26278,0737
26279,9213
26280,4019
26281,2845
26282,4558
26283,4045
26284,0755
26285,7839
26286,7771
26287,6924
26288,9409
26289,4844
26290,4553
26291,9606
26292,4338
26293,4786
26294,2057
26295,2517
26296,3259
26297,6358
26298,2779
26299,2899
26300,2353
26301,0731
26302,3402
26303,8554
26304,5405
26305,0693
26306,7022
26307,7337
26308,1583
26309,9955
26310,6119
26311,4260
26312,1407
26313,4957
26314,9712
26315,1453
26316,6307
26317,9798
26318,3870
26319,2290
26320,7429
26321,3042
26322,7560
26323,6953
26324,9341
26325,5017
26326,7977
26327,6549
26328,8511
26329,3534
26330,9036
26331,5307
26332,6575
26333,5438
26334,8341
26335,9771
26336,4804
26337,9184
26338,7244
26339,8891
26340,9235
26341,9808
26342,2510
26343,2822
26344,1356
26345,2967
26346,6027
26347,6868
26348,5975
26349,6772
26350,0823
26351,3666
26352,2236
26353,4658
26354,6602
26355,7594
26356,0760
26357,2490
26358,6102
26359,4753
26360,6376
26361,1292
26362,3038
26363,9760
26364,2717
26365,4630
26366,3297
26367,5851
26368,5878
26369,7402
26370,8121
26371,0322
26372,8277
26373,6251
26374,4419
26375,0841
26376,2480
26377,3262
26378,1105
26379,0259
26380,0007
26381,6051
26382,7742
26383,2276
26384,9316
26385,7418
26386,2627
26387,7072
26388,2185
26389,4016
26390,2785
26391,5140
26392,1357
26393,5625
26394,0029
26395,8656
26396,9709
26397,4528
26398,6422
26399,2236
26400,0294
26401,1484
26402,4879
26403,1518
26404,3616
26405,1137
26406,0774
26407,2383
26408,9820
26409,0626
26410,4256
26411,0404
26412,7111
26413,1341
26414,0133
26415,7680
26416,7629
26417,5487
26418,6614
26419,2976
26420,7211
26421,9941
26422,5181
26423,6701
26424,7883
26425,1626
26426,0777
26427,5178
26428,4998
26429,3713
26430,8031
26431,2682
26432,9855
26433,9797
26434,8271
26435,0639
26436,6319
26437,1506
26438,6249
26439,9315
26440,3755
26441,7530
26442,1282
26443,0307
26444,4874
26445,8264
26446,2185
26447,1104
26448,8098
26449,4287
26450,1802
26451,1936
26452,9626
26453,5030
26454,4286
26455,3116
26456,8088
26457,6326
26458,7807
26459,2218
26460,3277
26461,2338
26462,6575
26463,5798
26464,8622
26465,0218
26466,7758
26467,4901
26468,7836
26469,7593
26470,1953
26471,6969
26472,3713
26473,9657
26474,7657
26475,1845
26476,4587
26477,3027
26478,4845
26479,1508
26480,2907
26481,7618
26482,0722
26483,7425
26484,7731
26485,6168
26486,9801
26487,6975
26488,5065
26489,5404
26490,5517
26491,3743
26492,6508
26493,6519
26494,0809
26495,9582
26496,9473
26497,6546
26498,7111
26499,1426
26500,4257
26501,1528
26502,5569
26503,5086
26504,8268
26505,2647
26506,7911
26507,0597
26508,0645
26509,0252
26510,5197
26511,4873
26512,2006
26513,5688
26514,9500
26515,3643
26516,9861
26517,7304
26518,7874
26519,4029
26520,8769
26521,1585
26522,3121
26523,6553
26524,1484
26525,9481
26526,3153
26527,1097
26528,2323
26529,8069
26530,4940
26531,5469
26532,0913
26533,7395
26534,8345
26535,7635
26536,4100
26537,6476
26538,4898
26539,9134
26540,0453
26541,8251
26542,8740
26543,7341
26544,3203
26545,5965
26546,0188
26547,8366
26548,4265
26549,9539
26550,9629
26551,9996
26552,1999
26553,1210
26554,0733
26555,2395
26556,8534
26557,0479
26558,2001
26559,5140
26560,4269
26561,4588
26562,3545
26563,5916
26564,2555
26565,0709
26566,8988
26567,3913
26568,9387
26569,7151
26570,9747
26571,9229
26572,0932
26573,6776
26574,6364
26575,3262
26576,0492
26577,1783
26578,8238
26579,4477
26580,1572
26581,8241
26582,1898
26583,6310
26584,3455
26585,5981
26586,7586
26587,2608
26588,0926
26589,6649
26590,1852
26591,2119
26592,7906
26593,4244
26594,2918
26595,7712
26596,6862
26597,8362
26598,9339
26599,4840
26600,3973
26601,3373
26602,0479
26603,9250
26604,8754
26605,9399
26606,2576
26607,7792
26608,7297
26609,5785
26610,8005
26611,3461
26612,8856
26613,0517
26614,6830
26615,4066
26616,4178
26617,8766
26618,2083
26619,5068
26620,1472
26621,5793
26622,8782
26623,1046
26624,9044
26625,0105
26626,6212
26627,4706
26628,3020
26629,5456
26630,3195
26631,9494
26632,6443
26633,6793
26634,2323
26635,3310
26636,1960
26637,2105
26638,8354
26639,3254
26640,7301
26641,2493
26642,2183
26643,1131
26644,1280
26645,6574
26646,6407
26647,1061
26648,7336
26649,5457
26650,3213
26651,6582
26652,9222
26653,7327
26654,5079
26655,0790
26656,4046
26657,0556
26658,9586
26659,4597
26660,2565
26661,7872
26662,8943
26663,3684
26664,9613
26665,7472
26666,7069
26667,0209
26668,9734
26669,2678
26670,1181
26671,0849
26672,5447
26673,8793
26674,9776
26675,0804
26676,8763
26677,6380
26678,9154
26679,3553
26680,4690
26681,0437
26682,5764
26683,3456
26684,4811
26685,2940
26686,5849
26687,3484
26688,7216
26689,2649
26690,3905
26691,9489
26692,9443
26693,6134
26694,2630
26695,9268
26696,1257
26697,4182
26698,6134
26699,8876
26700,2579
26701,2603
26702,5594
26703,5562
26704,6908
26705,9346
26706,5144
26707,7906
26708,3698
26709,5900
26710,7759
26711,7098
26712,4839
26713,3591
26714,9018
26715,9061
26716,8312
26717,2130
26718,5486
26719,9036
26720,6044
26721,0157
26722,8952
26723,6956
26724,6954
26725,1866
26726,9276
26727,5928
26728,2048
26729,8841
26730,9561
26731,1301
26732,7945
26733,1070
26734,6378
26735,9348
26736,4450
26737,8174
26738,3681
26739,8331
26740,1018
26741,9306
26742,8339
26743,7122
26744,1326
26745,6461
26746,6945
26747,9466
26748,2074
26749,9315
26750,5374
26751,4910
26752,5015
26753,3181
26754,4682
26755,4363
26756,7846
26757,8749
26758,4729
26759,2571
26760,1367
26761,8215
26762,8968
26763,8105
26764,6726
26765,9060
26766,0791
26767,6068
26768,1383
26769,1402
26770,7112
26771,6110
26772,3918
26773,6594
26774,3602
26775,3694
26776,9119
26777,5161
26778,9886
26779,8364
26780,8433
26781,8610
26782,6728
26783,8707
26784,7569
26785,9848
26786,9226
26787,5612
26788,9447
26789,3611
26790,3856
26791,6186
26792,0969
26793,7250
26794,3033
26795,4728
26796,4581
26797,8950
26798,7741
26799,9757
26800,0990
26801,1934
26802,2386
26803,6016
26804,9723
26805,1588
26806,8915
26807,8842
26808,9603
26809,7782
26810,7484
26811,0132
26812,3889
26813,3073
26814,5882
26815,9345
26816,1472
26817,7749
26818,4007
26819,7336
26820,5649
26821,4260
26822,1109
26823,7283
26824,1562
26825,6708
26826,9574
26827,6303
26828,3449
26829,4101
26830,7826
26831,4753
26832,0349
26833,4172
26834,3592
26835,6368
26836,2804
26837,8028
26838,8842
26839,7344
26840,9310
26841,5669
26842,6687
26843,7638
26844,8195
26845,3042
26846,8960
26847,5054
26848,1060
26849,6241
26850,7844
26851,3301
26852,6003
26853,1290
26854,0852
26855,5777
26856,7740
26857,2987
26858,1343
26859,3536
26860,9629
26861,5015
26862,1018
26863,7616
26864,9641
26865,2680
26866,6214
26867,4846
26868,9570
26869,4107
26870,3773
26871,9324
26872,2582
26873,4987
26874,2337
26875,7294
26876,7113
26877,1806
26878,9234
26879,8577
26880,1556
26881,3341
26882,5564
26883,4097
26884,0698
26885,9470
26886,5514
26887,4890
26888,6868
26889,4578
26890,0506
26891,2187
26892,1426
26893,2477
26894,1824
26895,7478
26896,2877
26897,8877
26898,9396
26899,2944
26900,4876
26901,0123
26902,4816
26903,4671
26904,3664
26905,4526
26906,7623
26907,1298
26908,7417
26909,7060
26910,3935
26911,4456
26912,9868
26913,5743
26914,5805
26915,7471
26916,4368
26917,5335
26918,3302
26919,7708
26920,1425
26921,6598
26922,8994
26923,7900
26924,9514
26925,1469
26926,3034
26927,0132
26928,1933
26929,4893
26930,6065
26931,9471
26932,9905
26933,9944
26934,8780
26935,2801
26936,7497
26937,8524
26938,5947
26939,3830
26940,6967
26941,1563
26942,1140
26943,7203
26944,6628
26945,6543
26946,0165
26947,6945
26948,7910
26949,8978
26950,4128
26951,4238
26952,3627
26953,4324
26954,5753
26955,2367
26956,9856
26957,6066
26958,8304
26959,9385
26960,0810
26961,2326
26962,5990
26963,5491
26964,2046
26965,2800
26966,2096
26967,3601
26968,3028
26969,6106
26970,8557
26971,9358
26972,8583
26973,7171
26974,5368
26975,4336
26976,8034
26977,8340
26978,6924
26979,0582
26980,8199
26981,1045
26982,8501
26983,4215
26984,5743
26985,1781
26986,5273
26987,3966
26988,7849
26989,0873
26990,4060
26991,2613
26992,7828
26993,8850
26994,0217
26995,4366
26996,0403
26997,8499
26998,9826
26999,1443
27000,7749
27001,1880
27002,6633
27003,3684
27004,1847
27005,9118
27006,7689
27007,0906
27008,9338
27009,3135
27010,4658
27011,8997
27012,5423
27013,0450
27014,0991
27015,5917
27016,6789
27017,6127
27018,9940
27019,6484
27020,1358
27021,5384
27022,2666
27023,4649
27024,9888
27025,2592
27026,6768
27027,3253
27028,1799
27029,5776
27030,9154
27031,0861
27032,9158
27033,9742
27034,2142
27035,4581
27036,8289
27037,9036
27038,0149
27039,7910
27040,4462
27041,8430
27042,3398
27043,1412
27044,0557
27045,7728
27046,1923
27047,9986
27048,7556
27049,4186
27050,5128
27051,6813
27052,2115
27053,7517
27054,8461
27055,3657
27056,1943
27057,4672
27058,5265
27059,5535
27060,6426
27061,4952
27062,6714
27063,9005
27064,4997
27065,8897
27066,9638
27067,6118
27068,6012
27069,8937
27070,8650
27071,9975
27072,9447
27073,5203
27074,7695
27075,7582
27076,6555
27077,8061
27078,8268
27079,3228
27080,7163
27081,0593
27082,0181
27083,7070
27084,6524
27085,3209
27086,8196
27087,9121
27088,1467
27089,5528
27090,8357
27091,3340
27092,4264
27093,7493
27094,7065
27095,9014
27096,6267
27097,0919
27098,1853
27099,0598
27100,9194
27101,3359
27102,5297
27103,3829
27104,9127
27105,8744
27106,8114
27107,7621
27108,2513
27109,0376
27110,4159
27111,4421
27112,7171
27113,8134
27114,0791
27115,8926
27116,5147
27117,5785
27118,0335
27119,9554
27120,3218
27121,3681
27122,3068
27123,9057
27124,9545
27125,0036
27126,8668
27127,2125
27128,6003
27129,8498
27130,6004
27131,1632
27132,9774
27133,8072
27134,5425
27135,0623
27136,3834
27137,5230
27138,7089
27139,2598
27140,8573
27141,1800
27142,3348
27143,5873
27144,3384
27145,4717
27146,1033
27147,5207
27148,9362
27149,5532
27150,4877
27151,2338
27152,1580
27153,3057
27154,2640
27155,9427
27156,2478
27157,6305
27158,0010
27159,5325
27160,5153
27161,2758
27162,8339
27163,4711
27164,8658
27165,1951
27166,3485
27167,7448
27168,9908
27169,4398
27170,7080
27171,3391
27172,5733
27173,9417
27174,2366
27175,0147
27176,6144
27177,2178
27178,5758
27179,0330
27180,6004
27181,8366
27182,4003
27183,9922
27184,4805
27185,6886
27186,4391
27187,6345
27188,5918
27189,3966
27190,7629
27191,9235
27192,5890
27193,4769
27194,7262
27195,5238
27196,4287
27197,2537
27198,4886
27199,5310
27200,4184
27201,8417
27202,5614
27203,8325
27204,0806
27205,8146
27206,9993
27207,5066
27208,6626
27209,2047
27210,8158
27211,6909
27212,7419
27213,3149
27214,7788
27215,5592
27216,8566
27217,1908
27218,2381
27219,5913
27220,8491
27221,2674
27222,4783
27223,7392
27224,9727
27225,2296
27226,3890
27227,3727
27228,3381
27229,6928
27230,1341
27231,8024
27232,2497
27233,8434
27234,0727
27235,6700
27236,4609
27237,0911
27238,1559
27239,2208
27240,8033
27241,9913
27242,5920
27243,7070
27244,7372
27245,8152
27246,7336
27247,0933
27248,8810
27249,1361
27250,1045
27251,7957
27252,8405
27253,0043
27254,9878
27255,1209
27256,1405
27257,8867
27258,9110
27259,9183
27260,7796
27261,8613
27262,7230
27263,0268
27264,8223
27265,8093
27266,1951
27267,7696
27268,1105
27269,9725
27270,3497
27271,3154
27272,6257
27273,3279
27274,9586
27275,2861
27276,7608
27277,2159
27278,9677
27279,8392
27280,8451
27281,6115
27282,3242
27283,8056
27284,7749
27285,2565
27286,1621
27287,0310
27288,7792
27289,1489
27290,6791
27291,7907
27292,6713
27293,2781
27294,2169
27295,8513
27296,9604
27297,3206
27298,1314
27299,3534
27300,5606
27301,2934
27302,7987
27303,7184
27304,0478
27305,9021
27306,1014
27307,2553
27308,6881
27309,0083
27310,5205
27311,2637
27312,5953
27313,5915
27314,4006
27315,3517
27316,0655
27317,9888
27318,8988
27319,9701
27320,0166
27321,6059
27322,1102
27323,7625
27324,2742
27325,3493
27326,7975
27327,8538
27328,6555
27329,2729
27330,7006
27331,4827
27332,3062
27333,9013
27334,2259
27335,3582
27336,2102
27337,4501
27338,0474
27339,0229
27340,1111
27341,3566
27342,6550
27343,7403
27344,3347
27345,0140
27346,8893
27347,3248
27348,9184
27349,2246
27350,4305
27351,4343
27352,6400
27353,4244
27354,2437
27355,3048
27356,5042
27357,2154
27358,8275
27359,2121
27360,3523
27361,0314
27362,0284
27363,4780
27364,9065
27365,7002
27366,4914
27367,1902
27368,0279
27369,9728
27370,5215
27371,2904
27372,6175
27373,8581
27374,5679
27375,6444
27376,1677
27377,5833
27378,7559
27379,4446
27380,6965
27381,6385
27382,8711
27383,0413
27384,1955
27385,2338
27386,2332
27387,3922
27388,7287
27389,5158
27390,5177
27391,8454
27392,7638
27393,6036
27394,1203
27395,2329
27396,0324
27397,4852
27398,5848
27399,5653
27400,0869
27401,6351
27402,9042
27403,4211
27404,4977
27405,1014
27406,0243
27407,4986
27408,0734
27409,6845
27410,3483
27411,8402
27412,8735
27413,7209
27414,2684
27415,1024
27416,8235
27417,1798
27418,7780
27419,6468
27420,2583
27421,6597
27422,1093
27423,1701
27424,4528
27425,4096
27426,4178
27427,3710
27428,9191
27429,8719
27430,4051
27431,0271
27432,8006
27433,9776
27434,5771
27435,2147
27436,0769
27437,6027
27438,8655
27439,1158
27440,1907
27441,4256
27442,2025
27443,8516
27444,5639
27445,1006
27446,4687
27447,9730
27448,2488
27449,5192
27450,9228
27451,7398
27452,5298
27453,6896
27454,2770
27455,4867
27456,1329
27457,5650
27458,5736
27459,5222
27460,9585
27461,6252
27462,1291
27463,6422
27464,1718
27465,5898
27466,5905
27467,8620
27468,3171
27469,6262
27470,9899
27471,9576
27472,9454
27473,4770
27474,9914
27475,0698
27476,1877
27477,5438
27478,9991
27479,4962
27480,4757
27481,8214
27482,1204
27483,4316
27484,2605
27485,7832
27486,4096
27487,8603
27488,8412
27489,7208
27490,5515
27491,3038
27492,6509
27493,3236
27494,4767
27495,5057
27496,0757
27497,6517
27498,1876
27499,1931
27500,9265
27501,1425
27502,7724
27503,7122
27504,6480
27505,3001
27506,3224
27507,1426
27508,8623
27509,0377
27510,9879
27511,1590
27512,1008
27513,1430
27514,1272
27515,1798
27516,3876
27517,1367
27518,6865
27519,1587
27520,9048
27521,0692
27522,3669
27523,1840
27524,8203
27525,2079
27526,0347
27527,1268
27528,7888
27529,8846
27530,1107
27531,9614
27532,0231
27533,2694
27534,2565
27535,7456
27536,8593
27537,0154
27538,0547
27539,4541
27540,6341
27541,7836
27542,9898
27543,7157
27544,4217
27545,9069
27546,0730
27547,6948
27548,8749
27549,4842
27550,0824
27551,1906
27552,8934
27553,7701
27554,0519
27555,4197
27556,2118
27557,7614
27558,7211
27559,9547
27560,1754
27561,7717
27562,2341
27563,5696
27564,0571
27565,4756
27566,6069
27567,7431
27568,0066
27569,2209
27570,5107
27571,6873
27572,3419
27573,7265
27574,4756
27575,0513
27576,3424
27577,5236
27578,0527
27579,0063
27580,9732
27581,5391
27582,1472
27583,7411
27584,7549
27585,8534
27586,8099
27587,2490
27588,6172
27589,2707
27590,3086
27591,6599
27592,0995
27593,2163
27594,9915
27595,8416
27596,9000
27597,6565
27598,8434
27599,3773
27600,5580
27601,5798
27602,9814
27603,4798
27604,2632
27605,7639
27606,6028
27607,3887
27608,5258
27609,5342
27610,1379
27611,2584
27612,7080
27613,6154
27614,4613
27615,2568
27616,6896
27617,6453
27618,2644
27619,8041
27620,5199
27621,9807
27622,7381
27623,9822
27624,4901
27625,8100
27626,0239
27627,3044
27628,1218
27629,7507
27630,9454
27631,0704
27632,4084
27633,4833
27634,8756
27635,1677
27636,4903
27637,3339
27638,1262
27639,4263
27640,5699
27641,9911
27642,8882
27643,5240
27644,9358
27645,3259
27646,1738
27647,4565
27648,0789
27649,9195
27650,3132
27651,3453
27652,5861
27653,1586
27654,0952
27655,1365
27656,6706
27657,2584
27658,2952
27659,2176
27660,0426
27661,9182
27662,0770
27663,5188
27664,6224
27665,8877
27666,0423
27667,7405
27668,6654
27669,4125
27670,7901
27671,9239
27672,5287
27673,6097
27674,9696
27675,8328
27676,7030
27677,9019
27678,0700
27679,8063
27680,7332
27681,2586
27682,6372
27683,9983
27684,4178
27685,5265
27686,6787
27687,0542
27688,0937
27689,1428
27690,6685
27691,0863
27692,4571
27693,3819
27694,6311
27695,8191
27696,6312
27697,7161
27698,0082
27699,0072
27700,0533
27701,7519
27702,8909
27703,9501
27704,9594
27705,8192
27706,6767
27707,0160
27708,6463
27709,8087
27710,1362
27711,4492
27712,5138
27713,0325
27714,1760
27715,9569
27716,4213
27717,5043
27718,2096
27719,5070
27720,3864
27721,0883
27722,5356
27723,7508
27724,7897
27725,9999
27726,4544
27727,6037
27728,7034
27729,0757
27730,5163
27731,5668
27732,2923
27733,2991
27734,5721
27735,2642
27736,9167
27737,2289
27738,4672
27739,7466
27740,2513
27741,7090
27742,0910
27743,2549
27744,0567
27745,8616
27746,9207
27747,5593
27748,5682
27749,9154
27750,0534
27751,6246
27752,3316
27753,8479
27754,3899
27755,8844
27756,1466
27757,5800
27758,5993
27759,1745
27760,9483
27761,1765
27762,9999
27763,0336
27764,5336
27765,8422
27766,1963
27767,7710
27768,3930
27769,1453
27770,3005
27771,7257
27772,4561
27773,2020
27774,3498
27775,6485
27776,2375
27777,3719
27778,0794
27779,5319
27780,2083
27781,7610
27782,5569
27783,8360
27784,0493
27785,0714
27786,6166
27787,9548
27788,0877
27789,8340
27790,6132
27791,2638
27792,9856
27793,7797
27794,3710
27795,0000
27796,2987
27797,2273
27798,9517
27799,6102
27800,5600
27801,0469
27802,7921
27803,0256
27804,6871
27805,6666
27806,0262
27807,9143
27808,0141
27809,4335
27810,5396
27811,3095
27812,8290
27813,4382
27814,0951
27815,1413
27816,7993
27817,8863
27818,2959
27819,3364
27820,7348
27821,6200
27822,9966
27823,8612
27824,3164
27825,5256
27826,0639
27827,4958
27828,9324
27829,2850
27830,8148
27831,8013
27832,3143
27833,1437
27834,2975
27835,3346
27836,8383
27837,8430
27838,1033
27839,5309
27840,3287
27841,6990
27842,7201
27843,1318
27844,1798
27845,4936
27846,6966
27847,2560
27848,3619
27849,2702
27850,9428
27851,2626
27852,4995
27853,1884
27854,0949
27855,5990
27856,7215
27857,9954
27858,3067
27859,1905
27860,3811
27861,6398
27862,7132
27863,8564
27864,3810
27865,7485
27866,3707
27867,4672
27868,7158
27869,7590
27870,1563
27871,0446
27872,0772
27873,0053
27874,5229
27875,4618
27876,5246
27877,8310
27878,3326
27879,1591
27880,7113
27881,0175
27882,0340
27883,7283
27884,0624
27885,6936
27886,4982
27887,8771
27888,6020
27889,9886
27890,2198
27891,3721
27892,6889
27893,0874
27894,6246
27895,2299
27896,1542
27897,7374
27898,4545
27899,4692
27900,7049
27901,5805
27902,1131
27903,3579
27904,2027
27905,9850
27906,8896
27907,4059
27908,1703
27909,4159
27910,3475
27911,6589
27912,7363
27913,0699
27914,7158
27915,5872
27916,1112
27917,9996
27918,1774
27919,0308
27920,2656
27921,1021
27922,0014
27923,8618
27924,7998
27925,7329
27926,5635
27927,1383
27928,0555
27929,4685
27930,9210
27931,1533
27932,2062
27933,8865
27934,5990
27935,4140
27936,9821
27937,5138
27938,3482
27939,6087
27940,9034
27941,0344
27942,9872
27943,3411
27944,3173
27945,2245
27946,5519
27947,9849
27948,5446
27949,6974
27950,5012
27951,8634
27952,1394
27953,9671
27954,3058
27955,6908
27956,9882
27957,0549
27958,6610
27959,0409
27960,9183
27961,4799
27962,1586
27963,0415
27964,6298
27965,0893
27966,0873
27967,1320
27968,9841
27969,0537
27970,4429
27971,1750
27972,0033
27973,5376
27974,0240
27975,6092
27976,6228
27977,8680
27978,4489
27979,1370
27980,8881
27981,3959
27982,0012
27983,8124
27984,2352
27985,0830
27986,6254
27987,1967
27988,5622
27989,9216
27990,9997
27991,7958
27992,7585
27993,0896
27994,2450
27995,7266
27996,5530
27997,9935
27998,4765
27999,6681
28000,9898
28001,0072
28002,6210
28003,6642
28004,6764
28005,6209
28006,5001
28007,8660
28008,4002
28009,1738
28010,8779
28011,7586
28012,8494
28013,9891
28014,2655
28015,8327
28016,8339
28017,7453
28018,1342
28019,4181
28020,7115
28021,6408
28022,2374
28023,3285
28024,9112
28025,2604
28026,7022
28027,5428
28028,6192
28029,8609
28030,1482
28031,6482
28032,6109
28033,9221
28034,0998
28035,2481
28036,4888
28037,1334
28038,7863
28039,0777
28040,9837
28041,2328
28042,0416
28043,6358
28044,9877
28045,0791
28046,6612
28047,6793
28048,9334
28049,9838
28050,1861
28051,0452
28052,0986
28053,8309
28054,5276
28055,8268
28056,4327
28057,5308
28058,4229
28059,7775
28060,9394
28061,4040
28062,1991
28063,9949
28064,2128
28065,8621
28066,7613
28067,1576
28068,4390
28069,3069
28070,9167
28071,2728
28072,0155
28073,8417
28074,0029
28075,9438
28076,6748
28077,6563
28078,9153
28079,3011
28080,2645
28081,2068
28082,7695
28083,0491
28084,2005
28085,4448
28086,7323
28087,5892
28088,1490
28089,1660
28090,2031
28091,9472
28092,1045
28093,3487
28094,5973
28095,3979
28096,9081
28097,1852
28098,6581
28099,5106
28100,9217
28101,8572
28102,3853
28103,4194
28104,1531
28105,6958
28106,7054
28107,9559
28108,8565
28109,5325
28110,5076
28111,5204
28112,6443
28113,8843
28114,7139
28115,0768
28116,9991
28117,0757
28118,0186
28119,0897
28120,9987
28121,0251
28122,5926
28123,1023
28124,2139
28125,5491
28126,5149
28127,4494
28128,5843
28129,7941
28130,4537
28131,1972
28132,9370
28133,9210
28134,2924
28135,7432
28136,8483
28137,9960
28138,4015
28139,3025
28140,6569
28141,8292
28142,0229
28143,6754
28144,2920
28145,4910
28146,5295
28147,6430
28148,8940
28149,9004
28150,4532
28151,9933
28152,5237
28153,4585
28154,8284
28155,0848
28156,3161
28157,8420
28158,8600
28159,0740
28160,8355
28161,2896
28162,2034
28163,0312
28164,0679
28165,4669
28166,2912
28167,5609
28168,1502
28169,0002
28170,4661
28171,9726
28172,4411
28173,2739
28174,0312
28175,6927
28176,1259
28177,9459
28178,0030
28179,9920
28180,4240
28181,0704
28182,8168
28183,4203
28184,4331
28185,3602
28186,5438
28187,9976
28188,7379
28189,5041
28190,5463
28191,1038
28192,7003
28193,0986
28194,1040
28195,7213
28196,6395
28197,9525
28198,1548
28199,4966
28200,8666
28201,1718
28202,7616
28203,7419
28204,8952
28205,7495
28206,4149
28207,4275
28208,6828
28209,3954
28210,3154
28211,7115
28212,3259
28213,0695
28214,4495
28215,4705
28216,7025
28217,4056
28218,0185
28219,5868
28220,2607
28221,8663
28222,0071
28223,9899
28224,7744
28225,7705
28226,2749
28227,0547
28228,2844
28229,2077
28230,9342
28231,3971
28232,4963
28233,3442
28234,4938
28235,1196
28236,6218
28237,4726
28238,7210
28239,6645
28240,9428
28241,6324
28242,3332
28243,9417
28244,5820
28245,8387
28246,8447
28247,1460
28248,4032
28249,6035
28250,4076
28251,5875
28252,2664
28253,0399
28254,9725
28255,9521
28256,0325
28257,5794
28258,3970
28259,1222
28260,7124
28261,2207
28262,9616
28263,2048
28264,8760
28265,5325
28266,8064
28267,3360
28268,4720
28269,6907
28270,7842
28271,2407
28272,9719
28273,2067
28274,3805
28275,1797
28276,5349
28277,5817
28278,9611
28279,3737
28280,2336
28281,9209
28282,5991
28283,3591
28284,4579
28285,6286
28286,4242
28287,8054
28288,8455
28289,9693
28290,2989
28291,0934
28292,5236
28293,1937
28294,8444
28295,3546
28296,6561
28297,1561
28298,2100
28299,8890
28300,0798
28301,8924
28302,1471
28303,2027
28304,1674
28305,0644
28306,7420
28307,4760
28308,4443
28309,0772
28310,7231
28311,1015
28312,2763
28313,3217
28314,0053
28315,5069
28316,4381
28317,8058
28318,7305
28319,1757
28320,0240
28321,4205
28322,6975
28323,7106
28324,2164
28325,2645
28326,6411
28327,0086
28328,6868
28329,5928
28330,8530
28331,1801
28332,8694
28333,0192
28334,9621
28335,2764
28336,3155
28337,7641
28338,3162
28339,1422
28340,6874
28341,4746
28342,3034
28343,6850
28344,1527
28345,8965
28346,0656
28347,6039
28348,2634
28349,9051
28350,9801
28351,4178
28352,9628
28353,5940
28354,7734
28355,6584
28356,4276
28357,8344
28358,8197
28359,4088
28360,7360
28361,7772
28362,5946
28363,8084
28364,6955
28365,7030
28366,0048
28367,1921
28368,7586
28369,3078
28370,3444
28371,7887
28372,4188
28373,9825
28374,4112
28375,8751
28376,6242
28377,0289
28378,2031
28379,8570
28380,5851
28381,2557
28382,6882
28383,0008
28384,4302
28385,6757
28386,4549
28387,1696
28388,5114
28389,1164
28390,1952
28391,0784
28392,2358
28393,8694
28394,9474
28395,6380
28396,1878
28397,2238
28398,7180
28399,1173
28400,5219
28401,2688
28402,0018
28403,4630
28404,3250
28405,1534
28406,0647
28407,3496
28408,3536
28409,8557
28410,3876
28411,5523
28412,9277
28413,5264
28414,6642
28415,8143
28416,0182
28417,9516
28418,0314
28419,5330
28420,4692
28421,2965
28422,9602
28423,2060
28424,6353
28425,3277
28426,5053
28427,3135
28428,6495
28429,3661
28430,0327
28431,4207
28432,6552
28433,6319
28434,1267
28435,2348
28436,4203
28437,2237
28438,1479
28439,5023
28440,8788
28441,9338
28442,6091
28443,0853
28444,1333
28445,7463
28446,3333
28447,3207
28448,3218
28449,9719
28450,0480
28451,7947
28452,5187
28453,1578
28454,8688
28455,7168
28456,3207
28457,1797
28458,0541
28459,5070
28460,9590
28461,7276
28462,7253
28463,9495
28464,4653
28465,3451
28466,3554
28467,4343
28468,7587
28469,5806
28470,1752
28471,4003
28472,0317
28473,0986
28474,5888
28475,1608
28476,7937
28477,8014
28478,6634
28479,3531
28480,5698
28481,6104
28482,3600
28483,2783
28484,6257
28485,5650
28486,3866
28487,7786
28488,6236
28489,5716
28490,7706
28491,0846
28492,8686
28493,8699
28494,1169
28495,5023
28496,7561
28497,2433
28498,1947
28499,2843
28500,2827
28501,0683
28502,7282
28503,8345
28504,4994
28505,9908
28506,3744
28507,6458
28508,0225
28509,2582
28510,0159
28511,2352
28512,0507
28513,4927
28514,6802
28515,0115
28516,0872
28517,0006
28518,8286
28519,4706
28520,1321
28521,9756
28522,3398
28523,7161
28524,0748
28525,6411
28526,6034
28527,2856
28528,3448
28529,5746
28530,4049
28531,0967
28532,3551
28533,8241
28534,2852
28535,1122
28536,3016
28537,0576
28538,9704
28539,6411
28540,3186
28541,3727
28542,0402
28543,7763
28544,8211
28545,8812
28546,1263
28547,9777
28548,8037
28549,3850
28550,9654
28551,3699
28552,4142
28553,2691
28554,3098
28555,8729
28556,9872
28557,8225
28558,3186
28559,7618
28560,9202
28561,2993
28562,1921
28563,9045
28564,2944
28565,9564
28566,5782
28567,4930
28568,2628
28569,4631
28570,6756
28571,9933
28572,2702
28573,3913
28574,8785
28575,6221
28576,7168
28577,8267
28578,3932
28579,4165
28580,1484
28581,2620
28582,3676
28583,4794
28584,8391
28585,4791
28586,7643
28587,3757
28588,0806
28589,5389
28590,7201
28591,7383
28592,8741
28593,2163
28594,3684
28595,1689
28596,6826
28597,6284
28598,2922
28599,9549
28600,8573
28601,9736
28602,6367
28603,5936
28604,2514
28605,5811
28606,2302
28607,4614
28608,0767
28609,5397
28610,0230
28611,4879
28612,7548
28613,5116
28614,1262
28615,8399
28616,8654
28617,4260
28618,7990
28619,0553
28620,5922
28621,9887
28622,0344
28623,6404
28624,5777
28625,7962
28626,8923
28627,1941
28628,8534
28629,2451
28630,8358
28631,3532
28632,5994
28633,1641
28634,0233
28635,0619
28636,7144
28637,5141
28638,8672
28639,8514
28640,7745
28641,1445
28642,6684
28643,8316
28644,3545
28645,0110
28646,0539
28647,6124
28648,5352
28649,7870
28650,7041
28651,4491
28652,2207
28653,9904
28654,9928
28655,8410
28656,2091
28657,7463
28658,5464
28659,6117
28660,8678
28661,9292
28662,6424
28663,6597
28664,5694
28665,7217
28666,6527
28667,8887
28668,4719
28669,3305
28670,6389
28671,9927
28672,1929
28673,8743
28674,8147
28675,9081
28676,4690
28677,5504
28678,1494
28679,4745
28680,4507
28681,3872
28682,4019
28683,4836
28684,6805
28685,8527
28686,5359
28687,5197
28688,6988
28689,5611
28690,6956
28691,8633
28692,4965
28693,5124
28694,2134
28695,4667
28696,1136
28697,0914
28698,4231
28699,2463
28700,7034
28701,8354
28702,3078
28703,7640
28704,8507
28705,8506
28706,1283
28707,0644
28708,4267
28709,4305
28710,1725
28711,5128
28712,7191
28713,5763
28714,4161
28715,1185
28716,9694
28717,1662
28718,5750
28719,2067
28720,8585
28721,8607
28722,3574
28723,9604
28724,4050
28725,0188
28726,4324
28727,2510
28728,5918
28729,6006
28730,2493
28731,6823
28732,6604
28733,4148
28734,2292
28735,6957
28736,3202
28737,5357
28738,4940
28739,5206
28740,1205
28741,4370
28742,6802
28743,4677
28744,9440
28745,5985
28746,9887
28747,1266
28748,0352
28749,9082
28750,1474
28751,5441
28752,0222
28753,8011
28754,8648
28755,3468
28756,1332
28757,9902
28758,4287
28759,0183
28760,6019
28761,4901
28762,2699
28763,9950
28764,2342
28765,2765
28766,7641
28767,8945
28768,1715
28769,7739
28770,2079
28771,7804
28772,8249
28773,8079
28774,8489
28775,9392
28776,0829
28777,5690
28778,0848
28779,2060
28780,9280
28781,5934
28782,9654
28783,3706
28784,6693
28785,8737
28786,7557
28787,5332
28788,3629
28789,1585
28790,3140
28791,7380
28792,8446
28793,7815
28794,4955
28795,7146
28796,1393
28797,5719
28798,7834
28799,9152
28800,2325
28801,5053
28802,3993
28803,8537
28804,9365
28805,1965
28806,0756
28807,9240
28808,6881
28809,8933
28810,8217
28811,1242
28812,7834
28813,9514
28814,1517
28815,6135
28816,7233
28817,9420
28818,0213
28819,6260
28820,2136
28821,1605
28822,5100
28823,9182
28824,2313
28825,0588
28826,7965
28827,3949
28828,8257
28829,6143
28830,2178
28831,7867
28832,1761
28833,0415
28834,6950
28835,7252
28836,4698
28837,6242
28838,3452
28839,7793
28840,7887
28841,1759
28842,3422
28843,8577
28844,2879
28845,3176
28846,2064
28847,1108
28848,1956
28849,0195
28850,7732
28851,5185
28852,9457
28853,3088
28854,6594
28855,4930
28856,0864
28857,6843
28858,0082
28859,7176
28860,3318
28861,2384
28862,8088
28863,9559
28864,0151
28865,4276
28866,8457
28867,6808
28868,3367
28869,8528
28870,2474
28871,8486
28872,1835
28873,2354
28874,5755
28875,2449
28876,1197
28877,7078
28878,9693
28879,0523
28880,6011
28881,0692
28882,5184
28883,6529
28884,9170
28885,1792
28886,3952
28887,8560
28888,3020
28889,1785
28890,5616
28891,1947
28892,2772
28893,3549
28894,3365
28895,7355
28896,3473
28897,3226
28898,8710
28899,5142
28900,7355
28901,7450
28902,3673
28903,8149
28904,4283
28905,6758
28906,7514
28907,4048
28908,9314
28909,7119
28910,5435
28911,2086
28912,5691
28913,2450
28914,1180
28915,4488
28916,9353
28917,1433
28918,6538
28919,5472
28920,0575
28921,5843
28922,8432
28923,1787
28924,8986
28925,2408
28926,1613
28927,1243
28928,9393
28929,8012
28930,0072
28931,0091
28932,7274
28933,8164
28934,4184
28935,4727
28936,9990
28937,3802
28938,2942
28939,8978
28940,2776
28941,3275
28942,3013
28943,9529
28944,8688
28945,7137
28946,6844
28947,4811
28948,7202
28949,6832
28950,4627
28951,1517
28952,3682
28953,7971
28954,2857
28955,2726
28956,2883
28957,4535
28958,1328
28959,3043
28960,7671
28961,2338
28962,2430
28963,5564
28964,3931
28965,0464
28966,1214
28967,8515
28968,8563
28969,5160
28970,3690
28971,1269
28972,7051
28973,1794
28974,7458
28975,4628
28976,9816
28977,6588
28978,9917
28979,8142
28980,9543
28981,0845
28982,2390
28983,1540
28984,9175
28985,9335
28986,1992
28987,6661
28988,0073
28989,4251
28990,8727
28991,1857
28992,1897
28993,3614
28994,7084
28995,6994
28996,0881
28997,7183
28998,4210
28999,8753
29000,2674
29001,8146
29002,5050
29003,0864
29004,6481
29005,9704
29006,9142
29007,9886
29008,6610
29009,7504
29010,1535
29011,0000
29012,2227
29013,9365
29014,5180
29015,3851
29016,3071
29017,2299
29018,1219
29019,1216
29020,3339
29021,1005
29022,6747
29023,0121
29024,3001
29025,6668
29026,5906
29027,8529
29028,0590
29029,5696
29030,6409
29031,1666
29032,1564
29033,0187
29034,4139
29035,4089
29036,3383
29037,5837
29038,9715
29039,3143
29040,7571
29041,1735
29042,8300
29043,6957
29044,6984
29045,0380
29046,6542
29047,2896
29048,5663
29049,4029
29050,4679
29051,9135
29052,1116
29053,5223
29054,1959
29055,2092
29056,3197
29057,1304
29058,2540
29059,9880
29060,2643
29061,4933
29062,6143
29063,2491
29064,6382
29065,9291
29066,0463
29067,0748
29068,2392
29069,8528
29070,0022
29071,1802
29072,0043
29073,3447
29074,8304
29075,6558
29076,0026
29077,0638
29078,5652
29079,8272
29080,7308
29081,9564
29082,1642
29083,6508
29084,4997
29085,6871
29086,4330
29087,0541
29088,7987
29089,0862
29090,8657
29091,4819
29092,0025
29093,6884
29094,1643
29095,0588
29096,7312
29097,6697
29098,9267
29099,7784
29100,7473
29101,0245
29102,2200
29103,9279
29104,4729
29105,5614
29106,0663
29107,3926
29108,5182
29109,7522
29110,3500
29111,7639
29112,3291
29113,5561
29114,1548
29115,4536
29116,2520
29117,2332
29118,8818
29119,1532
29120,3744
29121,4249
29122,9347
29123,0225
29124,5435
29125,9625
29126,6319
29127,2574
29128,9761
29129,3795
29130,1894
29131,3057
29132,1828
29133,8438
29134,8174
29135,3196
29136,0349
29137,1914
29138,6179
29139,9913
29140,1161
29141,1786
29142,9378
29143,6463
29144,7584
29145,1525
29146,3777
29147,1154
29148,6488
29149,2029
29150,0314
29151,6611
29152,5432
29153,5556
29154,9947
29155,8022
29156,6669
29157,6354
29158,6206
29159,5531
29160,5519
29161,0283
29162,2340
29163,3548
29164,6501
29165,8316
29166,1869
29167,0784
29168,9416
29169,9161
29170,9685
29171,2721
29172,2590
29173,2567
29174,9936
29175,7584
29176,6568
29177,9700
29178,2150
29179,7679
29180,5076
29181,4514
29182,7905
29183,0344
29184,8065
29185,8736
29186,0860
29187,8984
29188,6348
29189,0889
29190,6785
29191,8021
29192,0253
29193,9528
29194,8890
29195,6760
29196,8345
29197,0942
29198,2834
29199,6547
29200,4008
29201,0437
29202,2536
29203,4768
29204,4056
29205,8617
29206,0042
29207,3723
29208,4027
29209,5734
29210,0452
29211,3756
29212,8468
29213,7861
29214,3481
29215,2264
29216,3527
29217,9498
29218,8111
29219,4917
29220,8598
29221,8837
29222,5148
29223,3489
29224,8374
29225,8609
29226,6122
29227,6182
29228,4777
29229,5887
29230,7732
29231,4648
29232,3685
29233,6579
29234,7639
29235,3208
29236,5555
29237,6090
29238,2562
29239,0459
29240,9839
29241,8438
29242,9386
29243,0697
29244,1450
29245,0751
29246,0008
29247,8948
29248,1711
29249,4994
29250,5183
29251,9688
29252,0321
29253,3162
29254,6491
29255,2800
29256,2773
29257,5903
29258,3595
29259,0758
29260,6394
29261,3307
29262,3433
29263,7368
29264,9800
29265,0362
29266,2579
29267,9270
29268,3720
29269,7708
29270,8368
29271,1423
29272,6611
29273,8584
29274,1010
29275,4278
29276,9178
29277,9404
29278,9880
29279,1723
29280,2158
29281,9092
29282,7105
29283,0016
29284,9620
29285,2948
29286,9424
29287,9155
29288,9611
29289,8284
29290,8538
29291,0043
29292,8949
29293,8444
29294,1095
29295,5896
29296,3542
29297,6314
29298,1254
29299,1216
29300,8431
29301,9590
29302,2857
29303,6786
29304,9108
29305,0298
29306,7529
29307,6036
29308,1818
29309,5779
29310,8571
29311,0196
29312,1007
29313,7298
29314,5340
29315,0500
29316,2192
29317,1946
29318,4477
29319,4278
29320,4559
29321,4680
29322,0005
29323,1736
29324,3872
29325,3048
29326,5077
29327,9038
29328,5403
29329,0339
29330,8088
29331,1998
29332,2828
29333,3944
29334,8201
29335,2108
29336,3817
29337,3627
29338,8970
29339,5947
29340,9392
29341,5191
29342,2885
29343,5038
29344,6663
29345,0798
29346,3204
29347,4181
29348,4175
29349,8295
29350,6655
29351,9066
29352,7804
29353,4107
29354,8128
29355,2921
29356,2301
29357,9965
29358,6554
29359,2489
29360,4451
29361,6385
29362,0439
29363,0345
29364,2430
29365,6705
29366,9292
29367,0399
29368,1070
29369,1580
29370,5385
29371,4494
29372,9895
29373,2078
29374,6606
29375,9219
29376,1559
29377,5353
29378,7004
29379,8894
29380,8721
29381,5058
29382,7799
29383,9768
29384,2064
29385,0732
29386,8759
29387,2884
29388,6535
29389,5052
29390,6815
29391,2288
29392,0607
29393,8313
29394,8887
29395,7678
29396,4986
29397,1423
29398,2108
29399,2856
29400,2574
29401,7068
29402,8216
29403,7179
29404,1318
29405,4892
29406,1267
29407,1298
29408,2766
29409,5973
29410,6463
29411,2213
29412,6528
29413,7751
29414,6641
29415,7157
29416,8122
29417,3211
29418,5176
29419,4075
29420,3547
29421,3242
29422,8295
29423,9058
29424,3762
29425,5218
29426,1421
29427,0591
29428,0314
29429,7070
29430,5900
29431,8499
29432,1552
29433,3497
29434,5294
29435,2608
29436,0946
29437,3778
29438,1148
29439,5082
29440,1756
29441,5496
29442,0203
29443,1853
29444,4757
29445,6776
29446,5435
29447,6640
29448,6342
29449,2145
29450,6342
29451,1002
29452,2406
29453,6966
29454,6866
29455,9075
29456,3793
29457,3063
29458,2832
29459,5801
29460,0529
29461,1593
29462,8383
29463,8290
29464,8377
29465,8251
29466,1346
29467,1947
29468,6525
29469,2199
29470,7494
29471,3787
29472,6121
29473,4393
29474,5864
29475,2859
29476,3675
29477,6766
29478,5435
29479,1814
29480,3303
29481,6428
29482,3853
29483,6986
29484,2190
29485,8173
29486,8911
29487,4638
29488,5193
29489,3314
29490,6782
29491,7168
29492,3329
29493,1276
29494,0348
29495,5169
29496,6762
29497,9121
29498,1249
29499,1888
29500,7729
29501,1507
29502,4610
29503,7089
29504,1499
29505,1548
29506,7346
29507,8588
29508,5628
29509,3930
29510,6347
29511,4017
29512,1470
29513,0060
29514,7846
29515,2816
29516,6242
29517,7203
29518,4323
29519,4342
29520,7776
29521,9766
29522,9388
29523,0169
29524,0406
29525,2848
29526,7321
29527,4502
29528,8487
29529,9803
29530,4587
29531,3606
29532,8194
29533,1627
29534,7288
29535,9344
29536,2084
29537,0711
29538,2711
29539,8706
29540,9646
29541,0276
29542,6102
29543,4135
29544,3435
29545,4188
29546,3860
29547,0827
29548,5659
29549,0673
29550,1146
29551,6701
29552,3402
29553,4816
29554,0559
29555,8528
29556,9195
29557,5170
29558,3696
29559,8374
29560,9289
29561,9890
29562,4263
29563,3438
29564,5547
29565,2519
29566,1456
29567,0323
29568,9683
29569,1163
29570,1652
29571,7315
29572,7071
29573,3332
29574,8718
29575,4483
29576,2822
29577,7862
29578,0118
29579,4036
29580,5681
29581,7343
29582,4400
29583,3918
29584,9359
29585,5218
29586,9873
29587,4894
29588,9402
29589,0369
29590,4069
29591,8162
29592,5172
29593,0235
29594,3466
29595,0661
29596,0898
29597,7514
29598,0028
29599,4721
29600,0848
29601,2447
29602,6256
29603,5212
29604,0453
29605,1707
29606,3424
29607,3169
29608,8612
29609,3429
29610,4771
29611,3950
29612,1539
29613,0718
29614,1430
29615,6519
29616,9654
29617,3647
29618,3052
29619,8396
29620,8174
29621,2489
29622,0065
29623,9266
29624,3947
29625,5386
29626,2726
29627,6587
29628,5350
29629,0269
29630,4129
29631,1145
29632,9273
29633,1780
29634,0605
29635,6905
29636,2323
29637,6153
29638,6655
29639,7272
29640,3880
29641,3301
29642,8374
29643,8735
29644,5810
29645,2628
29646,5493
29647,7919
29648,1280
29649,5602
29650,2770
29651,0763
29652,4265
29653,9122
29654,3598
29655,0908
29656,1520
29657,1823
29658,9993
29659,8693
29660,2568
29661,2130
29662,6798
29663,1040
29664,0870
29665,9990
29666,0286
29667,1923
29668,9260
29669,7799
29670,5823
29671,7357
29672,5391
29673,9944
29674,7782
29675,6155
29676,2532
29677,0703
29678,8498
29679,0105
29680,5599
29681,9958
29682,9362
29683,4603
29684,2441
29685,8332
29686,2158
29687,6765
29688,0569
29689,7734
29690,8442
29691,0511
29692,4153
29693,6362
29694,0113
29695,8240
29696,5997
29697,3692
29698,7449
29699,3724
29700,6544
29701,4999
29702,5806
29703,0046
29704,6595
29705,7113
29706,8758
29707,5308
29708,6510
29709,7464
29710,2313
29711,9432
29712,0571
29713,3527
29714,2178
29715,8061
29716,3619
29717,6537
29718,7942
29719,4519
29720,3043
29721,9003
29722,2468
29723,7168
29724,3361
29725,3023
29726,6072
29727,2704
29728,6119
29729,5806
29730,2677
29731,6578
29732,2881
29733,4429
29734,4318
29735,7412
29736,1138
29737,9146
29738,4442
29739,0317
29740,1174
29741,6411
29742,2241
29743,8858
29744,8455
29745,0221
29746,7677
29747,2460
29748,9845
29749,5980
29750,5488
29751,8012
29752,5585
29753,3491
29754,5113
29755,7093
29756,1718
29757,9537
29758,9178
29759,1339
29760,1780
29761,8369
29762,8268
29763,3478
29764,9546
29765,1731
29766,8087
29767,1436
29768,4255
29769,9267
29770,2888
29771,6178
29772,2940
29773,3597
29774,5918
29775,7354
29776,5693
29777,1913
29778,4703
29779,5009
29780,8940
29781,1717
29782,9404
29783,5065
29784,7517
29785,1744
29786,1202
29787,8866
29788,9780
29789,6218
29790,8423
29791,8343
29792,0393
29793,1049
29794,3929
29795,3683
29796,3983
29797,2835
29798,9714
29799,1943
29800,6666
29801,8742
29802,9525
29803,3002
29804,0905
29805,4482
29806,2975
29807,5578
29808,8590
29809,1930
29810,9425
29811,1680
29812,8415
29813,3379
29814,4063
29815,4194
29816,1950
29817,2170
29818,2483
29819,6297
29820,5564
29821,9084
29822,8186
29823,9946
29824,2887
29825,7308
29826,4322
29827,7959
29828,5202
29829,9145
29830,6315
29831,5383
29832,7843
29833,1687
29834,4186
29835,2501
29836,4083
29837,2718
29838,4656
29839,8630
29840,9647
29841,5125
29842,8769
29843,0044
29844,8693
29845,8031
29846,7384
29847,9515
29848,4833
29849,8073
29850,3323
29851,9931
29852,2810
29853,9592
29854,3350
29855,3958
29856,5000
29857,7686
29858,1291
29859,1389
29860,0989
29861,7751
29862,0991
29863,6701
29864,0654
29865,5110
29866,4435
29867,1684
29868,5244
29869,6951
29870,0999
29871,6161
29872,3980
29873,2373
29874,7074
29875,5756
29876,2129
29877,6981
29878,9718
29879,1418
29880,7743
29881,3079
29882,4010
29883,7069
29884,7240
29885,0504
29886,4703
29887,2003
29888,3774
29889,7253
29890,2452
29891,8101
29892,6918
29893,4281
29894,8456
29895,3333
29896,5892
29897,1407
29898,8461
29899,6272
29900,3278
29901,7141
29902,8315
29903,8215
29904,6405
29905,4154
29906,0563
29907,3225
29908,7436
29909,3552
29910,7975
29911,9060
29912,5050
29913,1018
29914,3748
29915,1821
29916,4623
29917,1896
29918,8880
29919,7999
29920,4499
29921,8406
29922,4808
29923,9048
29924,5668
29925,5352
29926,4505
29927,4936
29928,0009
29929,9012
29930,1961
29931,4242
29932,9267
29933,1126
29934,6073
29935,8078
29936,4094
29937,3829
29938,5202
29939,4038
29940,8457
29941,8463
29942,1555
29943,6174
29944,8857
29945,4867
29946,0524
29947,9147
29948,8383
29949,7693
29950,7823
29951,9444
29952,6851
29953,8949
29954,8844
29955,1392
29956,3207
29957,0378
29958,1354
29959,1001
29960,3499
29961,6386
29962,6377
29963,8588
29964,0641
29965,2602
29966,3072
29967,4999
29968,5794
29969,3781
29970,6148
29971,4455
29972,2734
29973,8809
29974,9914
29975,4557
29976,8034
29977,9370
29978,4869
29979,9539
29980,8859
29981,0646
29982,5121
29983,8596
29984,7349
29985,9335
29986,1225
29987,2158
29988,4680
29989,9264
29990,6537
29991,8024
29992,4515
29993,6948
29994,8583
29995,4888
29996,4311
29997,3191
29998,6717
29999,7231
30000,4229
